0.000000000000000000e+00,1.000000000000000021e-03,9.963229894638061523e-01,9.961810111999511719e-01,9.893739223480224609e-01,9.974154829978942871e-01,9.997867584228515625e+01,9.993159484863281250e+01,9.998718261718750000e+01,9.993592834472656250e+01,-6.949067115783691406e-03,1.234471797943115234e-03
0.000000000000000000e+00,1.109090909090909224e-02,9.955428242683410645e-01,9.956860542297363281e-01,9.856305718421936035e-01,9.966620802879333496e-01,9.997867584228515625e+01,9.993159484863281250e+01,9.998718261718750000e+01,9.993592834472656250e+01,-9.912252426147460938e-03,9.760260581970214844e-04
0.000000000000000000e+00,2.118181818181818360e-02,9.948974251747131348e-01,9.949042797088623047e-01,9.843625426292419434e-01,9.959419965744018555e-01,9.997867584228515625e+01,9.993159484863281250e+01,9.998718261718750000e+01,9.993592834472656250e+01,-1.053488254547119141e-02,1.037716865539550781e-03
0.000000000000000000e+00,3.127272727272727149e-02,9.942218661308288574e-01,9.942193031311035156e-01,9.829050898551940918e-01,9.955282211303710938e-01,9.997867584228515625e+01,9.993159484863281250e+01,9.998718261718750000e+01,9.993592834472656250e+01,-1.131677627563476562e-02,1.308917999267578125e-03
0.000000000000000000e+00,4.136363636363636631e-02,9.935210943222045898e-01,9.937332868576049805e-01,9.805433750152587891e-01,9.953969120979309082e-01,9.997867584228515625e+01,9.993159484863281250e+01,9.998718261718750000e+01,9.993592834472656250e+01,-1.297771930694580078e-02,1.663625240325927734e-03
0.000000000000000000e+00,5.145454545454546114e-02,9.928373098373413086e-01,9.930742383003234863e-01,9.795756340026855469e-01,9.944618344306945801e-01,9.997867584228515625e+01,9.993159484863281250e+01,9.998718261718750000e+01,9.993592834472656250e+01,-1.326167583465576172e-02,1.387596130371093750e-03
0.000000000000000000e+00,6.154545454545454902e-02,9.921858906745910645e-01,9.925447106361389160e-01,9.739559292793273926e-01,9.943141341209411621e-01,9.997867584228515625e+01,9.993159484863281250e+01,9.998718261718750000e+01,9.993592834472656250e+01,-1.822996139526367188e-02,1.769423484802246094e-03
0.000000000000000000e+00,7.163636363636363691e-02,9.915202856063842773e-01,9.917510151863098145e-01,9.757201671600341797e-01,9.938767552375793457e-01,9.997867584228515625e+01,9.993159484863281250e+01,9.998718261718750000e+01,9.993592834472656250e+01,-1.580011844635009766e-02,2.125740051269531250e-03
0.000000000000000000e+00,8.172727272727273173e-02,9.908462166786193848e-01,9.911997318267822266e-01,9.742159843444824219e-01,9.932497143745422363e-01,9.997867584228515625e+01,9.993159484863281250e+01,9.998718261718750000e+01,9.993592834472656250e+01,-1.663023233413696289e-02,2.049982547760009766e-03
0.000000000000000000e+00,9.181818181818182656e-02,9.901506304740905762e-01,9.907608628273010254e-01,9.669798016548156738e-01,9.929652214050292969e-01,9.997867584228515625e+01,9.993159484863281250e+01,9.998718261718750000e+01,9.993592834472656250e+01,-2.317082881927490234e-02,2.204358577728271484e-03
0.000000000000000000e+00,1.019090909090909214e-01,9.894859194755554199e-01,9.901081323623657227e-01,9.647405743598937988e-01,9.925644993782043457e-01,9.997867584228515625e+01,9.993159484863281250e+01,9.998718261718750000e+01,9.993592834472656250e+01,-2.474534511566162109e-02,2.456367015838623047e-03
0.000000000000000000e+00,1.120000000000000023e-01,9.888151884078979492e-01,9.894043207168579102e-01,9.648905396461486816e-01,9.913413524627685547e-01,9.997867584228515625e+01,9.993159484863281250e+01,9.998718261718750000e+01,9.993592834472656250e+01,-2.392464876174926758e-02,1.937031745910644531e-03
0.000000000000000000e+00,1.220909090909090972e-01,9.881371855735778809e-01,9.887806773185729980e-01,9.597532749176025391e-01,9.911991357803344727e-01,9.997867584228515625e+01,9.993159484863281250e+01,9.998718261718750000e+01,9.993592834472656250e+01,-2.838391065597534180e-02,2.418458461761474609e-03
0.000000000000000000e+00,1.321818181818181781e-01,9.874813556671142578e-01,9.881162047386169434e-01,9.515692591667175293e-01,9.902217984199523926e-01,9.997867584228515625e+01,9.993159484863281250e+01,9.998718261718750000e+01,9.993592834472656250e+01,-3.591209650039672852e-02,2.105593681335449219e-03
0.000000000000000000e+00,1.422727272727272729e-01,9.868078827857971191e-01,9.874566197395324707e-01,9.581247568130493164e-01,9.888669848442077637e-01,9.997867584228515625e+01,9.993159484863281250e+01,9.998718261718750000e+01,9.993592834472656250e+01,-2.868312597274780273e-02,1.410365104675292969e-03
0.000000000000000000e+00,1.523636363636363678e-01,9.868763089179992676e-01,9.868272542953491211e-01,9.540545344352722168e-01,9.884817600250244141e-01,9.997867584228515625e+01,9.993159484863281250e+01,9.998718261718750000e+01,9.993592834472656250e+01,-3.282177448272705078e-02,1.654505729675292969e-03
0.000000000000000000e+00,1.624545454545454626e-01,9.862181544303894043e-01,9.862169027328491211e-01,9.532606601715087891e-01,9.877678751945495605e-01,9.997867584228515625e+01,9.993159484863281250e+01,9.998718261718750000e+01,9.993592834472656250e+01,-3.295749425888061523e-02,1.550972461700439453e-03
0.000000000000000000e+00,1.725454545454545574e-01,9.855709671974182129e-01,9.856433868408203125e-01,9.546554684638977051e-01,9.869362115859985352e-01,9.997867584228515625e+01,9.993159484863281250e+01,9.998718261718750000e+01,9.993592834472656250e+01,-3.091549873352050781e-02,1.292824745178222656e-03
0.000000000000000000e+00,1.826363636363636522e-01,9.849350452423095703e-01,9.848906993865966797e-01,9.491444826126098633e-01,9.854366779327392578e-01,9.997867584228515625e+01,9.993159484863281250e+01,9.998718261718750000e+01,9.993592834472656250e+01,-3.579056262969970703e-02,5.459785461425781250e-04
0.000000000000000000e+00,1.927272727272727471e-01,9.843103885650634766e-01,9.843045473098754883e-01,9.446895718574523926e-01,9.853815436363220215e-01,9.997867584228515625e+01,9.993159484863281250e+01,9.998718261718750000e+01,9.993592834472656250e+01,-3.962081670761108398e-02,1.076996326446533203e-03
0.000000000000000000e+00,2.028181818181818419e-01,9.836416244506835938e-01,9.837548136711120605e-01,9.366690516471862793e-01,9.847053289413452148e-01,9.997867584228515625e+01,9.993159484863281250e+01,9.998718261718750000e+01,9.993592834472656250e+01,-4.697257280349731445e-02,9.505152702331542969e-04
0.000000000000000000e+00,2.129090909090909089e-01,9.829849600791931152e-01,9.832523465156555176e-01,9.340343475341796875e-01,9.832821488380432129e-01,9.997867584228515625e+01,9.993159484863281250e+01,9.998718261718750000e+01,9.993592834472656250e+01,-4.895061254501342773e-02,2.980232238769531250e-05
0.000000000000000000e+00,2.230000000000000038e-01,9.823619127273559570e-01,9.826487898826599121e-01,9.343434572219848633e-01,9.827995896339416504e-01,9.997867584228515625e+01,9.993159484863281250e+01,9.998718261718750000e+01,9.993592834472656250e+01,-4.801845550537109375e-02,1.507997512817382812e-04
0.000000000000000000e+00,2.330909090909090986e-01,9.817056655883789062e-01,9.819862842559814453e-01,9.341892600059509277e-01,9.825118184089660645e-01,9.997867584228515625e+01,9.993159484863281250e+01,9.998718261718750000e+01,9.993592834472656250e+01,-4.751640558242797852e-02,5.255341529846191406e-04
0.000000000000000000e+00,2.431818181818181934e-01,9.810743927955627441e-01,9.814355373382568359e-01,9.289790987968444824e-01,9.804344177246093750e-01,9.997867584228515625e+01,9.993159484863281250e+01,9.998718261718750000e+01,9.993592834472656250e+01,-5.209529399871826172e-02,-1.001119613647460938e-03
0.000000000000000000e+00,2.532727272727272605e-01,9.804176688194274902e-01,9.809296131134033203e-01,9.229430556297302246e-01,9.796363711357116699e-01,9.997867584228515625e+01,9.993159484863281250e+01,9.998718261718750000e+01,9.993592834472656250e+01,-5.747461318969726562e-02,-1.293241977691650391e-03
0.000000000000000000e+00,2.633636363636363553e-01,9.797245860099792480e-01,9.802470803260803223e-01,9.256857633590698242e-01,9.792231321334838867e-01,9.997867584228515625e+01,9.993159484863281250e+01,9.998718261718750000e+01,9.993592834472656250e+01,-5.403882265090942383e-02,-1.023948192596435547e-03
0.000000000000000000e+00,2.734545454545454501e-01,9.790413975715637207e-01,9.796091318130493164e-01,9.182364940643310547e-01,9.775357246398925781e-01,9.997867584228515625e+01,9.993159484863281250e+01,9.998718261718750000e+01,9.993592834472656250e+01,-6.080490350723266602e-02,-2.073407173156738281e-03
0.000000000000000000e+00,2.835454545454545450e-01,9.784032106399536133e-01,9.790208339691162109e-01,9.072136282920837402e-01,9.769091010093688965e-01,9.997867584228515625e+01,9.993159484863281250e+01,9.998718261718750000e+01,9.993592834472656250e+01,-7.118958234786987305e-02,-2.111732959747314453e-03
0.000000000000000000e+00,2.936363636363636398e-01,9.777315258979797363e-01,9.783567786216735840e-01,9.028381705284118652e-01,9.765372276306152344e-01,9.997867584228515625e+01,9.993159484863281250e+01,9.998718261718750000e+01,9.993592834472656250e+01,-7.489335536956787109e-02,-1.819550991058349609e-03
0.000000000000000000e+00,3.037272727272727346e-01,9.771591424942016602e-01,9.775639772415161133e-01,9.082295894622802734e-01,9.762160778045654297e-01,9.997867584228515625e+01,9.993159484863281250e+01,9.998718261718750000e+01,9.993592834472656250e+01,-6.892955303192138672e-02,-1.347899436950683594e-03
0.000000000000000000e+00,3.138181818181818294e-01,9.764937758445739746e-01,9.769353866577148438e-01,9.069525599479675293e-01,9.742956757545471191e-01,9.997867584228515625e+01,9.993159484863281250e+01,9.998718261718750000e+01,9.993592834472656250e+01,-6.954121589660644531e-02,-2.639710903167724609e-03
0.000000000000000000e+00,3.239090909090909243e-01,9.758660793304443359e-01,9.763326644897460938e-01,9.072719812393188477e-01,9.746555685997009277e-01,9.997867584228515625e+01,9.993159484863281250e+01,9.998718261718750000e+01,9.993592834472656250e+01,-6.859409809112548828e-02,-1.677095890045166016e-03
0.000000000000000000e+00,3.340000000000000191e-01,9.752129316329956055e-01,9.755717515945434570e-01,9.019070863723754883e-01,9.745677709579467773e-01,9.997867584228515625e+01,9.993159484863281250e+01,9.998718261718750000e+01,9.993592834472656250e+01,-7.330584526062011719e-02,-1.003980636596679688e-03
0.000000000000000000e+00,3.440909090909091139e-01,9.745402336120605469e-01,9.750967025756835938e-01,8.967567682266235352e-01,9.735785126686096191e-01,9.997867584228515625e+01,9.993159484863281250e+01,9.998718261718750000e+01,9.993592834472656250e+01,-7.778346538543701172e-02,-1.518189907073974609e-03
0.000000000000000000e+00,3.541818181818182087e-01,9.738178253173828125e-01,9.745054244995117188e-01,8.918926715850830078e-01,9.711406230926513672e-01,9.997867584228515625e+01,9.993159484863281250e+01,9.998718261718750000e+01,9.993592834472656250e+01,-8.192515373229980469e-02,-3.364801406860351562e-03
0.000000000000000000e+00,3.642727272727273036e-01,9.731352925300598145e-01,9.739142060279846191e-01,8.934876918792724609e-01,9.733001589775085449e-01,9.997867584228515625e+01,9.993159484863281250e+01,9.998718261718750000e+01,9.993592834472656250e+01,-7.964760065078735352e-02,-6.140470504760742188e-04
0.000000000000000000e+00,3.743636363636363984e-01,9.725360870361328125e-01,9.734216332435607910e-01,8.954924941062927246e-01,9.716806411743164062e-01,9.997867584228515625e+01,9.993159484863281250e+01,9.998718261718750000e+01,9.993592834472656250e+01,-7.704359292984008789e-02,-1.740992069244384766e-03
0.000000000000000000e+00,3.844545454545454932e-01,9.718438386917114258e-01,9.722453951835632324e-01,8.968085050582885742e-01,9.708521366119384766e-01,9.997867584228515625e+01,9.993159484863281250e+01,9.998718261718750000e+01,9.993592834472656250e+01,-7.503533363342285156e-02,-1.393258571624755859e-03
0.000000000000000000e+00,3.945454545454545880e-01,9.712034463882446289e-01,9.718916416168212891e-01,8.963478803634643555e-01,9.698849320411682129e-01,9.997867584228515625e+01,9.993159484863281250e+01,9.998718261718750000e+01,9.993592834472656250e+01,-7.485556602478027344e-02,-2.006709575653076172e-03
0.000000000000000000e+00,4.046363636363636829e-01,9.705623388290405273e-01,9.713967442512512207e-01,8.802484273910522461e-01,9.678126573562622070e-01,9.997867584228515625e+01,9.993159484863281250e+01,9.998718261718750000e+01,9.993592834472656250e+01,-9.031391143798828125e-02,-3.584086894989013672e-03
0.000000000000000000e+00,4.147272727272727222e-01,9.698880910873413086e-01,9.706820249557495117e-01,8.799854516983032227e-01,9.677080512046813965e-01,9.997867584228515625e+01,9.993159484863281250e+01,9.998718261718750000e+01,9.993592834472656250e+01,-8.990263938903808594e-02,-2.973973751068115234e-03
0.000000000000000000e+00,4.248181818181818170e-01,9.692387580871582031e-01,9.699701666831970215e-01,8.758410811424255371e-01,9.654865860939025879e-01,9.997867584228515625e+01,9.993159484863281250e+01,9.998718261718750000e+01,9.993592834472656250e+01,-9.339767694473266602e-02,-4.483580589294433594e-03
0.000000000000000000e+00,4.349090909090909118e-01,9.686324000358581543e-01,9.695110321044921875e-01,8.806284666061401367e-01,9.629585742950439453e-01,9.997867584228515625e+01,9.993159484863281250e+01,9.998718261718750000e+01,9.993592834472656250e+01,-8.800393342971801758e-02,-6.552457809448242188e-03
0.000000000000000000e+00,4.450000000000000067e-01,9.679861068725585938e-01,9.688097834587097168e-01,8.718553781509399414e-01,9.604398012161254883e-01,9.997867584228515625e+01,9.993159484863281250e+01,9.998718261718750000e+01,9.993592834472656250e+01,-9.613072872161865234e-02,-8.369982242584228516e-03
0.000000000000000000e+00,4.550909090909091015e-01,9.672909975051879883e-01,9.679358005523681641e-01,8.825853466987609863e-01,9.609301686286926270e-01,9.997867584228515625e+01,9.993159484863281250e+01,9.998718261718750000e+01,9.993592834472656250e+01,-8.470565080642700195e-02,-7.005631923675537109e-03
0.000000000000000000e+00,4.651818181818181963e-01,9.666223526000976562e-01,9.672513604164123535e-01,8.763840198516845703e-01,9.597894549369812012e-01,9.997867584228515625e+01,9.993159484863281250e+01,9.998718261718750000e+01,9.993592834472656250e+01,-9.023833274841308594e-02,-7.461905479431152344e-03
0.000000000000000000e+00,4.752727272727272911e-01,9.659627676010131836e-01,9.667083621025085449e-01,8.631705641746520996e-01,9.526117444038391113e-01,9.997867584228515625e+01,9.993159484863281250e+01,9.998718261718750000e+01,9.993592834472656250e+01,-1.027922034263610840e-01,-1.409661769866943359e-02
0.000000000000000000e+00,4.853636363636363860e-01,9.652978777885437012e-01,9.660047292709350586e-01,8.657723665237426758e-01,9.523313641548156738e-01,9.997867584228515625e+01,9.993159484863281250e+01,9.998718261718750000e+01,9.993592834472656250e+01,-9.952551126480102539e-02,-1.367336511611938477e-02
0.000000000000000000e+00,4.954545454545454808e-01,9.651511907577514648e-01,9.654834270477294922e-01,8.638463616371154785e-01,9.543631076812744141e-01,9.997867584228515625e+01,9.993159484863281250e+01,9.998718261718750000e+01,9.993592834472656250e+01,-1.013048291206359863e-01,-1.112031936645507812e-02
0.000000000000000000e+00,5.055454545454545201e-01,9.644846320152282715e-01,9.648976325988769531e-01,8.492584228515625000e-01,9.477908611297607422e-01,9.997867584228515625e+01,9.993159484863281250e+01,9.998718261718750000e+01,9.993592834472656250e+01,-1.152262091636657715e-01,-1.710677146911621094e-02
0.000000000000000000e+00,5.156363636363636704e-01,9.638105630874633789e-01,9.641427993774414062e-01,8.412156701087951660e-01,9.463298320770263672e-01,9.997867584228515625e+01,9.993159484863281250e+01,9.998718261718750000e+01,9.993592834472656250e+01,-1.225948929786682129e-01,-1.781296730041503906e-02
0.000000000000000000e+00,5.257272727272727098e-01,9.631325602531433105e-01,9.634488224983215332e-01,8.428254127502441406e-01,9.466269612312316895e-01,9.997867584228515625e+01,9.993159484863281250e+01,9.998718261718750000e+01,9.993592834472656250e+01,-1.203071475028991699e-01,-1.682186126708984375e-02
0.000000000000000000e+00,5.358181818181818601e-01,9.623901844024658203e-01,9.628869295120239258e-01,8.462151288986206055e-01,9.480340480804443359e-01,9.997867584228515625e+01,9.993159484863281250e+01,9.998718261718750000e+01,9.993592834472656250e+01,-1.161750555038452148e-01,-1.485288143157958984e-02
0.000000000000000000e+00,5.459090909090908994e-01,9.616174697875976562e-01,9.620544910430908203e-01,8.437713980674743652e-01,9.443554282188415527e-01,9.997867584228515625e+01,9.993159484863281250e+01,9.998718261718750000e+01,9.993592834472656250e+01,-1.178460717201232910e-01,-1.769906282424926758e-02
0.000000000000000000e+00,5.560000000000000497e-01,9.609521627426147461e-01,9.614929556846618652e-01,8.455337882041931152e-01,9.429740309715270996e-01,9.997867584228515625e+01,9.993159484863281250e+01,9.998718261718750000e+01,9.993592834472656250e+01,-1.154183745384216309e-01,-1.851892471313476562e-02
0.000000000000000000e+00,5.660909090909090891e-01,9.602178335189819336e-01,9.608437418937683105e-01,8.421605825424194336e-01,9.419345259666442871e-01,9.997867584228515625e+01,9.993159484863281250e+01,9.998718261718750000e+01,9.993592834472656250e+01,-1.180572509765625000e-01,-1.890921592712402344e-02
0.000000000000000000e+00,5.761818181818182394e-01,9.595201015472412109e-01,9.602488279342651367e-01,8.423357605934143066e-01,9.346723556518554688e-01,9.997867584228515625e+01,9.993159484863281250e+01,9.998718261718750000e+01,9.993592834472656250e+01,-1.171843409538269043e-01,-2.557647228240966797e-02
0.000000000000000000e+00,5.862727272727272787e-01,9.588333964347839355e-01,9.595497846603393555e-01,8.230032920837402344e-01,9.305414557456970215e-01,9.997867584228515625e+01,9.993159484863281250e+01,9.998718261718750000e+01,9.993592834472656250e+01,-1.358301043510437012e-01,-2.900832891464233398e-02
0.000000000000000000e+00,5.963636363636364290e-01,9.581745266914367676e-01,9.589478373527526855e-01,8.357313275337219238e-01,9.427539110183715820e-01,9.997867584228515625e+01,9.993159484863281250e+01,9.998718261718750000e+01,9.993592834472656250e+01,-1.224431991577148438e-01,-1.619392633438110352e-02
0.000000000000000000e+00,6.064545454545454684e-01,9.575193524360656738e-01,9.583199024200439453e-01,8.169649839401245117e-01,9.313673377037048340e-01,9.997867584228515625e+01,9.993159484863281250e+01,9.998718261718750000e+01,9.993592834472656250e+01,-1.405543684959411621e-01,-2.695256471633911133e-02
0.000000000000000000e+00,6.165454545454546187e-01,9.568248987197875977e-01,9.577904939651489258e-01,8.347806930541992188e-01,9.320898056030273438e-01,9.997867584228515625e+01,9.993159484863281250e+01,9.998718261718750000e+01,9.993592834472656250e+01,-1.220442056655883789e-01,-2.570068836212158203e-02
0.000000000000000000e+00,6.266363636363636580e-01,9.561707973480224609e-01,9.572380781173706055e-01,8.279429078102111816e-01,9.260078072547912598e-01,9.997867584228515625e+01,9.993159484863281250e+01,9.998718261718750000e+01,9.993592834472656250e+01,-1.282278895378112793e-01,-3.123027086257934570e-02
0.000000000000000000e+00,6.367272727272728083e-01,9.554861783981323242e-01,9.565332531929016113e-01,8.258749842643737793e-01,9.207077622413635254e-01,9.997867584228515625e+01,9.993159484863281250e+01,9.998718261718750000e+01,9.993592834472656250e+01,-1.296111941337585449e-01,-3.582549095153808594e-02
0.000000000000000000e+00,6.468181818181818477e-01,9.547787904739379883e-01,9.558457136154174805e-01,8.237486481666564941e-01,9.153638482093811035e-01,9.997867584228515625e+01,9.993159484863281250e+01,9.998718261718750000e+01,9.993592834472656250e+01,-1.310301423072814941e-01,-4.048186540603637695e-02
0.000000000000000000e+00,6.569090909090908870e-01,9.542265534400939941e-01,9.554440975189208984e-01,8.217203617095947266e-01,9.236503243446350098e-01,9.997867584228515625e+01,9.993159484863281250e+01,9.998718261718750000e+01,9.993592834472656250e+01,-1.325061917304992676e-01,-3.179377317428588867e-02
0.000000000000000000e+00,6.670000000000000373e-01,9.535248875617980957e-01,9.546364545822143555e-01,8.010041713714599609e-01,9.077010750770568848e-01,9.997867584228515625e+01,9.993159484863281250e+01,9.998718261718750000e+01,9.993592834472656250e+01,-1.525207161903381348e-01,-4.693537950515747070e-02
0.000000000000000000e+00,6.770909090909090766e-01,9.528473019599914551e-01,9.540519714355468750e-01,7.955763936042785645e-01,9.070479869842529297e-01,9.997867584228515625e+01,9.993159484863281250e+01,9.998718261718750000e+01,9.993592834472656250e+01,-1.572709083557128906e-01,-4.700398445129394531e-02
0.000000000000000000e+00,6.871818181818182270e-01,9.521580934524536133e-01,9.534685611724853516e-01,8.024226427078247070e-01,8.997997045516967773e-01,9.997867584228515625e+01,9.993159484863281250e+01,9.998718261718750000e+01,9.993592834472656250e+01,-1.497354507446289062e-01,-5.366885662078857422e-02
0.000000000000000000e+00,6.972727272727272663e-01,9.514937400817871094e-01,9.530135393142700195e-01,8.019909262657165527e-01,9.060286879539489746e-01,9.997867584228515625e+01,9.993159484863281250e+01,9.998718261718750000e+01,9.993592834472656250e+01,-1.495028138160705566e-01,-4.698485136032104492e-02
0.000000000000000000e+00,7.073636363636364166e-01,9.507578015327453613e-01,9.523624181747436523e-01,7.882933020591735840e-01,8.920583724975585938e-01,9.997867584228515625e+01,9.993159484863281250e+01,9.998718261718750000e+01,9.993592834472656250e+01,-1.624644994735717773e-01,-6.030404567718505859e-02
0.000000000000000000e+00,7.174545454545454559e-01,9.500427246093750000e-01,9.513667225837707520e-01,7.989445924758911133e-01,8.987196683883666992e-01,9.997867584228515625e+01,9.993159484863281250e+01,9.998718261718750000e+01,9.993592834472656250e+01,-1.510981321334838867e-01,-5.264705419540405273e-02
0.000000000000000000e+00,7.275454545454546063e-01,9.493756294250488281e-01,9.508562684059143066e-01,7.966048717498779297e-01,9.046093821525573730e-01,9.997867584228515625e+01,9.993159484863281250e+01,9.998718261718750000e+01,9.993592834472656250e+01,-1.527707576751708984e-01,-4.624688625335693359e-02
0.000000000000000000e+00,7.376363636363636456e-01,9.487215280532836914e-01,9.501528143882751465e-01,8.003555536270141602e-01,9.035459756851196289e-01,9.997867584228515625e+01,9.993159484863281250e+01,9.998718261718750000e+01,9.993592834472656250e+01,-1.483659744262695312e-01,-4.660683870315551758e-02
0.000000000000000000e+00,7.477272727272727959e-01,9.480205178260803223e-01,9.494928121566772461e-01,8.005031347274780273e-01,9.020830392837524414e-01,9.997867584228515625e+01,9.993159484863281250e+01,9.998718261718750000e+01,9.993592834472656250e+01,-1.475173830986022949e-01,-4.740977287292480469e-02
0.000000000000000000e+00,7.578181818181818352e-01,9.472646117210388184e-01,9.487886428833007812e-01,7.748630642890930176e-01,8.868697285652160645e-01,9.997867584228515625e+01,9.993159484863281250e+01,9.998718261718750000e+01,9.993592834472656250e+01,-1.724015474319458008e-01,-6.191891431808471680e-02
0.000000000000000000e+00,7.679090909090909856e-01,9.465550780296325684e-01,9.481105804443359375e-01,7.846543192863464355e-01,8.804106712341308594e-01,9.997867584228515625e+01,9.993159484863281250e+01,9.998718261718750000e+01,9.993592834472656250e+01,-1.619007587432861328e-01,-6.769990921020507812e-02
0.000000000000000000e+00,7.780000000000000249e-01,9.459099173545837402e-01,9.474452733993530273e-01,7.857871055603027344e-01,8.823946714401245117e-01,9.997867584228515625e+01,9.993159484863281250e+01,9.998718261718750000e+01,9.993592834472656250e+01,-1.601228117942810059e-01,-6.505060195922851562e-02
0.000000000000000000e+00,7.880909090909091752e-01,9.451723098754882812e-01,9.468303918838500977e-01,7.822129726409912109e-01,8.820356726646423340e-01,9.997867584228515625e+01,9.993159484863281250e+01,9.998718261718750000e+01,9.993592834472656250e+01,-1.629593372344970703e-01,-6.479471921920776367e-02
0.000000000000000000e+00,7.981818181818182145e-01,9.444044828414916992e-01,9.460195899009704590e-01,7.791916131973266602e-01,8.819365501403808594e-01,9.997867584228515625e+01,9.993159484863281250e+01,9.998718261718750000e+01,9.993592834472656250e+01,-1.652128696441650391e-01,-6.408303976058959961e-02
0.000000000000000000e+00,8.082727272727273649e-01,9.437358379364013672e-01,9.454675316810607910e-01,7.807629704475402832e-01,8.780425786972045898e-01,9.997867584228515625e+01,9.993159484863281250e+01,9.998718261718750000e+01,9.993592834472656250e+01,-1.629728674888610840e-01,-6.742495298385620117e-02
0.000000000000000000e+00,8.183636363636364042e-01,9.428799748420715332e-01,9.448899030685424805e-01,7.673200368881225586e-01,8.692092895507812500e-01,9.997867584228515625e+01,9.993159484863281250e+01,9.998718261718750000e+01,9.993592834472656250e+01,-1.755599379539489746e-01,-7.568061351776123047e-02
0.000000000000000000e+00,8.284545454545454435e-01,9.421930313110351562e-01,9.443982839584350586e-01,7.748389244079589844e-01,8.826740980148315430e-01,9.997867584228515625e+01,9.993159484863281250e+01,9.998718261718750000e+01,9.993592834472656250e+01,-1.673541069030761719e-01,-6.172418594360351562e-02
0.000000000000000000e+00,8.385454545454545938e-01,9.415056705474853516e-01,9.438853859901428223e-01,7.734081745147705078e-01,8.734604716300964355e-01,9.997867584228515625e+01,9.993159484863281250e+01,9.998718261718750000e+01,9.993592834472656250e+01,-1.680974960327148438e-01,-7.042491436004638672e-02
0.000000000000000000e+00,8.486363636363636331e-01,9.407608509063720703e-01,9.428403377532958984e-01,7.716622352600097656e-01,8.706579208374023438e-01,9.997867584228515625e+01,9.993159484863281250e+01,9.998718261718750000e+01,9.993592834472656250e+01,-1.690986156463623047e-01,-7.218241691589355469e-02
0.000000000000000000e+00,8.587272727272727835e-01,9.400291442871093750e-01,9.422096014022827148e-01,7.790339589118957520e-01,8.709042072296142578e-01,9.997867584228515625e+01,9.993159484863281250e+01,9.998718261718750000e+01,9.993592834472656250e+01,-1.609951853752136230e-01,-7.130539417266845703e-02
0.000000000000000000e+00,8.688181818181818228e-01,9.394273161888122559e-01,9.414884448051452637e-01,7.661529779434204102e-01,8.611059784889221191e-01,9.997867584228515625e+01,9.993159484863281250e+01,9.998718261718750000e+01,9.993592834472656250e+01,-1.732743382453918457e-01,-8.038246631622314453e-02
0.000000000000000000e+00,8.789090909090909731e-01,9.387695789337158203e-01,9.409366846084594727e-01,7.667009830474853516e-01,8.707435131072998047e-01,9.997867584228515625e+01,9.993159484863281250e+01,9.998718261718750000e+01,9.993592834472656250e+01,-1.720685958862304688e-01,-7.019317150115966797e-02
0.000000000000000000e+00,8.890000000000000124e-01,9.380083084106445312e-01,9.402870535850524902e-01,7.661625146865844727e-01,8.603520989418029785e-01,9.997867584228515625e+01,9.993159484863281250e+01,9.998718261718750000e+01,9.993592834472656250e+01,-1.718457937240600586e-01,-7.993495464324951172e-02
0.000000000000000000e+00,8.990909090909091628e-01,9.372980594635009766e-01,9.397090673446655273e-01,7.701084613800048828e-01,8.605101704597473145e-01,9.997867584228515625e+01,9.993159484863281250e+01,9.998718261718750000e+01,9.993592834472656250e+01,-1.671895980834960938e-01,-7.919889688491821289e-02
0.000000000000000000e+00,9.091818181818182021e-01,9.368532896041870117e-01,9.393469095230102539e-01,7.541577816009521484e-01,8.554240465164184570e-01,9.997867584228515625e+01,9.993159484863281250e+01,9.998718261718750000e+01,9.993592834472656250e+01,-1.826955080032348633e-01,-8.392286300659179688e-02
0.000000000000000000e+00,9.192727272727273524e-01,9.361602663993835449e-01,9.386510252952575684e-01,7.583397626876831055e-01,8.575132489204406738e-01,9.997867584228515625e+01,9.993159484863281250e+01,9.998718261718750000e+01,9.993592834472656250e+01,-1.778205037117004395e-01,-8.113777637481689453e-02
0.000000000000000000e+00,9.293636363636363917e-01,9.355303049087524414e-01,9.381359219551086426e-01,7.587095499038696289e-01,8.527924418449401855e-01,9.997867584228515625e+01,9.993159484863281250e+01,9.998718261718750000e+01,9.993592834472656250e+01,-1.768207550048828125e-01,-8.534348011016845703e-02
0.000000000000000000e+00,9.394545454545455421e-01,9.348399043083190918e-01,9.375696778297424316e-01,7.498624324798583984e-01,8.448635339736938477e-01,9.997867584228515625e+01,9.993159484863281250e+01,9.998718261718750000e+01,9.993592834472656250e+01,-1.849774718284606934e-01,-9.270614385604858398e-02
0.000000000000000000e+00,9.495454545454545814e-01,9.337295293807983398e-01,9.368857741355895996e-01,7.497878670692443848e-01,8.482500910758972168e-01,9.997867584228515625e+01,9.993159484863281250e+01,9.998718261718750000e+01,9.993592834472656250e+01,-1.839416623115539551e-01,-8.863568305969238281e-02
0.000000000000000000e+00,9.596363636363637317e-01,9.330117106437683105e-01,9.363204240798950195e-01,7.467519640922546387e-01,8.405978083610534668e-01,9.997867584228515625e+01,9.993159484863281250e+01,9.998718261718750000e+01,9.993592834472656250e+01,-1.862597465515136719e-01,-9.572261571884155273e-02
0.000000000000000000e+00,9.697272727272727710e-01,9.324983954429626465e-01,9.359527230262756348e-01,7.448787093162536621e-01,8.422592282295227051e-01,9.997867584228515625e+01,9.993159484863281250e+01,9.998718261718750000e+01,9.993592834472656250e+01,-1.876196861267089844e-01,-9.369349479675292969e-02
0.000000000000000000e+00,9.798181818181818103e-01,9.317837953567504883e-01,9.354039430618286133e-01,7.603920102119445801e-01,8.499614596366882324e-01,9.997867584228515625e+01,9.993159484863281250e+01,9.998718261718750000e+01,9.993592834472656250e+01,-1.713917851448059082e-01,-8.544248342514038086e-02
0.000000000000000000e+00,9.899090909090909607e-01,9.310755133628845215e-01,9.348545074462890625e-01,7.550379037857055664e-01,8.461884260177612305e-01,9.997867584228515625e+01,9.993159484863281250e+01,9.998718261718750000e+01,9.993592834472656250e+01,-1.760376095771789551e-01,-8.866608142852783203e-02
0.000000000000000000e+00,1.000000000000000000e+00,9.303532838821411133e-01,9.343042969703674316e-01,7.463169693946838379e-01,8.364135622978210449e-01,9.997867584228515625e+01,9.993159484863281250e+01,9.998718261718750000e+01,9.993592834472656250e+01,-1.840363144874572754e-01,-9.789073467254638672e-02
1.000000000000000000e+00,1.000000000000000021e-03,9.963204860687255859e-01,9.961979389190673828e-01,9.900463819503784180e-01,9.974246025085449219e-01,9.997867584228515625e+01,9.993159484863281250e+01,9.998718261718750000e+01,9.993592834472656250e+01,-6.274104118347167969e-03,1.226663589477539062e-03
1.000000000000000000e+00,1.109090909090909224e-02,9.958208203315734863e-01,9.958667159080505371e-01,9.864832758903503418e-01,9.969162344932556152e-01,9.997867584228515625e+01,9.993159484863281250e+01,9.998718261718750000e+01,9.993592834472656250e+01,-9.337544441223144531e-03,1.049518585205078125e-03
1.000000000000000000e+00,2.118181818181818360e-02,9.955646395683288574e-01,9.955460429191589355e-01,9.852759838104248047e-01,9.963700771331787109e-01,9.997867584228515625e+01,9.993159484863281250e+01,9.998718261718750000e+01,9.993592834472656250e+01,-1.028865575790405273e-02,8.240342140197753906e-04
1.000000000000000000e+00,3.127272727272727149e-02,9.951432347297668457e-01,9.950299263000488281e-01,9.874144792556762695e-01,9.966028928756713867e-01,9.997867584228515625e+01,9.993159484863281250e+01,9.998718261718750000e+01,9.993592834472656250e+01,-7.728755474090576172e-03,1.572966575622558594e-03
1.000000000000000000e+00,4.136363636363636631e-02,9.947593212127685547e-01,9.947243332862854004e-01,9.839118719100952148e-01,9.964742064476013184e-01,9.997867584228515625e+01,9.993159484863281250e+01,9.998718261718750000e+01,9.993592834472656250e+01,-1.084744930267333984e-02,1.749873161315917969e-03
1.000000000000000000e+00,5.145454545454546114e-02,9.943966865539550781e-01,9.943577051162719727e-01,9.817829728126525879e-01,9.958308935165405273e-01,9.997867584228515625e+01,9.993159484863281250e+01,9.998718261718750000e+01,9.993592834472656250e+01,-1.261371374130249023e-02,1.473188400268554688e-03
1.000000000000000000e+00,6.154545454545454902e-02,9.940073490142822266e-01,9.939134716987609863e-01,9.807021021842956543e-01,9.957554340362548828e-01,9.997867584228515625e+01,9.993159484863281250e+01,9.998718261718750000e+01,9.993592834472656250e+01,-1.330524682998657227e-02,1.841962337493896484e-03
1.000000000000000000e+00,7.163636363636363691e-02,9.936334490776062012e-01,9.937567114830017090e-01,9.789636731147766113e-01,9.953519701957702637e-01,9.997867584228515625e+01,9.993159484863281250e+01,9.998718261718750000e+01,9.993592834472656250e+01,-1.466977596282958984e-02,1.595258712768554688e-03
1.000000000000000000e+00,8.172727272727273173e-02,9.932568669319152832e-01,9.933948516845703125e-01,9.812654256820678711e-01,9.953520894050598145e-01,9.997867584228515625e+01,9.993159484863281250e+01,9.998718261718750000e+01,9.993592834472656250e+01,-1.199144124984741211e-02,1.957237720489501953e-03
1.000000000000000000e+00,9.181818181818182656e-02,9.928764700889587402e-01,9.930139183998107910e-01,9.747802615165710449e-01,9.946939349174499512e-01,9.997867584228515625e+01,9.993159484863281250e+01,9.998718261718750000e+01,9.993592834472656250e+01,-1.809620857238769531e-02,1.680016517639160156e-03
1.000000000000000000e+00,1.019090909090909214e-01,9.924567341804504395e-01,9.925709366798400879e-01,9.795280694961547852e-01,9.944720268249511719e-01,9.997867584228515625e+01,9.993159484863281250e+01,9.998718261718750000e+01,9.993592834472656250e+01,-1.292866468429565430e-02,1.901090145111083984e-03
1.000000000000000000e+00,1.120000000000000023e-01,9.920795559883117676e-01,9.922270178794860840e-01,9.754596352577209473e-01,9.942733049392700195e-01,9.997867584228515625e+01,9.993159484863281250e+01,9.998718261718750000e+01,9.993592834472656250e+01,-1.661992073059082031e-02,2.046287059783935547e-03
1.000000000000000000e+00,1.220909090909090972e-01,9.917172193527221680e-01,9.918735027313232422e-01,9.765819907188415527e-01,9.939076900482177734e-01,9.997867584228515625e+01,9.993159484863281250e+01,9.998718261718750000e+01,9.993592834472656250e+01,-1.513522863388061523e-02,2.034187316894531250e-03
1.000000000000000000e+00,1.321818181818181781e-01,9.913705587387084961e-01,9.913522601127624512e-01,9.743691682815551758e-01,9.939614534378051758e-01,9.997867584228515625e+01,9.993159484863281250e+01,9.998718261718750000e+01,9.993592834472656250e+01,-1.700139045715332031e-02,2.609193325042724609e-03
1.000000000000000000e+00,1.422727272727272729e-01,9.910013675689697266e-01,9.909775853157043457e-01,9.799398183822631836e-01,9.934764504432678223e-01,9.997867584228515625e+01,9.993159484863281250e+01,9.998718261718750000e+01,9.993592834472656250e+01,-1.106154918670654297e-02,2.498865127563476562e-03
1.000000000000000000e+00,1.523636363636363678e-01,9.906241297721862793e-01,9.905694723129272461e-01,9.731529355049133301e-01,9.934951066970825195e-01,9.997867584228515625e+01,9.993159484863281250e+01,9.998718261718750000e+01,9.993592834472656250e+01,-1.747119426727294922e-02,2.925634384155273438e-03
1.000000000000000000e+00,1.624545454545454626e-01,9.902530312538146973e-01,9.902008175849914551e-01,9.742364883422851562e-01,9.933075308799743652e-01,9.997867584228515625e+01,9.993159484863281250e+01,9.998718261718750000e+01,9.993592834472656250e+01,-1.601654291152954102e-02,3.106713294982910156e-03
1.000000000000000000e+00,1.725454545454545574e-01,9.898679256439208984e-01,9.898357391357421875e-01,9.724051356315612793e-01,9.933131933212280273e-01,9.997867584228515625e+01,9.993159484863281250e+01,9.998718261718750000e+01,9.993592834472656250e+01,-1.746279001235961914e-02,3.477454185485839844e-03
1.000000000000000000e+00,1.826363636363636522e-01,9.895243644714355469e-01,9.895261526107788086e-01,9.701056480407714844e-01,9.917557835578918457e-01,9.997867584228515625e+01,9.993159484863281250e+01,9.998718261718750000e+01,9.993592834472656250e+01,-1.941871643066406250e-02,2.229630947113037109e-03
1.000000000000000000e+00,1.927272727272727471e-01,9.891505241394042969e-01,9.891328215599060059e-01,9.715889692306518555e-01,9.924715161323547363e-01,9.997867584228515625e+01,9.993159484863281250e+01,9.998718261718750000e+01,9.993592834472656250e+01,-1.756155490875244141e-02,3.338694572448730469e-03
1.000000000000000000e+00,2.028181818181818419e-01,9.887630343437194824e-01,9.887553453445434570e-01,9.677468538284301758e-01,9.923012256622314453e-01,9.997867584228515625e+01,9.993159484863281250e+01,9.998718261718750000e+01,9.993592834472656250e+01,-2.101618051528930664e-02,3.545880317687988281e-03
1.000000000000000000e+00,2.129090909090909089e-01,9.883939623832702637e-01,9.883819222450256348e-01,9.711416363716125488e-01,9.919099211692810059e-01,9.997867584228515625e+01,9.993159484863281250e+01,9.998718261718750000e+01,9.993592834472656250e+01,-1.725232601165771484e-02,3.527998924255371094e-03
1.000000000000000000e+00,2.230000000000000038e-01,9.880429506301879883e-01,9.880241751670837402e-01,9.694133400917053223e-01,9.913803339004516602e-01,9.997867584228515625e+01,9.993159484863281250e+01,9.998718261718750000e+01,9.993592834472656250e+01,-1.862961053848266602e-02,3.356158733367919922e-03
1.000000000000000000e+00,2.330909090909090986e-01,9.876644015312194824e-01,9.876754879951477051e-01,9.644148945808410645e-01,9.910924434661865234e-01,9.997867584228515625e+01,9.993159484863281250e+01,9.998718261718750000e+01,9.993592834472656250e+01,-2.324950695037841797e-02,3.416955471038818359e-03
1.000000000000000000e+00,2.431818181818181934e-01,9.872735738754272461e-01,9.872552752494812012e-01,9.692925810813903809e-01,9.909672737121582031e-01,9.997867584228515625e+01,9.993159484863281250e+01,9.998718261718750000e+01,9.993592834472656250e+01,-1.798099279403686523e-02,3.711998462677001953e-03
1.000000000000000000e+00,2.532727272727272605e-01,9.868966937065124512e-01,9.868885874748229980e-01,9.665334224700927734e-01,9.911040663719177246e-01,9.997867584228515625e+01,9.993159484863281250e+01,9.998718261718750000e+01,9.993592834472656250e+01,-2.036327123641967773e-02,4.215478897094726562e-03
1.000000000000000000e+00,2.633636363636363553e-01,9.864872694015502930e-01,9.864484071731567383e-01,9.586740732192993164e-01,9.904365539550781250e-01,9.997867584228515625e+01,9.993159484863281250e+01,9.998718261718750000e+01,9.993592834472656250e+01,-2.781319618225097656e-02,3.988146781921386719e-03
1.000000000000000000e+00,2.734545454545454501e-01,9.861208796501159668e-01,9.860433340072631836e-01,9.588423967361450195e-01,9.903289079666137695e-01,9.997867584228515625e+01,9.993159484863281250e+01,9.998718261718750000e+01,9.993592834472656250e+01,-2.727848291397094727e-02,4.285573959350585938e-03
1.000000000000000000e+00,2.835454545454545450e-01,9.857388138771057129e-01,9.856485128402709961e-01,9.550607800483703613e-01,9.902281761169433594e-01,9.997867584228515625e+01,9.993159484863281250e+01,9.998718261718750000e+01,9.993592834472656250e+01,-3.067803382873535156e-02,4.579663276672363281e-03
1.000000000000000000e+00,2.936363636363636398e-01,9.853594303131103516e-01,9.853661656379699707e-01,9.559506773948669434e-01,9.893686175346374512e-01,9.997867584228515625e+01,9.993159484863281250e+01,9.998718261718750000e+01,9.993592834472656250e+01,-2.940875291824340820e-02,4.002451896667480469e-03
1.000000000000000000e+00,3.037272727272727346e-01,9.849959611892700195e-01,9.850831627845764160e-01,9.550652503967285156e-01,9.886537790298461914e-01,9.997867584228515625e+01,9.993159484863281250e+01,9.998718261718750000e+01,9.993592834472656250e+01,-2.993071079254150391e-02,3.570616245269775391e-03
1.000000000000000000e+00,3.138181818181818294e-01,9.846178293228149414e-01,9.847425222396850586e-01,9.581244587898254395e-01,9.888668656349182129e-01,9.997867584228515625e+01,9.993159484863281250e+01,9.998718261718750000e+01,9.993592834472656250e+01,-2.649337053298950195e-02,4.124343395233154297e-03
1.000000000000000000e+00,3.239090909090909243e-01,9.842487573623657227e-01,9.843696355819702148e-01,9.570858478546142578e-01,9.887099862098693848e-01,9.997867584228515625e+01,9.993159484863281250e+01,9.998718261718750000e+01,9.993592834472656250e+01,-2.716290950775146484e-02,4.340350627899169922e-03
1.000000000000000000e+00,3.340000000000000191e-01,9.838570356369018555e-01,9.839971065521240234e-01,9.547780752182006836e-01,9.887460470199584961e-01,9.997867584228515625e+01,9.993159484863281250e+01,9.998718261718750000e+01,9.993592834472656250e+01,-2.907896041870117188e-02,4.748940467834472656e-03
1.000000000000000000e+00,3.440909090909091139e-01,9.834657907485961914e-01,9.836247563362121582e-01,9.571375250816345215e-01,9.883000254631042480e-01,9.997867584228515625e+01,9.993159484863281250e+01,9.998718261718750000e+01,9.993592834472656250e+01,-2.632826566696166992e-02,4.675269126892089844e-03
1.000000000000000000e+00,3.541818181818182087e-01,9.830207228660583496e-01,9.832527041435241699e-01,9.504513144493103027e-01,9.869151115417480469e-01,9.997867584228515625e+01,9.993159484863281250e+01,9.998718261718750000e+01,9.993592834472656250e+01,-3.256940841674804688e-02,3.662407398223876953e-03
1.000000000000000000e+00,3.642727272727273036e-01,9.826629161834716797e-01,9.830651283264160156e-01,9.516248703002929688e-01,9.868481159210205078e-01,9.997867584228515625e+01,9.993159484863281250e+01,9.998718261718750000e+01,9.993592834472656250e+01,-3.103804588317871094e-02,3.782987594604492188e-03
1.000000000000000000e+00,3.743636363636363984e-01,9.822730422019958496e-01,9.827239513397216797e-01,9.540061950683593750e-01,9.872407317161560059e-01,9.997867584228515625e+01,9.993159484863281250e+01,9.998718261718750000e+01,9.993592834472656250e+01,-2.826684713363647461e-02,4.516780376434326172e-03
1.000000000000000000e+00,3.844545454545454932e-01,9.818953871726989746e-01,9.821385741233825684e-01,9.490644931793212891e-01,9.869151115417480469e-01,9.997867584228515625e+01,9.993159484863281250e+01,9.998718261718750000e+01,9.993592834472656250e+01,-3.283089399337768555e-02,4.776537418365478516e-03
1.000000000000000000e+00,3.945454545454545880e-01,9.815255403518676758e-01,9.819832444190979004e-01,9.523554444313049316e-01,9.867298603057861328e-01,9.997867584228515625e+01,9.993159484863281250e+01,9.998718261718750000e+01,9.993592834472656250e+01,-2.917009592056274414e-02,4.746615886688232422e-03
1.000000000000000000e+00,4.046363636363636829e-01,9.811429977416992188e-01,9.815369844436645508e-01,9.504392743110656738e-01,9.850525856018066406e-01,9.997867584228515625e+01,9.993159484863281250e+01,9.998718261718750000e+01,9.993592834472656250e+01,-3.070372343063354492e-02,3.515601158142089844e-03
1.000000000000000000e+00,4.147272727272727222e-01,9.807815551757812500e-01,9.810611009597778320e-01,9.508839249610900879e-01,9.848280549049377441e-01,9.997867584228515625e+01,9.993159484863281250e+01,9.998718261718750000e+01,9.993592834472656250e+01,-2.989763021469116211e-02,3.766953945159912109e-03
1.000000000000000000e+00,4.248181818181818170e-01,9.803956151008605957e-01,9.806881546974182129e-01,9.399442076683044434e-01,9.840387105941772461e-01,9.997867584228515625e+01,9.993159484863281250e+01,9.998718261718750000e+01,9.993592834472656250e+01,-4.045140743255615234e-02,3.350555896759033203e-03
1.000000000000000000e+00,4.349090909090909118e-01,9.800239205360412598e-01,9.802858829498291016e-01,9.471547603607177734e-01,9.838560223579406738e-01,9.997867584228515625e+01,9.993159484863281250e+01,9.998718261718750000e+01,9.993592834472656250e+01,-3.286916017532348633e-02,3.570139408111572266e-03
1.000000000000000000e+00,4.450000000000000067e-01,9.796444177627563477e-01,9.799501895904541016e-01,9.395731687545776367e-01,9.839476346969604492e-01,9.997867584228515625e+01,9.993159484863281250e+01,9.998718261718750000e+01,9.993592834472656250e+01,-4.007124900817871094e-02,3.997445106506347656e-03
1.000000000000000000e+00,4.550909090909091015e-01,9.792524576187133789e-01,9.796168208122253418e-01,9.465680718421936035e-01,9.838277697563171387e-01,9.997867584228515625e+01,9.993159484863281250e+01,9.998718261718750000e+01,9.993592834472656250e+01,-3.268438577651977539e-02,4.210948944091796875e-03
1.000000000000000000e+00,4.651818181818181963e-01,9.788581132888793945e-01,9.792825579643249512e-01,9.472708702087402344e-01,9.834777116775512695e-01,9.997867584228515625e+01,9.993159484863281250e+01,9.998718261718750000e+01,9.993592834472656250e+01,-3.158724308013916016e-02,4.195153713226318359e-03
1.000000000000000000e+00,4.752727272727272911e-01,9.784705042839050293e-01,9.789475202560424805e-01,9.391387104988098145e-01,9.830852746963500977e-01,9.997867584228515625e+01,9.993159484863281250e+01,9.998718261718750000e+01,9.993592834472656250e+01,-3.933179378509521484e-02,4.137754440307617188e-03
1.000000000000000000e+00,4.853636363636363860e-01,9.780483245849609375e-01,9.785786271095275879e-01,9.375047087669372559e-01,9.830320477485656738e-01,9.997867584228515625e+01,9.993159484863281250e+01,9.998718261718750000e+01,9.993592834472656250e+01,-4.054361581802368164e-02,4.453420639038085938e-03
1.000000000000000000e+00,4.954545454545454808e-01,9.784118533134460449e-01,9.783379435539245605e-01,9.376267194747924805e-01,9.823225736618041992e-01,9.997867584228515625e+01,9.993159484863281250e+01,9.998718261718750000e+01,9.993592834472656250e+01,-4.078513383865356445e-02,3.984630107879638672e-03
1.000000000000000000e+00,5.055454545454545201e-01,9.780449271202087402e-01,9.779658913612365723e-01,9.325646758079528809e-01,9.816265702247619629e-01,9.997867584228515625e+01,9.993159484863281250e+01,9.998718261718750000e+01,9.993592834472656250e+01,-4.548025131225585938e-02,3.660678863525390625e-03
1.000000000000000000e+00,5.156363636363636704e-01,9.776855707168579102e-01,9.776321053504943848e-01,9.247925877571105957e-01,9.811434149742126465e-01,9.997867584228515625e+01,9.993159484863281250e+01,9.998718261718750000e+01,9.993592834472656250e+01,-5.289298295974731445e-02,3.511309623718261719e-03
1.000000000000000000e+00,5.257272727272727098e-01,9.773206114768981934e-01,9.773204326629638672e-01,9.202947020530700684e-01,9.810730218887329102e-01,9.997867584228515625e+01,9.993159484863281250e+01,9.998718261718750000e+01,9.993592834472656250e+01,-5.702590942382812500e-02,3.752589225769042969e-03
1.000000000000000000e+00,5.358181818181818601e-01,9.769135713577270508e-01,9.769808650016784668e-01,9.268502593040466309e-01,9.808092117309570312e-01,9.997867584228515625e+01,9.993159484863281250e+01,9.998718261718750000e+01,9.993592834472656250e+01,-5.006331205368041992e-02,3.828346729278564453e-03
1.000000000000000000e+00,5.459090909090908994e-01,9.764893054962158203e-01,9.766740798950195312e-01,9.269773364067077637e-01,9.803567528724670410e-01,9.997867584228515625e+01,9.993159484863281250e+01,9.998718261718750000e+01,9.993592834472656250e+01,-4.951196908950805664e-02,3.682672977447509766e-03
1.000000000000000000e+00,5.560000000000000497e-01,9.761099219322204590e-01,9.762752056121826172e-01,9.249166250228881836e-01,9.801715612411499023e-01,9.997867584228515625e+01,9.993159484863281250e+01,9.998718261718750000e+01,9.993592834472656250e+01,-5.119329690933227539e-02,3.896355628967285156e-03
1.000000000000000000e+00,5.660909090909090891e-01,9.757049083709716797e-01,9.758884906768798828e-01,9.248936176300048828e-01,9.804967641830444336e-01,9.997867584228515625e+01,9.993159484863281250e+01,9.998718261718750000e+01,9.993592834472656250e+01,-5.081129074096679688e-02,4.608273506164550781e-03
1.000000000000000000e+00,5.761818181818182394e-01,9.753486514091491699e-01,9.755374789237976074e-01,9.269773960113525391e-01,9.785652756690979004e-01,9.997867584228515625e+01,9.993159484863281250e+01,9.998718261718750000e+01,9.993592834472656250e+01,-4.837125539779663086e-02,3.027796745300292969e-03
1.000000000000000000e+00,5.862727272727272787e-01,9.749585986137390137e-01,9.750050306320190430e-01,9.200426936149597168e-01,9.774625301361083984e-01,9.997867584228515625e+01,9.993159484863281250e+01,9.998718261718750000e+01,9.993592834472656250e+01,-5.491590499877929688e-02,2.457499504089355469e-03
1.000000000000000000e+00,5.963636363636364290e-01,9.745906591415405273e-01,9.746268987655639648e-01,9.212141036987304688e-01,9.773647785186767578e-01,9.997867584228515625e+01,9.993159484863281250e+01,9.998718261718750000e+01,9.993592834472656250e+01,-5.337655544281005859e-02,2.737879753112792969e-03
1.000000000000000000e+00,6.064545454545454684e-01,9.742299914360046387e-01,9.742091894149780273e-01,9.119501709938049316e-01,9.758967161178588867e-01,9.997867584228515625e+01,9.993159484863281250e+01,9.998718261718750000e+01,9.993592834472656250e+01,-6.227982044219970703e-02,1.687526702880859375e-03
1.000000000000000000e+00,6.165454545454546187e-01,9.738311171531677246e-01,9.737747907638549805e-01,9.233101606369018555e-01,9.785268902778625488e-01,9.997867584228515625e+01,9.993159484863281250e+01,9.998718261718750000e+01,9.993592834472656250e+01,-5.052095651626586914e-02,4.752099514007568359e-03
1.000000000000000000e+00,6.266363636363636580e-01,9.734798073768615723e-01,9.733850955963134766e-01,9.175082445144653320e-01,9.759469032287597656e-01,9.997867584228515625e+01,9.993159484863281250e+01,9.998718261718750000e+01,9.993592834472656250e+01,-5.597156286239624023e-02,2.561807632446289062e-03
1.000000000000000000e+00,6.367272727272728083e-01,9.730966687202453613e-01,9.730262756347656250e-01,9.122798442840576172e-01,9.761468768119812012e-01,9.997867584228515625e+01,9.993159484863281250e+01,9.998718261718750000e+01,9.993592834472656250e+01,-6.081682443618774414e-02,3.120601177215576172e-03
1.000000000000000000e+00,6.468181818181818477e-01,9.727051258087158203e-01,9.726430177688598633e-01,9.112551808357238770e-01,9.754558205604553223e-01,9.997867584228515625e+01,9.993159484863281250e+01,9.998718261718750000e+01,9.993592834472656250e+01,-6.144994497299194336e-02,2.812802791595458984e-03
1.000000000000000000e+00,6.569090909090908870e-01,9.724436998367309570e-01,9.724967479705810547e-01,9.077297449111938477e-01,9.749829173088073730e-01,9.997867584228515625e+01,9.993159484863281250e+01,9.998718261718750000e+01,9.993592834472656250e+01,-6.471395492553710938e-02,2.486169338226318359e-03
1.000000000000000000e+00,6.670000000000000373e-01,9.720883369445800781e-01,9.722692966461181641e-01,8.981473445892333984e-01,9.748545885086059570e-01,9.997867584228515625e+01,9.993159484863281250e+01,9.998718261718750000e+01,9.993592834472656250e+01,-7.394099235534667969e-02,2.585291862487792969e-03
1.000000000000000000e+00,6.770909090909090766e-01,9.717140793800354004e-01,9.717740416526794434e-01,8.978512883186340332e-01,9.747186303138732910e-01,9.997867584228515625e+01,9.993159484863281250e+01,9.998718261718750000e+01,9.993592834472656250e+01,-7.386279106140136719e-02,2.944588661193847656e-03
1.000000000000000000e+00,6.871818181818182270e-01,9.713276624679565430e-01,9.714410901069641113e-01,9.070169925689697266e-01,9.745535254478454590e-01,9.997867584228515625e+01,9.993159484863281250e+01,9.998718261718750000e+01,9.993592834472656250e+01,-6.431066989898681641e-02,3.112435340881347656e-03
1.000000000000000000e+00,6.972727272727272663e-01,9.709552526473999023e-01,9.712474942207336426e-01,9.117065668106079102e-01,9.752243161201477051e-01,9.997867584228515625e+01,9.993159484863281250e+01,9.998718261718750000e+01,9.993592834472656250e+01,-5.924868583679199219e-02,3.976821899414062500e-03
1.000000000000000000e+00,7.073636363636364166e-01,9.705522656440734863e-01,9.707639813423156738e-01,9.039884209632873535e-01,9.745621085166931152e-01,9.997867584228515625e+01,9.993159484863281250e+01,9.998718261718750000e+01,9.993592834472656250e+01,-6.656384468078613281e-02,3.798127174377441406e-03
1.000000000000000000e+00,7.174545454545454559e-01,9.701550602912902832e-01,9.703750610351562500e-01,9.085142612457275391e-01,9.739671349525451660e-01,9.997867584228515625e+01,9.993159484863281250e+01,9.998718261718750000e+01,9.993592834472656250e+01,-6.164079904556274414e-02,3.592073917388916016e-03
1.000000000000000000e+00,7.275454545454546063e-01,9.697929024696350098e-01,9.700174927711486816e-01,9.107588529586791992e-01,9.722858071327209473e-01,9.997867584228515625e+01,9.993159484863281250e+01,9.970212554931640625e+01,9.993376159667968750e+01,-5.903404951095581055e-02,2.268314361572265625e-03
1.000000000000000000e+00,7.376363636363636456e-01,9.694430232048034668e-01,9.696598052978515625e-01,9.024493694305419922e-01,9.726732373237609863e-01,9.997867584228515625e+01,9.993159484863281250e+01,9.998718261718750000e+01,9.993592834472656250e+01,-6.699365377426147461e-02,3.013432025909423828e-03
1.000000000000000000e+00,7.477272727272727959e-01,9.690591096878051758e-01,9.693018198013305664e-01,9.055358171463012695e-01,9.719091653823852539e-01,9.997867584228515625e+01,9.993159484863281250e+01,9.998718261718750000e+01,9.993592834472656250e+01,-6.352329254150390625e-02,2.607345581054687500e-03
1.000000000000000000e+00,7.578181818181818352e-01,9.686287641525268555e-01,9.687982201576232910e-01,9.021015167236328125e-01,9.716660380363464355e-01,9.997867584228515625e+01,9.993159484863281250e+01,9.970384216308593750e+01,9.993376159667968750e+01,-6.652724742889404297e-02,2.867817878723144531e-03
1.000000000000000000e+00,7.679090909090909856e-01,9.682349562644958496e-01,9.683146476745605469e-01,9.013243317604064941e-01,9.714683890342712402e-01,9.997867584228515625e+01,9.993159484863281250e+01,9.998718261718750000e+01,9.993592834472656250e+01,-6.691062450408935547e-02,3.153741359710693359e-03
1.000000000000000000e+00,7.780000000000000249e-01,9.678750634193420410e-01,9.680703282356262207e-01,9.018944501876831055e-01,9.708820581436157227e-01,9.997867584228515625e+01,9.993159484863281250e+01,9.998718261718750000e+01,9.993592834472656250e+01,-6.598061323165893555e-02,2.811729907989501953e-03
1.000000000000000000e+00,7.880909090909091752e-01,9.674750566482543945e-01,9.677060842514038086e-01,9.020243883132934570e-01,9.702935218811035156e-01,9.997867584228515625e+01,9.993159484863281250e+01,9.998718261718750000e+01,9.993592834472656250e+01,-6.545066833496093750e-02,2.587437629699707031e-03
1.000000000000000000e+00,7.981818181818182145e-01,9.670683145523071289e-01,9.672485589981079102e-01,8.981676697731018066e-01,9.714831113815307617e-01,9.997867584228515625e+01,9.993159484863281250e+01,9.998718261718750000e+01,9.993592834472656250e+01,-6.890064477920532227e-02,4.234552383422851562e-03
1.000000000000000000e+00,8.082727272727273649e-01,9.667066335678100586e-01,9.668943285942077637e-01,8.872359395027160645e-01,9.683529734611511230e-01,9.997867584228515625e+01,9.993159484863281250e+01,9.998718261718750000e+01,9.993592834472656250e+01,-7.947069406509399414e-02,1.458644866943359375e-03
1.000000000000000000e+00,8.183636363636364042e-01,9.662690758705139160e-01,9.665515422821044922e-01,8.883997201919555664e-01,9.692758321762084961e-01,9.997867584228515625e+01,9.993159484863281250e+01,9.998718261718750000e+01,9.993592834472656250e+01,-7.786935567855834961e-02,2.724289894104003906e-03
1.000000000000000000e+00,8.284545454545454435e-01,9.658975601196289062e-01,9.662679433822631836e-01,9.014251828193664551e-01,9.708462357521057129e-01,9.997867584228515625e+01,9.993159484863281250e+01,9.998718261718750000e+01,9.993592834472656250e+01,-6.447237730026245117e-02,4.578292369842529297e-03
1.000000000000000000e+00,8.385454545454545938e-01,9.655194282531738281e-01,9.659492969512939453e-01,8.946213722229003906e-01,9.680230021476745605e-01,9.997867584228515625e+01,9.993159484863281250e+01,9.998718261718750000e+01,9.993592834472656250e+01,-7.089805603027343750e-02,2.073705196380615234e-03
1.000000000000000000e+00,8.486363636363636331e-01,9.651079177856445312e-01,9.655899405479431152e-01,9.008044004440307617e-01,9.683793783187866211e-01,9.997867584228515625e+01,9.993159484863281250e+01,9.998718261718750000e+01,9.993592834472656250e+01,-6.430351734161376953e-02,2.789437770843505859e-03
1.000000000000000000e+00,8.587272727272727835e-01,9.646801948547363281e-01,9.652395844459533691e-01,9.007230401039123535e-01,9.685423374176025391e-01,9.997867584228515625e+01,9.993159484863281250e+01,9.998718261718750000e+01,9.993592834472656250e+01,-6.395715475082397461e-02,3.302752971649169922e-03
1.000000000000000000e+00,8.688181818181818228e-01,9.642878174781799316e-01,9.648109078407287598e-01,8.922157287597656250e-01,9.687814116477966309e-01,9.997867584228515625e+01,9.993159484863281250e+01,9.998718261718750000e+01,9.993592834472656250e+01,-7.207208871841430664e-02,3.970503807067871094e-03
1.000000000000000000e+00,8.789090909090909731e-01,9.639225006103515625e-01,9.644725918769836426e-01,8.922314643859863281e-01,9.679732322692871094e-01,9.997867584228515625e+01,9.993159484863281250e+01,9.998718261718750000e+01,9.993592834472656250e+01,-7.169103622436523438e-02,3.500640392303466797e-03
1.000000000000000000e+00,8.890000000000000124e-01,9.634485244750976562e-01,9.641473889350891113e-01,8.914229273796081543e-01,9.681484699249267578e-01,9.997867584228515625e+01,9.993159484863281250e+01,9.998718261718750000e+01,9.993592834472656250e+01,-7.202559709548950195e-02,4.001080989837646484e-03
1.000000000000000000e+00,8.990909090909091628e-01,9.630745053291320801e-01,9.636833667755126953e-01,8.984536528587341309e-01,9.685478806495666504e-01,9.997867584228515625e+01,9.993159484863281250e+01,9.998718261718750000e+01,9.993592834472656250e+01,-6.462085247039794922e-02,4.864513874053955078e-03
1.000000000000000000e+00,9.091818181818182021e-01,9.627478122711181641e-01,9.633221626281738281e-01,8.956772685050964355e-01,9.672127962112426758e-01,9.997867584228515625e+01,9.993159484863281250e+01,9.998718261718750000e+01,9.993592834472656250e+01,-6.707054376602172852e-02,3.890633583068847656e-03
1.000000000000000000e+00,9.192727272727273524e-01,9.623609185218811035e-01,9.629660844802856445e-01,8.935012221336364746e-01,9.673452377319335938e-01,9.997867584228515625e+01,9.993159484863281250e+01,9.998718261718750000e+01,9.993592834472656250e+01,-6.885969638824462891e-02,4.379153251647949219e-03
1.000000000000000000e+00,9.293636363636363917e-01,9.618257880210876465e-01,9.626094102859497070e-01,8.877590298652648926e-01,9.670285582542419434e-01,9.997867584228515625e+01,9.993159484863281250e+01,9.998718261718750000e+01,9.993592834472656250e+01,-7.406675815582275391e-02,4.419147968292236328e-03
1.000000000000000000e+00,9.394545454545455421e-01,9.614281058311462402e-01,9.622517228126525879e-01,8.902022242546081543e-01,9.636823534965515137e-01,9.997867584228515625e+01,9.993159484863281250e+01,9.998718261718750000e+01,9.993592834472656250e+01,-7.122588157653808594e-02,1.430630683898925781e-03
1.000000000000000000e+00,9.495454545454545814e-01,9.609132409095764160e-01,9.618939757347106934e-01,8.941967487335205078e-01,9.642399549484252930e-01,9.997867584228515625e+01,9.993159484863281250e+01,9.998718261718750000e+01,9.993592834472656250e+01,-6.671649217605590820e-02,2.345979213714599609e-03
1.000000000000000000e+00,9.596363636363637317e-01,9.605248570442199707e-01,9.615551233291625977e-01,8.879673480987548828e-01,9.638659954071044922e-01,9.997867584228515625e+01,9.993159484863281250e+01,9.998718261718750000e+01,9.993592834472656250e+01,-7.255750894546508789e-02,2.310872077941894531e-03
1.000000000000000000e+00,9.697272727272727710e-01,9.602489471435546875e-01,9.612267613410949707e-01,8.861187696456909180e-01,9.632349610328674316e-01,9.997867584228515625e+01,9.993159484863281250e+01,9.998718261718750000e+01,9.993592834472656250e+01,-7.413017749786376953e-02,2.008199691772460938e-03
1.000000000000000000e+00,9.798181818181818103e-01,9.598546624183654785e-01,9.608979225158691406e-01,8.951010704040527344e-01,9.640849828720092773e-01,9.997867584228515625e+01,9.993159484863281250e+01,9.998718261718750000e+01,9.993592834472656250e+01,-6.475359201431274414e-02,3.187060356140136719e-03
1.000000000000000000e+00,9.899090909090909607e-01,9.594332575798034668e-01,9.605637788772583008e-01,8.786175847053527832e-01,9.620382189750671387e-01,9.997867584228515625e+01,9.993159484863281250e+01,9.998718261718750000e+01,9.993592834472656250e+01,-8.081567287445068359e-02,1.474440097808837891e-03
1.000000000000000000e+00,1.000000000000000000e+00,9.590220451354980469e-01,9.601039290428161621e-01,8.819398880004882812e-01,9.633685350418090820e-01,9.997867584228515625e+01,9.993159484863281250e+01,9.998718261718750000e+01,9.993592834472656250e+01,-7.708215713500976562e-02,3.264605998992919922e-03
2.000000000000000000e+00,1.000000000000000021e-03,9.963634610176086426e-01,9.961684942245483398e-01,9.890830516815185547e-01,9.974204301834106445e-01,9.997867584228515625e+01,9.993159484863281250e+01,9.998718261718750000e+01,9.993592834472656250e+01,-7.280409336090087891e-03,1.251935958862304688e-03
2.000000000000000000e+00,1.109090909090909224e-02,9.959954023361206055e-01,9.959748983383178711e-01,9.884291291236877441e-01,9.974162578582763672e-01,9.997867584228515625e+01,9.993159484863281250e+01,9.998718261718750000e+01,9.993592834472656250e+01,-7.566273212432861328e-03,1.441359519958496094e-03
2.000000000000000000e+00,2.118181818181818360e-02,9.956532716751098633e-01,9.955905675888061523e-01,9.880002737045288086e-01,9.969910979270935059e-01,9.997867584228515625e+01,9.993159484863281250e+01,9.998718261718750000e+01,9.993592834472656250e+01,-7.652997970581054688e-03,1.400530338287353516e-03
2.000000000000000000e+00,3.127272727272727149e-02,9.952930212020874023e-01,9.952119588851928711e-01,9.857534766197204590e-01,9.967598319053649902e-01,9.997867584228515625e+01,9.993159484863281250e+01,9.998718261718750000e+01,9.993592834472656250e+01,-9.539544582366943359e-03,1.547873020172119141e-03
2.000000000000000000e+00,4.136363636363636631e-02,9.949288964271545410e-01,9.947790503501892090e-01,9.852608442306518555e-01,9.965601563453674316e-01,9.997867584228515625e+01,9.993159484863281250e+01,9.998718261718750000e+01,9.993592834472656250e+01,-9.668052196502685547e-03,1.781105995178222656e-03
2.000000000000000000e+00,5.145454545454546114e-02,9.946210384368896484e-01,9.945528507232666016e-01,9.854293465614318848e-01,9.966452121734619141e-01,9.997867584228515625e+01,9.993159484863281250e+01,9.998718261718750000e+01,9.993592834472656250e+01,-9.191691875457763672e-03,2.092361450195312500e-03
2.000000000000000000e+00,6.154545454545454902e-02,9.942844510078430176e-01,9.941336512565612793e-01,9.820510149002075195e-01,9.957107305526733398e-01,9.997867584228515625e+01,9.993159484863281250e+01,9.998718261718750000e+01,9.993592834472656250e+01,-1.223343610763549805e-02,1.577079296112060547e-03
2.000000000000000000e+00,7.163636363636363691e-02,9.939400553703308105e-01,9.938221573829650879e-01,9.827510118484497070e-01,9.958686828613281250e-01,9.997867584228515625e+01,9.993159484863281250e+01,9.998718261718750000e+01,9.993592834472656250e+01,-1.118904352188110352e-02,2.046525478363037109e-03
2.000000000000000000e+00,8.172727272727273173e-02,9.936137795448303223e-01,9.935734272003173828e-01,9.848613142967224121e-01,9.958612918853759766e-01,9.997867584228515625e+01,9.993159484863281250e+01,9.998718261718750000e+01,9.993592834472656250e+01,-8.752465248107910156e-03,2.287864685058593750e-03
2.000000000000000000e+00,9.181818181818182656e-02,9.932835698127746582e-01,9.932434558868408203e-01,9.846839308738708496e-01,9.954892992973327637e-01,9.997867584228515625e+01,9.993159484863281250e+01,9.998718261718750000e+01,9.993592834472656250e+01,-8.599638938903808594e-03,2.245843410491943359e-03
2.000000000000000000e+00,1.019090909090909214e-01,9.929527640342712402e-01,9.929450750350952148e-01,9.836521744728088379e-01,9.955440759658813477e-01,9.997867584228515625e+01,9.993159484863281250e+01,9.998718261718750000e+01,9.993592834472656250e+01,-9.300589561462402344e-03,2.599000930786132812e-03
2.000000000000000000e+00,1.120000000000000023e-01,9.925871491432189941e-01,9.924921989440917969e-01,9.830852746963500977e-01,9.951258897781372070e-01,9.997867584228515625e+01,9.993159484863281250e+01,9.998718261718750000e+01,9.993592834472656250e+01,-9.501874446868896484e-03,2.633690834045410156e-03
2.000000000000000000e+00,1.220909090909090972e-01,9.922576546669006348e-01,9.921978116035461426e-01,9.796914458274841309e-01,9.945846796035766602e-01,9.997867584228515625e+01,9.993159484863281250e+01,9.998718261718750000e+01,9.993592834472656250e+01,-1.256620883941650391e-02,2.386868000030517578e-03
2.000000000000000000e+00,1.321818181818181781e-01,9.919466972351074219e-01,9.917392134666442871e-01,9.816149473190307617e-01,9.947166442871093750e-01,9.997867584228515625e+01,9.993159484863281250e+01,9.998718261718750000e+01,9.993592834472656250e+01,-1.033174991607666016e-02,2.977430820465087891e-03
2.000000000000000000e+00,1.422727272727272729e-01,9.916281104087829590e-01,9.913305640220642090e-01,9.845644235610961914e-01,9.948034882545471191e-01,9.997867584228515625e+01,9.993159484863281250e+01,9.998718261718750000e+01,9.993592834472656250e+01,-7.063686847686767578e-03,3.472924232482910156e-03
2.000000000000000000e+00,1.523636363636363678e-01,9.912917613983154297e-01,9.909922480583190918e-01,9.751266837120056152e-01,9.939514398574829102e-01,9.997867584228515625e+01,9.993159484863281250e+01,9.998718261718750000e+01,9.993592834472656250e+01,-1.616507768630981445e-02,2.959191799163818359e-03
2.000000000000000000e+00,1.624545454545454626e-01,9.909604191780090332e-01,9.906572699546813965e-01,9.818323254585266113e-01,9.943740367889404297e-01,9.997867584228515625e+01,9.993159484863281250e+01,9.998718261718750000e+01,9.993592834472656250e+01,-9.128093719482421875e-03,3.716766834259033203e-03
2.000000000000000000e+00,1.725454545454545574e-01,9.906391501426696777e-01,9.903284907341003418e-01,9.806264042854309082e-01,9.936420321464538574e-01,9.997867584228515625e+01,9.993159484863281250e+01,9.998718261718750000e+01,9.993592834472656250e+01,-1.001274585723876953e-02,3.313541412353515625e-03
2.000000000000000000e+00,1.826363636363636522e-01,9.903152585029602051e-01,9.899801015853881836e-01,9.765182137489318848e-01,9.928824305534362793e-01,9.997867584228515625e+01,9.993159484863281250e+01,9.998718261718750000e+01,9.993592834472656250e+01,-1.379704475402832031e-02,2.902328968048095703e-03
2.000000000000000000e+00,1.927272727272727471e-01,9.899601936340332031e-01,9.896492362022399902e-01,9.768552780151367188e-01,9.933594465255737305e-01,9.997867584228515625e+01,9.993159484863281250e+01,9.998718261718750000e+01,9.993592834472656250e+01,-1.310491561889648438e-02,3.710210323333740234e-03
2.000000000000000000e+00,2.028181818181818419e-01,9.896774888038635254e-01,9.893187284469604492e-01,9.756839275360107422e-01,9.933105111122131348e-01,9.997867584228515625e+01,9.993159484863281250e+01,9.998718261718750000e+01,9.993592834472656250e+01,-1.399356126785278320e-02,3.991782665252685547e-03
2.000000000000000000e+00,2.129090909090909089e-01,9.893432855606079102e-01,9.890015721321105957e-01,9.765961766242980957e-01,9.929545521736145020e-01,9.997867584228515625e+01,9.993159484863281250e+01,9.998718261718750000e+01,9.993592834472656250e+01,-1.274710893630981445e-02,3.952980041503906250e-03
2.000000000000000000e+00,2.230000000000000038e-01,9.890143871307373047e-01,9.888392686843872070e-01,9.785602688789367676e-01,9.929059147834777832e-01,9.997867584228515625e+01,9.993159484863281250e+01,9.998718261718750000e+01,9.993592834472656250e+01,-1.045411825180053711e-02,4.066646099090576172e-03
2.000000000000000000e+00,2.330909090909090986e-01,9.886944293975830078e-01,9.884701371192932129e-01,9.748377799987792969e-01,9.929486513137817383e-01,9.997867584228515625e+01,9.993159484863281250e+01,9.998718261718750000e+01,9.993592834472656250e+01,-1.385664939880371094e-02,4.478514194488525391e-03
2.000000000000000000e+00,2.431818181818181934e-01,9.883765578269958496e-01,9.880805015563964844e-01,9.783114194869995117e-01,9.928420186042785645e-01,9.997867584228515625e+01,9.993159484863281250e+01,9.998718261718750000e+01,9.993592834472656250e+01,-1.006513833999633789e-02,4.761517047882080078e-03
2.000000000000000000e+00,2.532727272727272605e-01,9.880408048629760742e-01,9.877295494079589844e-01,9.760529994964599609e-01,9.924475550651550293e-01,9.997867584228515625e+01,9.993159484863281250e+01,9.998718261718750000e+01,9.993592834472656250e+01,-1.198780536651611328e-02,4.718005657196044922e-03
2.000000000000000000e+00,2.633636363636363553e-01,9.877033829689025879e-01,9.874092340469360352e-01,9.737126231193542480e-01,9.922264814376831055e-01,9.997867584228515625e+01,9.993159484863281250e+01,9.998718261718750000e+01,9.993592834472656250e+01,-1.399075984954833984e-02,4.817247390747070312e-03
2.000000000000000000e+00,2.734545454545454501e-01,9.873838424682617188e-01,9.870157837867736816e-01,9.697163701057434082e-01,9.921262860298156738e-01,9.997867584228515625e+01,9.993159484863281250e+01,9.998718261718750000e+01,9.993592834472656250e+01,-1.766747236251831055e-02,5.110502243041992188e-03
2.000000000000000000e+00,2.835454545454545450e-01,9.870461225509643555e-01,9.866921901702880859e-01,9.712953567504882812e-01,9.919748306274414062e-01,9.997867584228515625e+01,9.993159484863281250e+01,9.998718261718750000e+01,9.993592834472656250e+01,-1.575076580047607422e-02,5.282640457153320312e-03
2.000000000000000000e+00,2.936363636363636398e-01,9.867106676101684570e-01,9.863332509994506836e-01,9.711424112319946289e-01,9.919413328170776367e-01,9.997867584228515625e+01,9.993159484863281250e+01,9.998718261718750000e+01,9.993592834472656250e+01,-1.556825637817382812e-02,5.608081817626953125e-03
2.000000000000000000e+00,3.037272727272727346e-01,9.863657951354980469e-01,9.859740138053894043e-01,9.736810326576232910e-01,9.916638135910034180e-01,9.997867584228515625e+01,9.993159484863281250e+01,9.998718261718750000e+01,9.993592834472656250e+01,-1.268476247787475586e-02,5.689799785614013672e-03
2.000000000000000000e+00,3.138181818181818294e-01,9.860392212867736816e-01,9.855595827102661133e-01,9.751114845275878906e-01,9.907711148262023926e-01,9.997867584228515625e+01,9.993159484863281250e+01,9.998718261718750000e+01,9.993592834472656250e+01,-1.092773675918579102e-02,5.211532115936279297e-03
2.000000000000000000e+00,3.239090909090909243e-01,9.857180118560791016e-01,9.852470755577087402e-01,9.734564423561096191e-01,9.918688535690307617e-01,9.997867584228515625e+01,9.993159484863281250e+01,9.998718261718750000e+01,9.993592834472656250e+01,-1.226156949996948242e-02,6.621778011322021484e-03
2.000000000000000000e+00,3.340000000000000191e-01,9.853978753089904785e-01,9.849419593811035156e-01,9.715220928192138672e-01,9.911122322082519531e-01,9.997867584228515625e+01,9.993159484863281250e+01,9.998718261718750000e+01,9.993592834472656250e+01,-1.387578248977661133e-02,6.170272827148437500e-03
2.000000000000000000e+00,3.440909090909091139e-01,9.850596189498901367e-01,9.846697449684143066e-01,9.699795842170715332e-01,9.910419583320617676e-01,9.997867584228515625e+01,9.993159484863281250e+01,9.998718261718750000e+01,9.993592834472656250e+01,-1.508003473281860352e-02,6.372213363647460938e-03
2.000000000000000000e+00,3.541818181818182087e-01,9.847006201744079590e-01,9.844236969947814941e-01,9.608471989631652832e-01,9.900063276290893555e-01,9.997867584228515625e+01,9.993159484863281250e+01,9.998718261718750000e+01,9.993592834472656250e+01,-2.385342121124267578e-02,5.582630634307861328e-03
2.000000000000000000e+00,3.642727272727273036e-01,9.843741655349731445e-01,9.841233491897583008e-01,9.640695452690124512e-01,9.899452924728393555e-01,9.997867584228515625e+01,9.993159484863281250e+01,9.998718261718750000e+01,9.993592834472656250e+01,-2.030462026596069336e-02,5.821943283081054688e-03
2.000000000000000000e+00,3.743636363636363984e-01,9.840293526649475098e-01,9.837988018989562988e-01,9.631393551826477051e-01,9.897270202636718750e-01,9.997867584228515625e+01,9.993159484863281250e+01,9.998718261718750000e+01,9.993592834472656250e+01,-2.088999748229980469e-02,5.928218364715576172e-03
2.000000000000000000e+00,3.844545454545454932e-01,9.836938977241516113e-01,9.835125207901000977e-01,9.621883630752563477e-01,9.902822971343994141e-01,9.997867584228515625e+01,9.993159484863281250e+01,9.998718261718750000e+01,9.993592834472656250e+01,-2.150553464889526367e-02,6.769776344299316406e-03
2.000000000000000000e+00,3.945454545454545880e-01,9.833722114562988281e-01,9.832549691200256348e-01,9.640620350837707520e-01,9.895102381706237793e-01,9.997867584228515625e+01,9.993159484863281250e+01,9.998718261718750000e+01,9.993592834472656250e+01,-1.931017637252807617e-02,6.255269050598144531e-03
2.000000000000000000e+00,4.046363636363636829e-01,9.830315709114074707e-01,9.829550981521606445e-01,9.670865535736083984e-01,9.897862672805786133e-01,9.997867584228515625e+01,9.993159484863281250e+01,9.998718261718750000e+01,9.993592834472656250e+01,-1.594501733779907227e-02,6.831169128417968750e-03
2.000000000000000000e+00,4.147272727272727222e-01,9.827029109001159668e-01,9.826144576072692871e-01,9.659416675567626953e-01,9.897451400756835938e-01,9.997867584228515625e+01,9.993159484863281250e+01,9.998718261718750000e+01,9.993592834472656250e+01,-1.676124334335327148e-02,7.130682468414306641e-03
2.000000000000000000e+00,4.248181818181818170e-01,9.823814034461975098e-01,9.822862148284912109e-01,9.575936198234558105e-01,9.883926510810852051e-01,9.997867584228515625e+01,9.993159484863281250e+01,9.998718261718750000e+01,9.993592834472656250e+01,-2.478778362274169922e-02,6.106436252593994141e-03
2.000000000000000000e+00,4.349090909090909118e-01,9.820488095283508301e-01,9.818841218948364258e-01,9.580584168434143066e-01,9.883865118026733398e-01,9.997867584228515625e+01,9.993159484863281250e+01,9.998718261718750000e+01,9.993592834472656250e+01,-2.399039268493652344e-02,6.502389907836914062e-03
2.000000000000000000e+00,4.450000000000000067e-01,9.817180037498474121e-01,9.814809560775756836e-01,9.594593048095703125e-01,9.882057905197143555e-01,9.997867584228515625e+01,9.993159484863281250e+01,9.998718261718750000e+01,9.993592834472656250e+01,-2.225869894027709961e-02,6.724834442138671875e-03
2.000000000000000000e+00,4.550909090909091015e-01,9.813784956932067871e-01,9.811255335807800293e-01,9.541481137275695801e-01,9.880608916282653809e-01,9.997867584228515625e+01,9.993159484863281250e+01,9.998718261718750000e+01,9.993592834472656250e+01,-2.723038196563720703e-02,6.935358047485351562e-03
2.000000000000000000e+00,4.651818181818181963e-01,9.810471534729003906e-01,9.807959794998168945e-01,9.634843468666076660e-01,9.882552623748779297e-01,9.997867584228515625e+01,9.993159484863281250e+01,9.998718261718750000e+01,9.993592834472656250e+01,-1.756280660629272461e-02,7.459282875061035156e-03
2.000000000000000000e+00,4.752727272727272911e-01,9.807141423225402832e-01,9.804664254188537598e-01,9.584205746650695801e-01,9.876129031181335449e-01,9.997867584228515625e+01,9.993159484863281250e+01,9.998718261718750000e+01,9.993592834472656250e+01,-2.229356765747070312e-02,7.146477699279785156e-03
2.000000000000000000e+00,4.853636363636363860e-01,9.803781509399414062e-01,9.801371693611145020e-01,9.570778608322143555e-01,9.873705506324768066e-01,9.997867584228515625e+01,9.993159484863281250e+01,9.998718261718750000e+01,9.993592834472656250e+01,-2.330029010772705078e-02,7.233381271362304688e-03
2.000000000000000000e+00,4.954545454545454808e-01,9.800413846969604492e-01,9.797933697700500488e-01,9.542614817619323730e-01,9.872325658798217773e-01,9.997867584228515625e+01,9.993159484863281250e+01,9.998718261718750000e+01,9.993592834472656250e+01,-2.577990293502807617e-02,7.439196109771728516e-03
2.000000000000000000e+00,5.055454545454545201e-01,9.797040820121765137e-01,9.794788360595703125e-01,9.584495425224304199e-01,9.868935346603393555e-01,9.997867584228515625e+01,9.993159484863281250e+01,9.998718261718750000e+01,9.993592834472656250e+01,-2.125453948974609375e-02,7.414698600769042969e-03
2.000000000000000000e+00,5.156363636363636704e-01,9.793697595596313477e-01,9.791476726531982422e-01,9.567546248435974121e-01,9.865611195564270020e-01,9.997867584228515625e+01,9.993159484863281250e+01,9.998718261718750000e+01,9.993592834472656250e+01,-2.261513471603393555e-02,7.413446903228759766e-03
2.000000000000000000e+00,5.257272727272727098e-01,9.790294170379638672e-01,9.789341688156127930e-01,9.537222385406494141e-01,9.870329499244689941e-01,9.997867584228515625e+01,9.993159484863281250e+01,9.998718261718750000e+01,9.993592834472656250e+01,-2.530717849731445312e-02,8.098781108856201172e-03
2.000000000000000000e+00,5.358181818181818601e-01,9.786546826362609863e-01,9.786477088928222656e-01,9.535595178604125977e-01,9.869824647903442383e-01,9.997867584228515625e+01,9.993159484863281250e+01,9.998718261718750000e+01,9.993592834472656250e+01,-2.509516477584838867e-02,8.334755897521972656e-03
2.000000000000000000e+00,5.459090909090908994e-01,9.782872200012207031e-01,9.783607721328735352e-01,9.547719359397888184e-01,9.861956238746643066e-01,9.997867584228515625e+01,9.993159484863281250e+01,9.998718261718750000e+01,9.993592834472656250e+01,-2.351528406143188477e-02,7.834851741790771484e-03
2.000000000000000000e+00,5.560000000000000497e-01,9.779773354530334473e-01,9.780732989311218262e-01,9.545373320579528809e-01,9.859887957572937012e-01,9.997867584228515625e+01,9.993159484863281250e+01,9.998718261718750000e+01,9.993592834472656250e+01,-2.344000339508056641e-02,7.915496826171875000e-03
2.000000000000000000e+00,5.660909090909090891e-01,9.776083827018737793e-01,9.775874614715576172e-01,9.529071450233459473e-01,9.860252737998962402e-01,9.997867584228515625e+01,9.993159484863281250e+01,9.998718261718750000e+01,9.993592834472656250e+01,-2.470123767852783203e-02,8.437812328338623047e-03
2.000000000000000000e+00,5.761818181818182394e-01,9.772800803184509277e-01,9.772974848747253418e-01,9.548777341842651367e-01,9.855808019638061523e-01,9.997867584228515625e+01,9.993159484863281250e+01,9.998718261718750000e+01,9.993592834472656250e+01,-2.240234613418579102e-02,8.283317089080810547e-03
2.000000000000000000e+00,5.862727272727272787e-01,9.769554734230041504e-01,9.770069718360900879e-01,9.509501457214355469e-01,9.853278398513793945e-01,9.997867584228515625e+01,9.993159484863281250e+01,9.998718261718750000e+01,9.993592834472656250e+01,-2.600532770156860352e-02,8.320868015289306641e-03
2.000000000000000000e+00,5.963636363636364290e-01,9.765933752059936523e-01,9.767161011695861816e-01,9.542865157127380371e-01,9.852775335311889648e-01,9.997867584228515625e+01,9.993159484863281250e+01,9.998718261718750000e+01,9.993592834472656250e+01,-2.230685949325561523e-02,8.561432361602783203e-03
2.000000000000000000e+00,6.064545454545454684e-01,9.762653708457946777e-01,9.764248132705688477e-01,9.469122290611267090e-01,9.826058745384216309e-01,9.997867584228515625e+01,9.993159484863281250e+01,9.998718261718750000e+01,9.993592834472656250e+01,-2.935314178466796875e-02,6.181061267852783203e-03
2.000000000000000000e+00,6.165454545454546187e-01,9.759107232093811035e-01,9.761330485343933105e-01,9.544807076454162598e-01,9.840222001075744629e-01,9.997867584228515625e+01,9.993159484863281250e+01,9.998718261718750000e+01,9.993592834472656250e+01,-2.143001556396484375e-02,7.889151573181152344e-03
2.000000000000000000e+00,6.266363636363636580e-01,9.756179451942443848e-01,9.757410287857055664e-01,9.526697397232055664e-01,9.832069277763366699e-01,9.997867584228515625e+01,9.993159484863281250e+01,9.998718261718750000e+01,9.993592834472656250e+01,-2.294820547103881836e-02,7.465898990631103516e-03
2.000000000000000000e+00,6.367272727272728083e-01,9.752834439277648926e-01,9.754053354263305664e-01,9.508518576622009277e-01,9.826892614364624023e-01,9.997867584228515625e+01,9.993159484863281250e+01,9.998718261718750000e+01,9.993592834472656250e+01,-2.443158626556396484e-02,7.283926010131835938e-03
2.000000000000000000e+00,6.468181818181818477e-01,9.749029278755187988e-01,9.751191139221191406e-01,9.476478099822998047e-01,9.818133115768432617e-01,9.997867584228515625e+01,9.993159484863281250e+01,9.998718261718750000e+01,9.993592834472656250e+01,-2.725511789321899414e-02,6.694197654724121094e-03
2.000000000000000000e+00,6.569090909090908870e-01,9.746306538581848145e-01,9.749038815498352051e-01,9.485978484153747559e-01,9.825319647789001465e-01,9.997867584228515625e+01,9.993159484863281250e+01,9.998718261718750000e+01,9.993592834472656250e+01,-2.603280544281005859e-02,7.628083229064941406e-03
2.000000000000000000e+00,6.670000000000000373e-01,9.742924571037292480e-01,9.746024608612060547e-01,9.366704821586608887e-01,9.816099405288696289e-01,9.997867584228515625e+01,9.993159484863281250e+01,9.998718261718750000e+01,9.993592834472656250e+01,-3.762197494506835938e-02,7.007479667663574219e-03
2.000000000000000000e+00,6.770909090909090766e-01,9.739543795585632324e-01,9.742586016654968262e-01,9.411755800247192383e-01,9.814308285713195801e-01,9.997867584228515625e+01,9.993159484863281250e+01,9.998718261718750000e+01,9.993592834472656250e+01,-3.277879953384399414e-02,7.172226905822753906e-03
2.000000000000000000e+00,6.871818181818182270e-01,9.736175537109375000e-01,9.739621281623840332e-01,9.502652883529663086e-01,9.815247058868408203e-01,9.997867584228515625e+01,9.993159484863281250e+01,9.998718261718750000e+01,9.993592834472656250e+01,-2.335226535797119141e-02,7.562577724456787109e-03
2.000000000000000000e+00,6.972727272727272663e-01,9.732612967491149902e-01,9.736419916152954102e-01,9.456954002380371094e-01,9.815543293952941895e-01,9.997867584228515625e+01,9.993159484863281250e+01,9.998718261718750000e+01,9.993592834472656250e+01,-2.756589651107788086e-02,7.912337779998779297e-03
2.000000000000000000e+00,7.073636363636364166e-01,9.729345440864562988e-01,9.733950495719909668e-01,9.408298730850219727e-01,9.807063937187194824e-01,9.997867584228515625e+01,9.993159484863281250e+01,9.998718261718750000e+01,9.993592834472656250e+01,-3.210467100143432617e-02,7.311344146728515625e-03
2.000000000000000000e+00,7.174545454545454559e-01,9.726029634475708008e-01,9.731065034866333008e-01,9.429606199264526367e-01,9.808250665664672852e-01,9.997867584228515625e+01,9.993159484863281250e+01,9.998718261718750000e+01,9.993592834472656250e+01,-2.964234352111816406e-02,7.718563079833984375e-03
2.000000000000000000e+00,7.275454545454546063e-01,9.722787141799926758e-01,9.727886915206909180e-01,9.479933977127075195e-01,9.809943437576293945e-01,9.997867584228515625e+01,9.993159484863281250e+01,9.970104217529296875e+01,9.993376159667968750e+01,-2.428531646728515625e-02,8.205652236938476562e-03
2.000000000000000000e+00,7.376363636363636456e-01,9.719560742378234863e-01,9.724030494689941406e-01,9.398633837699890137e-01,9.800977706909179688e-01,9.997867584228515625e+01,9.993159484863281250e+01,9.998718261718750000e+01,9.993592834472656250e+01,-3.209269046783447266e-02,7.694721221923828125e-03
2.000000000000000000e+00,7.477272727272727959e-01,9.716306328773498535e-01,9.721104502677917480e-01,9.438905715942382812e-01,9.798519015312194824e-01,9.997867584228515625e+01,9.993159484863281250e+01,9.998718261718750000e+01,9.993592834472656250e+01,-2.774006128311157227e-02,7.741451263427734375e-03
2.000000000000000000e+00,7.578181818181818352e-01,9.712519645690917969e-01,9.718280434608459473e-01,9.376387000083923340e-01,9.791051149368286133e-01,9.997867584228515625e+01,9.993159484863281250e+01,9.998718261718750000e+01,9.993592834472656250e+01,-3.361326456069946289e-02,7.277071475982666016e-03
2.000000000000000000e+00,7.679090909090909856e-01,9.709171056747436523e-01,9.715484380722045898e-01,9.377304911613464355e-01,9.798003435134887695e-01,9.997867584228515625e+01,9.993159484863281250e+01,9.998718261718750000e+01,9.993592834472656250e+01,-3.318661451339721680e-02,8.251905441284179688e-03
2.000000000000000000e+00,7.780000000000000249e-01,9.705721139907836914e-01,9.711803197860717773e-01,9.394995570182800293e-01,9.789339303970336914e-01,9.997867584228515625e+01,9.993159484863281250e+01,9.998718261718750000e+01,9.993592834472656250e+01,-3.107255697250366211e-02,7.753610610961914062e-03
2.000000000000000000e+00,7.880909090909091752e-01,9.702066779136657715e-01,9.708334803581237793e-01,9.367232918739318848e-01,9.794849753379821777e-01,9.997867584228515625e+01,9.993159484863281250e+01,9.998718261718750000e+01,9.993592834472656250e+01,-3.348338603973388672e-02,8.651494979858398438e-03
2.000000000000000000e+00,7.981818181818182145e-01,9.698430299758911133e-01,9.705559015274047852e-01,9.336672425270080566e-01,9.782825708389282227e-01,9.997867584228515625e+01,9.993159484863281250e+01,9.998718261718750000e+01,9.993592834472656250e+01,-3.617578744888305664e-02,7.726669311523437500e-03
2.000000000000000000e+00,8.082727272727273649e-01,9.695096611976623535e-01,9.702357053756713867e-01,9.341475367546081543e-01,9.778969883918762207e-01,9.997867584228515625e+01,9.993159484863281250e+01,9.998718261718750000e+01,9.993592834472656250e+01,-3.536212444305419922e-02,7.661283016204833984e-03
2.000000000000000000e+00,8.183636363636364042e-01,9.691345691680908203e-01,9.698620438575744629e-01,9.312377572059631348e-01,9.776338934898376465e-01,9.997867584228515625e+01,9.993159484863281250e+01,9.998718261718750000e+01,9.993592834472656250e+01,-3.789681196212768555e-02,7.771849632263183594e-03
2.000000000000000000e+00,8.284545454545454435e-01,9.687911272048950195e-01,9.695493578910827637e-01,9.367736577987670898e-01,9.785986542701721191e-01,9.997867584228515625e+01,9.993159484863281250e+01,9.969639587402343750e+01,9.993376159667968750e+01,-3.201746940612792969e-02,9.049296379089355469e-03
2.000000000000000000e+00,8.385454545454545938e-01,9.684547185897827148e-01,9.691277742385864258e-01,9.282388091087341309e-01,9.770716428756713867e-01,9.997867584228515625e+01,9.993159484863281250e+01,9.998718261718750000e+01,9.993592834472656250e+01,-4.021590948104858398e-02,7.943868637084960938e-03
2.000000000000000000e+00,8.486363636363636331e-01,9.680923819541931152e-01,9.687051177024841309e-01,9.361749291419982910e-01,9.765265583992004395e-01,9.997867584228515625e+01,9.993159484863281250e+01,9.969522094726562500e+01,9.993376159667968750e+01,-3.191745281219482422e-02,7.821440696716308594e-03
2.000000000000000000e+00,8.587272727272727835e-01,9.683471918106079102e-01,9.682865142822265625e-01,9.280612468719482422e-01,9.764744043350219727e-01,9.997867584228515625e+01,9.993159484863281250e+01,9.998718261718750000e+01,9.993592834472656250e+01,-4.028594493865966797e-02,8.187890052795410156e-03
2.000000000000000000e+00,8.688181818181818228e-01,9.680062532424926758e-01,9.678649306297302246e-01,9.287399649620056152e-01,9.766917824745178223e-01,9.997867584228515625e+01,9.993159484863281250e+01,9.998718261718750000e+01,9.993592834472656250e+01,-3.926628828048706055e-02,8.826851844787597656e-03
2.000000000000000000e+00,8.789090909090909731e-01,9.676950573921203613e-01,9.680165052413940430e-01,9.228335022926330566e-01,9.761012792587280273e-01,9.997867584228515625e+01,9.993159484863281250e+01,9.998718261718750000e+01,9.993592834472656250e+01,-4.486155509948730469e-02,8.084774017333984375e-03
2.000000000000000000e+00,8.890000000000000124e-01,9.673401713371276855e-01,9.676378369331359863e-01,9.143341779708862305e-01,9.757153391838073730e-01,9.997867584228515625e+01,9.993159484863281250e+01,9.998718261718750000e+01,9.993592834472656250e+01,-5.300599336624145508e-02,8.077502250671386719e-03
2.000000000000000000e+00,8.990909090909091628e-01,9.670074582099914551e-01,9.672539830207824707e-01,9.212052822113037109e-01,9.753198623657226562e-01,9.997867584228515625e+01,9.993159484863281250e+01,9.998718261718750000e+01,9.993592834472656250e+01,-4.580217599868774414e-02,8.065879344940185547e-03
2.000000000000000000e+00,9.091818181818182021e-01,9.666919708251953125e-01,9.668887257575988770e-01,9.259002804756164551e-01,9.755141735076904297e-01,9.997867584228515625e+01,9.993159484863281250e+01,9.998718261718750000e+01,9.993592834472656250e+01,-4.079169034957885742e-02,8.625447750091552734e-03
2.000000000000000000e+00,9.192727272727273524e-01,9.663669466972351074e-01,9.665531516075134277e-01,9.245713353157043457e-01,9.755992889404296875e-01,9.997867584228515625e+01,9.993159484863281250e+01,9.998718261718750000e+01,9.993592834472656250e+01,-4.179561138153076172e-02,9.046137332916259766e-03
2.000000000000000000e+00,9.293636363636363917e-01,9.659227728843688965e-01,9.662177562713623047e-01,9.166055917739868164e-01,9.751707911491394043e-01,9.997867584228515625e+01,9.993159484863281250e+01,9.998718261718750000e+01,9.993592834472656250e+01,-4.931718111038208008e-02,8.953034877777099609e-03
2.000000000000000000e+00,9.394545454545455421e-01,9.656009674072265625e-01,9.658822417259216309e-01,9.168781042098999023e-01,9.732570052146911621e-01,9.997867584228515625e+01,9.993159484863281250e+01,9.998718261718750000e+01,9.993592834472656250e+01,-4.872286319732666016e-02,7.374763488769531250e-03
2.000000000000000000e+00,9.495454545454545814e-01,9.651728272438049316e-01,9.655467271804809570e-01,9.199287891387939453e-01,9.736475944519042969e-01,9.997867584228515625e+01,9.993159484863281250e+01,9.998718261718750000e+01,9.993592834472656250e+01,-4.524403810501098633e-02,8.100867271423339844e-03
2.000000000000000000e+00,9.596363636363637317e-01,9.648379087448120117e-01,9.652112126350402832e-01,9.167335033416748047e-01,9.735353589057922363e-01,9.997867584228515625e+01,9.993159484863281250e+01,9.998718261718750000e+01,9.993592834472656250e+01,-4.810440540313720703e-02,8.324146270751953125e-03
2.000000000000000000e+00,9.697272727272727710e-01,9.645329713821411133e-01,9.648728370666503906e-01,9.113856554031372070e-01,9.722533226013183594e-01,9.997867584228515625e+01,9.993159484863281250e+01,9.998718261718750000e+01,9.993592834472656250e+01,-5.314731597900390625e-02,7.380485534667968750e-03
2.000000000000000000e+00,9.798181818181818103e-01,9.641965627670288086e-01,9.645371437072753906e-01,9.201567769050598145e-01,9.741962552070617676e-01,9.997867584228515625e+01,9.993159484863281250e+01,9.998718261718750000e+01,9.993592834472656250e+01,-4.403978586196899414e-02,9.659111499786376953e-03
2.000000000000000000e+00,9.899090909090909607e-01,9.638043642044067383e-01,9.642012715339660645e-01,9.102012515068054199e-01,9.723953604698181152e-01,9.997867584228515625e+01,9.993159484863281250e+01,9.970056915283203125e+01,9.993376159667968750e+01,-5.360311269760131836e-02,8.194088935852050781e-03
2.000000000000000000e+00,1.000000000000000000e+00,9.634571075439453125e-01,9.638650417327880859e-01,9.165289998054504395e-01,9.733052849769592285e-01,9.997867584228515625e+01,9.993159484863281250e+01,9.970066833496093750e+01,9.993376159667968750e+01,-4.692810773849487305e-02,9.440243244171142578e-03
3.000000000000000000e+00,1.000000000000000021e-03,9.962943196296691895e-01,9.961815476417541504e-01,9.884279370307922363e-01,9.972411990165710449e-01,9.997867584228515625e+01,9.993159484863281250e+01,9.998718261718750000e+01,9.993592834472656250e+01,-7.866382598876953125e-03,1.059651374816894531e-03
3.000000000000000000e+00,1.109090909090909224e-02,9.955442547798156738e-01,9.956873655319213867e-01,9.869259595870971680e-01,9.963680505752563477e-01,9.997867584228515625e+01,9.993159484863281250e+01,9.998718261718750000e+01,9.993592834472656250e+01,-8.618295192718505859e-03,6.806850433349609375e-04
3.000000000000000000e+00,2.118181818181818360e-02,9.949036240577697754e-01,9.948821067810058594e-01,9.863371253013610840e-01,9.959561228752136230e-01,9.997867584228515625e+01,9.993159484863281250e+01,9.998718261718750000e+01,9.993592834472656250e+01,-8.566498756408691406e-03,1.074016094207763672e-03
3.000000000000000000e+00,3.127272727272727149e-02,9.942322373390197754e-01,9.942070245742797852e-01,9.811808466911315918e-01,9.955496788024902344e-01,9.997867584228515625e+01,9.993159484863281250e+01,9.998718261718750000e+01,9.993592834472656250e+01,-1.305139064788818359e-02,1.342654228210449219e-03
3.000000000000000000e+00,4.136363636363636631e-02,9.935377240180969238e-01,9.937174916267395020e-01,9.810951352119445801e-01,9.954056143760681152e-01,9.997867584228515625e+01,9.993159484863281250e+01,9.998718261718750000e+01,9.993592834472656250e+01,-1.244258880615234375e-02,1.688122749328613281e-03
3.000000000000000000e+00,5.145454545454546114e-02,9.929218292236328125e-01,9.931143522262573242e-01,9.794593453407287598e-01,9.946200251579284668e-01,9.997867584228515625e+01,9.993159484863281250e+01,9.998718261718750000e+01,9.993592834472656250e+01,-1.346248388290405273e-02,1.505672931671142578e-03
3.000000000000000000e+00,6.154545454545454902e-02,9.922103881835937500e-01,9.924916028976440430e-01,9.742008447647094727e-01,9.943780303001403809e-01,9.997867584228515625e+01,9.993159484863281250e+01,9.998718261718750000e+01,9.993592834472656250e+01,-1.800954341888427734e-02,1.886427402496337891e-03
3.000000000000000000e+00,7.163636363636363691e-02,9.915461540222167969e-01,9.918203949928283691e-01,9.757335782051086426e-01,9.939017295837402344e-01,9.997867584228515625e+01,9.993159484863281250e+01,9.998718261718750000e+01,9.993592834472656250e+01,-1.581257581710815430e-02,2.081334590911865234e-03
3.000000000000000000e+00,8.172727272727273173e-02,9.908788204193115234e-01,9.911523461341857910e-01,9.731432795524597168e-01,9.931868314743041992e-01,9.997867584228515625e+01,9.993159484863281250e+01,9.998718261718750000e+01,9.993592834472656250e+01,-1.773554086685180664e-02,2.034485340118408203e-03
3.000000000000000000e+00,9.181818181818182656e-02,9.902067780494689941e-01,9.907315969467163086e-01,9.665471315383911133e-01,9.928430914878845215e-01,9.997867584228515625e+01,9.993159484863281250e+01,9.998718261718750000e+01,9.993592834472656250e+01,-2.365964651107788086e-02,2.111494541168212891e-03
3.000000000000000000e+00,1.019090909090909214e-01,9.895107746124267578e-01,9.900293946266174316e-01,9.671224951744079590e-01,9.925625324249267578e-01,9.997867584228515625e+01,9.993159484863281250e+01,9.998718261718750000e+01,9.993592834472656250e+01,-2.238827943801879883e-02,2.533137798309326172e-03
3.000000000000000000e+00,1.120000000000000023e-01,9.888613820075988770e-01,9.894186258316040039e-01,9.627330899238586426e-01,9.911906719207763672e-01,9.997867584228515625e+01,9.993159484863281250e+01,9.998718261718750000e+01,9.993592834472656250e+01,-2.612829208374023438e-02,1.772046089172363281e-03
3.000000000000000000e+00,1.220909090909090972e-01,9.881908297538757324e-01,9.887430667877197266e-01,9.570239186286926270e-01,9.913762211799621582e-01,9.997867584228515625e+01,9.993159484863281250e+01,9.998718261718750000e+01,9.993592834472656250e+01,-3.116691112518310547e-02,2.633154392242431641e-03
3.000000000000000000e+00,1.321818181818181781e-01,9.875445961952209473e-01,9.880793094635009766e-01,9.546841382980346680e-01,9.905422925949096680e-01,9.997867584228515625e+01,9.993159484863281250e+01,9.998718261718750000e+01,9.993592834472656250e+01,-3.286045789718627930e-02,2.462983131408691406e-03
3.000000000000000000e+00,1.422727272727272729e-01,9.868730306625366211e-01,9.874139428138732910e-01,9.581209421157836914e-01,9.897656440734863281e-01,9.997867584228515625e+01,9.993159484863281250e+01,9.998718261718750000e+01,9.993592834472656250e+01,-2.875208854675292969e-02,2.351701259613037109e-03
3.000000000000000000e+00,1.523636363636363678e-01,9.861830472946166992e-01,9.867469668388366699e-01,9.520409107208251953e-01,9.885163307189941406e-01,9.997867584228515625e+01,9.993159484863281250e+01,9.998718261718750000e+01,9.993592834472656250e+01,-3.414213657379150391e-02,1.769363880157470703e-03
3.000000000000000000e+00,1.624545454545454626e-01,9.862262606620788574e-01,9.861371517181396484e-01,9.500942230224609375e-01,9.881629347801208496e-01,9.997867584228515625e+01,9.993159484863281250e+01,9.998718261718750000e+01,9.993592834472656250e+01,-3.613203763961791992e-02,2.025783061981201172e-03
3.000000000000000000e+00,1.725454545454545574e-01,9.855936765670776367e-01,9.855386614799499512e-01,9.519123435020446777e-01,9.873067140579223633e-01,9.997867584228515625e+01,9.993159484863281250e+01,9.998718261718750000e+01,9.993592834472656250e+01,-3.368133306503295898e-02,1.768052577972412109e-03
3.000000000000000000e+00,1.826363636363636522e-01,9.849482774734497070e-01,9.848918318748474121e-01,9.521499872207641602e-01,9.857439398765563965e-01,9.997867584228515625e+01,9.993159484863281250e+01,9.970319366455078125e+01,9.993376159667968750e+01,-3.279829025268554688e-02,8.521080017089843750e-04
3.000000000000000000e+00,1.927272727272727471e-01,9.843211770057678223e-01,9.842479825019836426e-01,9.438012242317199707e-01,9.857620596885681152e-01,9.997867584228515625e+01,9.993159484863281250e+01,9.998718261718750000e+01,9.993592834472656250e+01,-4.051995277404785156e-02,1.514077186584472656e-03
3.000000000000000000e+00,2.028181818181818419e-01,9.836564064025878906e-01,9.836925864219665527e-01,9.375829696655273438e-01,9.851139187812805176e-01,9.997867584228515625e+01,9.993159484863281250e+01,9.998718261718750000e+01,9.993592834472656250e+01,-4.607343673706054688e-02,1.421332359313964844e-03
3.000000000000000000e+00,2.129090909090909089e-01,9.830173254013061523e-01,9.831664562225341797e-01,9.358925819396972656e-01,9.838020801544189453e-01,9.997867584228515625e+01,9.993159484863281250e+01,9.998718261718750000e+01,9.993592834472656250e+01,-4.712474346160888672e-02,6.356239318847656250e-04
3.000000000000000000e+00,2.230000000000000038e-01,9.824424982070922852e-01,9.825428128242492676e-01,9.335645437240600586e-01,9.831808805465698242e-01,9.997867584228515625e+01,9.993159484863281250e+01,9.998718261718750000e+01,9.993592834472656250e+01,-4.887795448303222656e-02,6.380677223205566406e-04
3.000000000000000000e+00,2.330909090909090986e-01,9.818165898323059082e-01,9.819700717926025391e-01,9.371809959411621094e-01,9.831805825233459473e-01,9.997867584228515625e+01,9.993159484863281250e+01,9.998718261718750000e+01,9.993592834472656250e+01,-4.463559389114379883e-02,1.210510730743408203e-03
3.000000000000000000e+00,2.431818181818181934e-01,9.811877012252807617e-01,9.813571572303771973e-01,9.299638867378234863e-01,9.817307591438293457e-01,9.997867584228515625e+01,9.993159484863281250e+01,9.998718261718750000e+01,9.993592834472656250e+01,-5.122381448745727539e-02,3.736019134521484375e-04
3.000000000000000000e+00,2.532727272727272605e-01,9.805302023887634277e-01,9.808301925659179688e-01,9.228239655494689941e-01,9.809398055076599121e-01,9.997867584228515625e+01,9.993159484863281250e+01,9.998718261718750000e+01,9.993592834472656250e+01,-5.770623683929443359e-02,1.096129417419433594e-04
3.000000000000000000e+00,2.633636363636363553e-01,9.798641800880432129e-01,9.802704453468322754e-01,9.266616106033325195e-01,9.807449579238891602e-01,9.997867584228515625e+01,9.993159484863281250e+01,9.998718261718750000e+01,9.993592834472656250e+01,-5.320256948471069336e-02,4.745125770568847656e-04
3.000000000000000000e+00,2.734545454545454501e-01,9.792265892028808594e-01,9.795022606849670410e-01,9.185581207275390625e-01,9.786443114280700684e-01,9.997867584228515625e+01,9.993159484863281250e+01,9.998718261718750000e+01,9.993592834472656250e+01,-6.066846847534179688e-02,-8.579492568969726562e-04
3.000000000000000000e+00,2.835454545454545450e-01,9.785992503166198730e-01,9.789900183677673340e-01,9.071261286735534668e-01,9.775906205177307129e-01,9.997867584228515625e+01,9.993159484863281250e+01,9.998718261718750000e+01,9.993592834472656250e+01,-7.147312164306640625e-02,-1.399397850036621094e-03
3.000000000000000000e+00,2.936363636363636398e-01,9.779242277145385742e-01,9.782837629318237305e-01,9.063860774040222168e-01,9.773133397102355957e-01,9.997867584228515625e+01,9.993159484863281250e+01,9.998718261718750000e+01,9.993592834472656250e+01,-7.153815031051635742e-02,-9.704232215881347656e-04
3.000000000000000000e+00,3.037272727272727346e-01,9.772862792015075684e-01,9.775434136390686035e-01,9.061647057533264160e-01,9.767498373985290527e-01,9.997867584228515625e+01,9.993159484863281250e+01,9.998718261718750000e+01,9.993592834472656250e+01,-7.112157344818115234e-02,-7.935762405395507812e-04
3.000000000000000000e+00,3.138181818181818294e-01,9.766508936882019043e-01,9.770105481147766113e-01,9.065129160881042480e-01,9.754678606986999512e-01,9.997867584228515625e+01,9.993159484863281250e+01,9.969486236572265625e+01,9.993376159667968750e+01,-7.013797760009765625e-02,-1.542687416076660156e-03
3.000000000000000000e+00,3.239090909090909243e-01,9.759899973869323730e-01,9.763840436935424805e-01,9.036083221435546875e-01,9.757257103919982910e-01,9.997867584228515625e+01,9.993159484863281250e+01,9.998718261718750000e+01,9.993592834472656250e+01,-7.238167524337768555e-02,-6.583333015441894531e-04
3.000000000000000000e+00,3.340000000000000191e-01,9.753068685531616211e-01,9.756877422332763672e-01,9.037922024726867676e-01,9.757151603698730469e-01,9.997867584228515625e+01,9.993159484863281250e+01,9.998718261718750000e+01,9.993592834472656250e+01,-7.151466608047485352e-02,2.741813659667968750e-05
3.000000000000000000e+00,3.440909090909091139e-01,9.746623635292053223e-01,9.751654267311096191e-01,8.899812698364257812e-01,9.738385081291198730e-01,9.997867584228515625e+01,9.993159484863281250e+01,9.998718261718750000e+01,9.993592834472656250e+01,-8.468109369277954102e-02,-1.326918601989746094e-03
3.000000000000000000e+00,3.541818181818182087e-01,9.739450216293334961e-01,9.745133519172668457e-01,8.943401575088500977e-01,9.720606803894042969e-01,9.997867584228515625e+01,9.993159484863281250e+01,9.998718261718750000e+01,9.993592834472656250e+01,-7.960486412048339844e-02,-2.452671527862548828e-03
3.000000000000000000e+00,3.642727272727273036e-01,9.733263254165649414e-01,9.737712144851684570e-01,8.900411128997802734e-01,9.741331338882446289e-01,9.997867584228515625e+01,9.993159484863281250e+01,9.970441436767578125e+01,9.993376159667968750e+01,-8.328521251678466797e-02,3.619194030761718750e-04
3.000000000000000000e+00,3.743636363636363984e-01,9.726792573928833008e-01,9.732719659805297852e-01,8.998727202415466309e-01,9.728372097015380859e-01,9.997867584228515625e+01,9.993159484863281250e+01,9.998718261718750000e+01,9.993592834472656250e+01,-7.280653715133666992e-02,-4.347562789916992188e-04
3.000000000000000000e+00,3.844545454545454932e-01,9.719776511192321777e-01,9.724255800247192383e-01,8.994655609130859375e-01,9.727885127067565918e-01,9.997867584228515625e+01,9.993159484863281250e+01,9.998718261718750000e+01,9.993592834472656250e+01,-7.251209020614624023e-02,3.629326820373535156e-04
3.000000000000000000e+00,3.945454545454545880e-01,9.713143706321716309e-01,9.717270135879516602e-01,8.936313986778259277e-01,9.717331528663635254e-01,9.997867584228515625e+01,9.993159484863281250e+01,9.998718261718750000e+01,9.993592834472656250e+01,-7.768297195434570312e-02,6.139278411865234375e-06
3.000000000000000000e+00,4.046363636363636829e-01,9.706633687019348145e-01,9.712393879890441895e-01,8.809919953346252441e-01,9.700482487678527832e-01,9.997867584228515625e+01,9.993159484863281250e+01,9.998718261718750000e+01,9.993592834472656250e+01,-8.967137336730957031e-02,-1.191139221191406250e-03
3.000000000000000000e+00,4.147272727272727222e-01,9.699813127517700195e-01,9.710038304328918457e-01,8.893535733222961426e-01,9.704571962356567383e-01,9.997867584228515625e+01,9.993159484863281250e+01,9.998718261718750000e+01,9.993592834472656250e+01,-8.062773942947387695e-02,-5.466341972351074219e-04
3.000000000000000000e+00,4.248181818181818170e-01,9.693288803100585938e-01,9.702548980712890625e-01,8.754311203956604004e-01,9.679687023162841797e-01,9.997867584228515625e+01,9.993159484863281250e+01,9.998718261718750000e+01,9.993592834472656250e+01,-9.389775991439819336e-02,-2.286195755004882812e-03
3.000000000000000000e+00,4.349090909090909118e-01,9.687263369560241699e-01,9.694638848304748535e-01,8.793505430221557617e-01,9.660181403160095215e-01,9.997867584228515625e+01,9.993159484863281250e+01,9.998718261718750000e+01,9.993592834472656250e+01,-8.937579393386840820e-02,-3.445744514465332031e-03
3.000000000000000000e+00,4.450000000000000067e-01,9.680716991424560547e-01,9.686959981918334961e-01,8.740009665489196777e-01,9.634282588958740234e-01,9.997867584228515625e+01,9.993159484863281250e+01,9.998718261718750000e+01,9.993592834472656250e+01,-9.407073259353637695e-02,-5.267739295959472656e-03
3.000000000000000000e+00,4.550909090909091015e-01,9.673894643783569336e-01,9.679443836212158203e-01,8.867291808128356934e-01,9.639376401901245117e-01,9.997867584228515625e+01,9.993159484863281250e+01,9.998718261718750000e+01,9.993592834472656250e+01,-8.066028356552124023e-02,-4.006743431091308594e-03
3.000000000000000000e+00,4.651818181818181963e-01,9.667278528213500977e-01,9.672523736953735352e-01,8.842921257019042969e-01,9.619165658950805664e-01,9.997867584228515625e+01,9.993159484863281250e+01,9.998718261718750000e+01,9.993592834472656250e+01,-8.243572711944580078e-02,-5.335807800292968750e-03
3.000000000000000000e+00,4.752727272727272911e-01,9.660509824752807617e-01,9.664895534515380859e-01,8.642050027847290039e-01,9.558812975883483887e-01,9.997867584228515625e+01,9.993159484863281250e+01,9.998718261718750000e+01,9.993592834472656250e+01,-1.018459796905517578e-01,-1.060825586318969727e-02
3.000000000000000000e+00,4.853636363636363860e-01,9.654111862182617188e-01,9.658808708190917969e-01,8.654496073722839355e-01,9.556638598442077637e-01,9.997867584228515625e+01,9.993159484863281250e+01,9.998718261718750000e+01,9.993592834472656250e+01,-9.996157884597778320e-02,-1.021701097488403320e-02
3.000000000000000000e+00,4.954545454545454808e-01,9.647837281227111816e-01,9.651760458946228027e-01,8.672298192977905273e-01,9.591571688652038574e-01,9.997867584228515625e+01,9.993159484863281250e+01,9.998718261718750000e+01,9.993592834472656250e+01,-9.755390882492065430e-02,-6.018877029418945312e-03
3.000000000000000000e+00,5.055454545454545201e-01,9.641029238700866699e-01,9.645720124244689941e-01,8.520190119743347168e-01,9.505535960197448730e-01,9.997867584228515625e+01,9.993159484863281250e+01,9.998718261718750000e+01,9.993592834472656250e+01,-1.120839118957519531e-01,-1.401841640472412109e-02
3.000000000000000000e+00,5.156363636363636704e-01,9.634355902671813965e-01,9.639661312103271484e-01,8.441316485404968262e-01,9.490768909454345703e-01,9.997867584228515625e+01,9.993159484863281250e+01,9.998718261718750000e+01,9.993592834472656250e+01,-1.193039417266845703e-01,-1.488924026489257812e-02
3.000000000000000000e+00,5.257272727272727098e-01,9.632126092910766602e-01,9.633852839469909668e-01,8.429414629936218262e-01,9.483094215393066406e-01,9.997867584228515625e+01,9.993159484863281250e+01,9.998718261718750000e+01,9.993592834472656250e+01,-1.202711462974548340e-01,-1.507586240768432617e-02
3.000000000000000000e+00,5.358181818181818601e-01,9.624364972114562988e-01,9.627147912979125977e-01,8.510130643844604492e-01,9.504957795143127441e-01,9.997867584228515625e+01,9.993159484863281250e+01,9.998718261718750000e+01,9.993592834472656250e+01,-1.114234328269958496e-01,-1.221901178359985352e-02
3.000000000000000000e+00,5.459090909090908994e-01,9.617565274238586426e-01,9.621272087097167969e-01,8.443070650100708008e-01,9.492599368095397949e-01,9.997867584228515625e+01,9.993159484863281250e+01,9.998718261718750000e+01,9.993592834472656250e+01,-1.174494624137878418e-01,-1.286727190017700195e-02
3.000000000000000000e+00,5.560000000000000497e-01,9.610786437988281250e-01,9.615531563758850098e-01,8.534933924674987793e-01,9.477050900459289551e-01,9.997867584228515625e+01,9.993159484863281250e+01,9.998718261718750000e+01,9.993592834472656250e+01,-1.075852513313293457e-01,-1.384806632995605469e-02
3.000000000000000000e+00,5.660909090909090891e-01,9.603539705276489258e-01,9.609683156013488770e-01,8.486974239349365234e-01,9.458940029144287109e-01,9.997867584228515625e+01,9.993159484863281250e+01,9.972367858886718750e+01,9.993376159667968750e+01,-1.116565465927124023e-01,-1.507431268692016602e-02
3.000000000000000000e+00,5.761818181818182394e-01,9.596633315086364746e-01,9.602954387664794922e-01,8.434732556343078613e-01,9.385833144187927246e-01,9.997867584228515625e+01,9.993159484863281250e+01,9.998718261718750000e+01,9.993592834472656250e+01,-1.161900758743286133e-01,-2.171212434768676758e-02
3.000000000000000000e+00,5.862727272727272787e-01,9.589548110961914062e-01,9.596200585365295410e-01,8.333282470703125000e-01,9.391710758209228516e-01,9.997867584228515625e+01,9.993159484863281250e+01,9.998718261718750000e+01,9.993592834472656250e+01,-1.256265640258789062e-01,-2.044898271560668945e-02
3.000000000000000000e+00,5.963636363636364290e-01,9.582823514938354492e-01,9.589079618453979492e-01,8.384320735931396484e-01,9.447132349014282227e-01,9.997867584228515625e+01,9.993159484863281250e+01,9.998718261718750000e+01,9.993592834472656250e+01,-1.198502779006958008e-01,-1.419472694396972656e-02
3.000000000000000000e+00,6.064545454545454684e-01,9.576618075370788574e-01,9.581544399261474609e-01,8.245704174041748047e-01,9.353177547454833984e-01,9.997867584228515625e+01,9.993159484863281250e+01,9.998718261718750000e+01,9.993592834472656250e+01,-1.330913901329040527e-01,-2.283668518066406250e-02
3.000000000000000000e+00,6.165454545454546187e-01,9.569798111915588379e-01,9.575548768043518066e-01,8.353477716445922852e-01,9.403688907623291016e-01,9.997867584228515625e+01,9.993159484863281250e+01,9.998718261718750000e+01,9.993592834472656250e+01,-1.216320395469665527e-01,-1.718598604202270508e-02
3.000000000000000000e+00,6.266363636363636580e-01,9.563331604003906250e-01,9.570968151092529297e-01,8.348665237426757812e-01,9.357475638389587402e-01,9.997867584228515625e+01,9.993159484863281250e+01,9.998718261718750000e+01,9.993592834472656250e+01,-1.214666366577148438e-01,-2.134925127029418945e-02
3.000000000000000000e+00,6.367272727272728083e-01,9.556467533111572266e-01,9.565199613571166992e-01,8.291500210762023926e-01,9.324920177459716797e-01,9.997867584228515625e+01,9.993159484863281250e+01,9.998718261718750000e+01,9.993592834472656250e+01,-1.264967322349548340e-01,-2.402794361114501953e-02
3.000000000000000000e+00,6.468181818181818477e-01,9.549220204353332520e-01,9.559525847434997559e-01,8.305457830429077148e-01,9.281151294708251953e-01,9.997867584228515625e+01,9.993159484863281250e+01,9.998718261718750000e+01,9.993592834472656250e+01,-1.243762373924255371e-01,-2.783745527267456055e-02
3.000000000000000000e+00,6.569090909090908870e-01,9.543913602828979492e-01,9.553415179252624512e-01,8.347588777542114258e-01,9.384101033210754395e-01,9.997867584228515625e+01,9.993159484863281250e+01,9.998718261718750000e+01,9.993592834472656250e+01,-1.196324825286865234e-01,-1.693141460418701172e-02
3.000000000000000000e+00,6.670000000000000373e-01,9.536943435668945312e-01,9.547013640403747559e-01,8.084383010864257812e-01,9.171531200408935547e-01,9.997867584228515625e+01,9.993159484863281250e+01,9.998718261718750000e+01,9.993592834472656250e+01,-1.452560424804687500e-01,-3.754824399948120117e-02
3.000000000000000000e+00,6.770909090909090766e-01,9.530075788497924805e-01,9.540165662765502930e-01,8.035407066345214844e-01,9.118469953536987305e-01,9.997867584228515625e+01,9.993159484863281250e+01,9.998718261718750000e+01,9.993592834472656250e+01,-1.494668722152709961e-01,-4.216957092285156250e-02
3.000000000000000000e+00,6.871818181818182270e-01,9.523224234580993652e-01,9.534273147583007812e-01,8.089898228645324707e-01,9.087662100791931152e-01,9.997867584228515625e+01,9.993159484863281250e+01,9.998718261718750000e+01,9.993592834472656250e+01,-1.433326005935668945e-01,-4.466110467910766602e-02
3.000000000000000000e+00,6.972727272727272663e-01,9.516648650169372559e-01,9.529044628143310547e-01,8.147698640823364258e-01,9.169244766235351562e-01,9.997867584228515625e+01,9.993159484863281250e+01,9.998718261718750000e+01,9.993592834472656250e+01,-1.368950009346008301e-01,-3.597998619079589844e-02
3.000000000000000000e+00,7.073636363636364166e-01,9.509259462356567383e-01,9.522460103034973145e-01,7.989221215248107910e-01,9.048923850059509277e-01,9.997867584228515625e+01,9.993159484863281250e+01,9.998718261718750000e+01,9.993592834472656250e+01,-1.520038247108459473e-01,-4.735362529754638672e-02
3.000000000000000000e+00,7.174545454545454559e-01,9.502438902854919434e-01,9.515427947044372559e-01,8.105308413505554199e-01,9.049577713012695312e-01,9.997867584228515625e+01,9.993159484863281250e+01,9.998718261718750000e+01,9.993592834472656250e+01,-1.397130489349365234e-01,-4.658502340316772461e-02
3.000000000000000000e+00,7.275454545454546063e-01,9.495418667793273926e-01,9.508872628211975098e-01,8.040022253990173340e-01,9.089556336402893066e-01,9.997867584228515625e+01,9.993159484863281250e+01,9.998718261718750000e+01,9.993592834472656250e+01,-1.455396413803100586e-01,-4.193162918090820312e-02
3.000000000000000000e+00,7.376363636363636456e-01,9.489042758941650391e-01,9.502304196357727051e-01,8.108307719230651855e-01,9.064170718193054199e-01,9.997867584228515625e+01,9.993159484863281250e+01,9.998718261718750000e+01,9.993592834472656250e+01,-1.380735039710998535e-01,-4.381334781646728516e-02
3.000000000000000000e+00,7.477272727272727959e-01,9.482491612434387207e-01,9.496192336082458496e-01,8.058026432991027832e-01,9.053951501846313477e-01,9.997867584228515625e+01,9.993159484863281250e+01,9.998718261718750000e+01,9.993592834472656250e+01,-1.424465179443359375e-01,-4.422408342361450195e-02
3.000000000000000000e+00,7.578181818181818352e-01,9.474602341651916504e-01,9.489100575447082520e-01,7.764877676963806152e-01,8.862490057945251465e-01,9.997867584228515625e+01,9.993159484863281250e+01,9.998718261718750000e+01,9.993592834472656250e+01,-1.709724664688110352e-01,-6.266105175018310547e-02
3.000000000000000000e+00,7.679090909090909856e-01,9.467704296112060547e-01,9.481705427169799805e-01,7.937043309211730957e-01,8.848221302032470703e-01,9.997867584228515625e+01,9.993159484863281250e+01,9.998718261718750000e+01,9.993592834472656250e+01,-1.530660986900329590e-01,-6.334841251373291016e-02
3.000000000000000000e+00,7.780000000000000249e-01,9.461282491683959961e-01,9.475445151329040527e-01,7.979765534400939941e-01,8.912707567214965820e-01,9.997867584228515625e+01,9.993159484863281250e+01,9.998718261718750000e+01,9.993592834472656250e+01,-1.481516957283020020e-01,-5.627375841140747070e-02
3.000000000000000000e+00,7.880909090909091752e-01,9.454050660133361816e-01,9.466615319252014160e-01,7.940381765365600586e-01,8.904019594192504883e-01,9.997867584228515625e+01,9.993159484863281250e+01,9.998718261718750000e+01,9.993592834472656250e+01,-1.513668894767761230e-01,-5.625957250595092773e-02
3.000000000000000000e+00,7.981818181818182145e-01,9.446324110031127930e-01,9.458085894584655762e-01,7.772931456565856934e-01,8.804569840431213379e-01,9.997867584228515625e+01,9.993159484863281250e+01,9.998718261718750000e+01,9.993592834472656250e+01,-1.673392653465270996e-01,-6.535160541534423828e-02
3.000000000000000000e+00,8.082727272727273649e-01,9.439793825149536133e-01,9.452642202377319336e-01,7.870739102363586426e-01,8.858258128166198730e-01,9.997867584228515625e+01,9.993159484863281250e+01,9.998718261718750000e+01,9.993592834472656250e+01,-1.569054722785949707e-01,-5.943840742111206055e-02
3.000000000000000000e+00,8.183636363636364042e-01,9.431131482124328613e-01,9.445917606353759766e-01,7.745935320854187012e-01,8.759522438049316406e-01,9.997867584228515625e+01,9.993159484863281250e+01,9.998718261718750000e+01,9.993592834472656250e+01,-1.685196161270141602e-01,-6.863951683044433594e-02
3.000000000000000000e+00,8.284545454545454435e-01,9.424136877059936523e-01,9.440761208534240723e-01,7.818587422370910645e-01,8.865069746971130371e-01,9.997867584228515625e+01,9.993159484863281250e+01,9.998718261718750000e+01,9.993592834472656250e+01,-1.605549454689025879e-01,-5.756914615631103516e-02
3.000000000000000000e+00,8.385454545454545938e-01,9.417353868484497070e-01,9.435648918151855469e-01,7.796864509582519531e-01,8.769732713699340820e-01,9.997867584228515625e+01,9.993159484863281250e+01,9.998718261718750000e+01,9.993592834472656250e+01,-1.620489358901977539e-01,-6.659162044525146484e-02
3.000000000000000000e+00,8.486363636363636331e-01,9.409975409507751465e-01,9.426652193069458008e-01,7.838587760925292969e-01,8.829897642135620117e-01,9.997867584228515625e+01,9.993159484863281250e+01,9.998718261718750000e+01,9.993592834472656250e+01,-1.571387648582458496e-01,-5.967545509338378906e-02
3.000000000000000000e+00,8.587272727272727835e-01,9.402717351913452148e-01,9.422776103019714355e-01,7.832157611846923828e-01,8.755767345428466797e-01,9.997867584228515625e+01,9.993159484863281250e+01,9.998718261718750000e+01,9.993592834472656250e+01,-1.570559740066528320e-01,-6.670087575912475586e-02
3.000000000000000000e+00,8.688181818181818228e-01,9.395476579666137695e-01,9.411554932594299316e-01,7.826451659202575684e-01,8.731870055198669434e-01,9.997867584228515625e+01,9.993159484863281250e+01,9.998718261718750000e+01,9.993592834472656250e+01,-1.569024920463562012e-01,-6.796848773956298828e-02
3.000000000000000000e+00,8.789090909090909731e-01,9.388884305953979492e-01,9.405796527862548828e-01,7.781480550765991211e-01,8.756352663040161133e-01,9.997867584228515625e+01,9.993159484863281250e+01,9.998718261718750000e+01,9.993592834472656250e+01,-1.607403755187988281e-01,-6.494438648223876953e-02
3.000000000000000000e+00,8.890000000000000124e-01,9.381373524665832520e-01,9.400738477706909180e-01,7.708273530006408691e-01,8.643079996109008789e-01,9.997867584228515625e+01,9.993159484863281250e+01,9.998718261718750000e+01,9.993592834472656250e+01,-1.673099994659423828e-01,-7.576584815979003906e-02
3.000000000000000000e+00,8.990909090909091628e-01,9.374569654464721680e-01,9.397118687629699707e-01,7.681981921195983887e-01,8.641126155853271484e-01,9.997867584228515625e+01,9.993159484863281250e+01,9.998718261718750000e+01,9.993592834472656250e+01,-1.692587733268737793e-01,-7.559925317764282227e-02
3.000000000000000000e+00,9.091818181818182021e-01,9.369974732398986816e-01,9.390922188758850098e-01,7.627862095832824707e-01,8.630307316780090332e-01,9.997867584228515625e+01,9.993159484863281250e+01,9.998718261718750000e+01,9.993592834472656250e+01,-1.742112636566162109e-01,-7.606148719787597656e-02
3.000000000000000000e+00,9.192727272727273524e-01,9.363179206848144531e-01,9.385245442390441895e-01,7.618694305419921875e-01,8.683478236198425293e-01,9.997867584228515625e+01,9.993159484863281250e+01,9.998718261718750000e+01,9.993592834472656250e+01,-1.744484901428222656e-01,-7.017672061920166016e-02
3.000000000000000000e+00,9.293636363636363917e-01,9.357854127883911133e-01,9.380118250846862793e-01,7.617392539978027344e-01,8.581154346466064453e-01,9.997867584228515625e+01,9.993159484863281250e+01,9.998718261718750000e+01,9.993592834472656250e+01,-1.740461587905883789e-01,-7.989639043807983398e-02
3.000000000000000000e+00,9.394545454545455421e-01,9.350858926773071289e-01,9.374141693115234375e-01,7.556090950965881348e-01,8.517619967460632324e-01,9.997867584228515625e+01,9.993159484863281250e+01,9.998718261718750000e+01,9.993592834472656250e+01,-1.794767975807189941e-01,-8.565217256546020508e-02
3.000000000000000000e+00,9.495454545454545814e-01,9.339938163757324219e-01,9.366368055343627930e-01,7.625759840011596680e-01,8.571636676788330078e-01,9.997867584228515625e+01,9.993159484863281250e+01,9.998718261718750000e+01,9.993592834472656250e+01,-1.714178323745727539e-01,-7.947313785552978516e-02
3.000000000000000000e+00,9.596363636363637317e-01,9.332903623580932617e-01,9.359568357467651367e-01,7.579230666160583496e-01,8.558319807052612305e-01,9.997867584228515625e+01,9.993159484863281250e+01,9.998718261718750000e+01,9.993592834472656250e+01,-1.753672957420349121e-01,-8.012485504150390625e-02
3.000000000000000000e+00,9.697272727272727710e-01,9.327889084815979004e-01,9.354862570762634277e-01,7.595157623291015625e-01,8.547493219375610352e-01,9.997867584228515625e+01,9.993159484863281250e+01,9.998718261718750000e+01,9.993592834472656250e+01,-1.732731461524963379e-01,-8.073693513870239258e-02
3.000000000000000000e+00,9.798181818181818103e-01,9.320799112319946289e-01,9.349254369735717773e-01,7.633703947067260742e-01,8.588034510612487793e-01,9.997867584228515625e+01,9.993159484863281250e+01,9.998718261718750000e+01,9.993592834472656250e+01,-1.687095165252685547e-01,-7.612198591232299805e-02
3.000000000000000000e+00,9.899090909090909607e-01,9.313571453094482422e-01,9.344491958618164062e-01,7.563562989234924316e-01,8.500903844833374023e-01,9.997867584228515625e+01,9.993159484863281250e+01,9.972183990478515625e+01,9.993376159667968750e+01,-1.750008463859558105e-01,-8.435881137847900391e-02
3.000000000000000000e+00,1.000000000000000000e+00,9.306293725967407227e-01,9.339050650596618652e-01,7.496755719184875488e-01,8.430117368698120117e-01,9.997867584228515625e+01,9.993159484863281250e+01,9.998718261718750000e+01,9.993592834472656250e+01,-1.809538006782531738e-01,-9.089332818984985352e-02
