3.000000000000000000e+00,2.000000000000000000e+00,8.000000000000000000e+01,0.000000000000000000e+00,1.000000000000000000e+00,0.000000000000000000e+00,0.000000000000000000e+00
3.000000000000000000e+00,2.000000000000000000e+00,2.000000000000000000e+02,1.800000000000000000e+01,4.000000000000000000e+00,0.000000000000000000e+00,3.000000000000000000e+00
3.000000000000000000e+00,2.000000000000000000e+00,1.550000000000000000e+02,3.000000000000000000e+00,1.000000000000000000e+00,1.000000000000000000e+00,1.000000000000000000e+00
3.000000000000000000e+00,2.000000000000000000e+00,1.000000000000000000e+02,1.000000000000000000e+00,1.000000000000000000e+00,1.000000000000000000e+00,0.000000000000000000e+00
3.000000000000000000e+00,1.959204081632652805e+00,8.000000000000000000e+01,2.000000000000000000e+00,2.000000000000000000e+00,0.000000000000000000e+00,1.000000000000000000e+00
3.000000000000000000e+00,1.959204081632652805e+00,2.000000000000000000e+02,2.000000000000000000e+01,8.000000000000000000e+00,0.000000000000000000e+00,3.000000000000000000e+00
3.000000000000000000e+00,1.959204081632652805e+00,1.550000000000000000e+02,6.000000000000000000e+00,4.000000000000000000e+00,0.000000000000000000e+00,3.000000000000000000e+00
3.000000000000000000e+00,1.959204081632652805e+00,1.000000000000000000e+02,1.000000000000000000e+00,1.000000000000000000e+00,1.000000000000000000e+00,0.000000000000000000e+00
3.000000000000000000e+00,1.918408163265306055e+00,8.000000000000000000e+01,2.000000000000000000e+00,1.000000000000000000e+00,0.000000000000000000e+00,1.000000000000000000e+00
3.000000000000000000e+00,1.918408163265306055e+00,2.000000000000000000e+02,2.200000000000000000e+01,6.000000000000000000e+00,1.000000000000000000e+00,2.000000000000000000e+00
3.000000000000000000e+00,1.918408163265306055e+00,1.550000000000000000e+02,6.000000000000000000e+00,5.000000000000000000e+00,0.000000000000000000e+00,2.000000000000000000e+00
3.000000000000000000e+00,1.918408163265306055e+00,1.000000000000000000e+02,1.000000000000000000e+00,1.000000000000000000e+00,1.000000000000000000e+00,1.000000000000000000e+00
3.000000000000000000e+00,1.877612244897959082e+00,8.000000000000000000e+01,2.000000000000000000e+00,1.000000000000000000e+00,0.000000000000000000e+00,0.000000000000000000e+00
3.000000000000000000e+00,1.877612244897959082e+00,2.000000000000000000e+02,2.800000000000000000e+01,6.000000000000000000e+00,0.000000000000000000e+00,1.000000000000000000e+00
3.000000000000000000e+00,1.877612244897959082e+00,1.550000000000000000e+02,8.000000000000000000e+00,8.000000000000000000e+00,1.000000000000000000e+00,0.000000000000000000e+00
3.000000000000000000e+00,1.877612244897959082e+00,1.000000000000000000e+02,0.000000000000000000e+00,0.000000000000000000e+00,0.000000000000000000e+00,1.000000000000000000e+00
3.000000000000000000e+00,1.836816326530612109e+00,8.000000000000000000e+01,2.000000000000000000e+00,4.000000000000000000e+00,1.000000000000000000e+00,1.000000000000000000e+00
3.000000000000000000e+00,1.836816326530612109e+00,2.000000000000000000e+02,2.500000000000000000e+01,8.000000000000000000e+00,0.000000000000000000e+00,3.000000000000000000e+00
3.000000000000000000e+00,1.836816326530612109e+00,1.550000000000000000e+02,1.400000000000000000e+01,6.000000000000000000e+00,3.000000000000000000e+00,3.000000000000000000e+00
3.000000000000000000e+00,1.836816326530612109e+00,1.000000000000000000e+02,2.000000000000000000e+00,2.000000000000000000e+00,2.000000000000000000e+00,0.000000000000000000e+00
3.000000000000000000e+00,1.796020408163265136e+00,8.000000000000000000e+01,3.000000000000000000e+00,3.000000000000000000e+00,1.000000000000000000e+00,0.000000000000000000e+00
3.000000000000000000e+00,1.796020408163265136e+00,2.000000000000000000e+02,2.600000000000000000e+01,7.000000000000000000e+00,0.000000000000000000e+00,3.000000000000000000e+00
3.000000000000000000e+00,1.796020408163265136e+00,1.550000000000000000e+02,1.100000000000000000e+01,7.000000000000000000e+00,3.000000000000000000e+00,2.000000000000000000e+00
3.000000000000000000e+00,1.796020408163265136e+00,1.000000000000000000e+02,1.000000000000000000e+00,1.000000000000000000e+00,0.000000000000000000e+00,0.000000000000000000e+00
3.000000000000000000e+00,1.755224489795918164e+00,8.000000000000000000e+01,2.000000000000000000e+00,0.000000000000000000e+00,1.000000000000000000e+00,0.000000000000000000e+00
3.000000000000000000e+00,1.755224489795918164e+00,2.000000000000000000e+02,2.700000000000000000e+01,1.200000000000000000e+01,0.000000000000000000e+00,4.000000000000000000e+00
3.000000000000000000e+00,1.755224489795918164e+00,1.550000000000000000e+02,1.200000000000000000e+01,3.000000000000000000e+00,1.000000000000000000e+00,1.000000000000000000e+00
3.000000000000000000e+00,1.755224489795918164e+00,1.000000000000000000e+02,1.000000000000000000e+00,1.000000000000000000e+00,0.000000000000000000e+00,5.000000000000000000e+00
3.000000000000000000e+00,1.714428571428571191e+00,8.000000000000000000e+01,2.000000000000000000e+00,2.000000000000000000e+00,0.000000000000000000e+00,0.000000000000000000e+00
3.000000000000000000e+00,1.714428571428571191e+00,2.000000000000000000e+02,2.900000000000000000e+01,9.000000000000000000e+00,0.000000000000000000e+00,2.000000000000000000e+00
3.000000000000000000e+00,1.714428571428571191e+00,1.550000000000000000e+02,1.200000000000000000e+01,4.000000000000000000e+00,2.000000000000000000e+00,2.000000000000000000e+00
3.000000000000000000e+00,1.714428571428571191e+00,1.000000000000000000e+02,0.000000000000000000e+00,0.000000000000000000e+00,0.000000000000000000e+00,2.000000000000000000e+00
3.000000000000000000e+00,1.673632653061224440e+00,8.000000000000000000e+01,4.000000000000000000e+00,2.000000000000000000e+00,1.000000000000000000e+00,1.000000000000000000e+00
3.000000000000000000e+00,1.673632653061224440e+00,2.000000000000000000e+02,2.800000000000000000e+01,7.000000000000000000e+00,0.000000000000000000e+00,0.000000000000000000e+00
3.000000000000000000e+00,1.673632653061224440e+00,1.550000000000000000e+02,1.000000000000000000e+01,3.000000000000000000e+00,1.000000000000000000e+00,2.000000000000000000e+00
3.000000000000000000e+00,1.673632653061224440e+00,1.000000000000000000e+02,0.000000000000000000e+00,0.000000000000000000e+00,0.000000000000000000e+00,1.000000000000000000e+00
3.000000000000000000e+00,1.632836734693877467e+00,8.000000000000000000e+01,4.000000000000000000e+00,0.000000000000000000e+00,3.000000000000000000e+00,0.000000000000000000e+00
3.000000000000000000e+00,1.632836734693877467e+00,2.000000000000000000e+02,3.000000000000000000e+01,6.000000000000000000e+00,1.000000000000000000e+00,1.000000000000000000e+00
3.000000000000000000e+00,1.632836734693877467e+00,1.550000000000000000e+02,1.100000000000000000e+01,1.200000000000000000e+01,1.000000000000000000e+00,6.000000000000000000e+00
3.000000000000000000e+00,1.632836734693877467e+00,1.000000000000000000e+02,1.000000000000000000e+00,1.000000000000000000e+00,1.000000000000000000e+00,3.000000000000000000e+00
3.000000000000000000e+00,1.592040816326530495e+00,8.000000000000000000e+01,2.000000000000000000e+00,3.000000000000000000e+00,1.000000000000000000e+00,0.000000000000000000e+00
3.000000000000000000e+00,1.592040816326530495e+00,2.000000000000000000e+02,3.200000000000000000e+01,1.000000000000000000e+01,1.000000000000000000e+00,4.000000000000000000e+00
3.000000000000000000e+00,1.592040816326530495e+00,1.550000000000000000e+02,1.200000000000000000e+01,6.000000000000000000e+00,1.000000000000000000e+00,2.000000000000000000e+00
3.000000000000000000e+00,1.592040816326530495e+00,1.000000000000000000e+02,0.000000000000000000e+00,0.000000000000000000e+00,0.000000000000000000e+00,1.000000000000000000e+00
3.000000000000000000e+00,1.551244897959183522e+00,8.000000000000000000e+01,1.000000000000000000e+00,6.000000000000000000e+00,1.000000000000000000e+00,3.000000000000000000e+00
3.000000000000000000e+00,1.551244897959183522e+00,2.000000000000000000e+02,3.400000000000000000e+01,1.100000000000000000e+01,3.000000000000000000e+00,3.000000000000000000e+00
3.000000000000000000e+00,1.551244897959183522e+00,1.550000000000000000e+02,1.400000000000000000e+01,7.000000000000000000e+00,2.000000000000000000e+00,3.000000000000000000e+00
3.000000000000000000e+00,1.551244897959183522e+00,1.000000000000000000e+02,0.000000000000000000e+00,0.000000000000000000e+00,0.000000000000000000e+00,1.000000000000000000e+00
3.000000000000000000e+00,1.510448979591836549e+00,8.000000000000000000e+01,2.000000000000000000e+00,4.000000000000000000e+00,2.000000000000000000e+00,2.000000000000000000e+00
3.000000000000000000e+00,1.510448979591836549e+00,2.000000000000000000e+02,3.100000000000000000e+01,8.000000000000000000e+00,2.000000000000000000e+00,2.000000000000000000e+00
3.000000000000000000e+00,1.510448979591836549e+00,1.550000000000000000e+02,1.400000000000000000e+01,5.000000000000000000e+00,3.000000000000000000e+00,0.000000000000000000e+00
3.000000000000000000e+00,1.510448979591836549e+00,1.000000000000000000e+02,0.000000000000000000e+00,0.000000000000000000e+00,0.000000000000000000e+00,1.000000000000000000e+00
3.000000000000000000e+00,1.469653061224489576e+00,8.000000000000000000e+01,1.000000000000000000e+00,2.000000000000000000e+00,1.000000000000000000e+00,0.000000000000000000e+00
3.000000000000000000e+00,1.469653061224489576e+00,2.000000000000000000e+02,3.400000000000000000e+01,1.200000000000000000e+01,3.000000000000000000e+00,2.000000000000000000e+00
3.000000000000000000e+00,1.469653061224489576e+00,1.550000000000000000e+02,1.100000000000000000e+01,8.000000000000000000e+00,1.000000000000000000e+00,2.000000000000000000e+00
3.000000000000000000e+00,1.469653061224489576e+00,1.000000000000000000e+02,0.000000000000000000e+00,0.000000000000000000e+00,0.000000000000000000e+00,0.000000000000000000e+00
3.000000000000000000e+00,1.428857142857142826e+00,8.000000000000000000e+01,1.000000000000000000e+00,2.000000000000000000e+00,1.000000000000000000e+00,1.000000000000000000e+00
3.000000000000000000e+00,1.428857142857142826e+00,2.000000000000000000e+02,3.300000000000000000e+01,7.000000000000000000e+00,3.000000000000000000e+00,1.000000000000000000e+00
3.000000000000000000e+00,1.428857142857142826e+00,1.550000000000000000e+02,1.200000000000000000e+01,2.000000000000000000e+00,2.000000000000000000e+00,0.000000000000000000e+00
3.000000000000000000e+00,1.428857142857142826e+00,1.000000000000000000e+02,0.000000000000000000e+00,0.000000000000000000e+00,0.000000000000000000e+00,0.000000000000000000e+00
3.000000000000000000e+00,1.388061224489795853e+00,8.000000000000000000e+01,1.000000000000000000e+00,2.000000000000000000e+00,1.000000000000000000e+00,2.000000000000000000e+00
3.000000000000000000e+00,1.388061224489795853e+00,2.000000000000000000e+02,3.400000000000000000e+01,1.700000000000000000e+01,3.000000000000000000e+00,6.000000000000000000e+00
3.000000000000000000e+00,1.388061224489795853e+00,1.550000000000000000e+02,1.400000000000000000e+01,9.000000000000000000e+00,2.000000000000000000e+00,3.000000000000000000e+00
3.000000000000000000e+00,1.388061224489795853e+00,1.000000000000000000e+02,0.000000000000000000e+00,0.000000000000000000e+00,0.000000000000000000e+00,2.000000000000000000e+00
3.000000000000000000e+00,1.347265306122448880e+00,8.000000000000000000e+01,3.000000000000000000e+00,4.000000000000000000e+00,3.000000000000000000e+00,2.000000000000000000e+00
3.000000000000000000e+00,1.347265306122448880e+00,2.000000000000000000e+02,3.500000000000000000e+01,8.000000000000000000e+00,3.000000000000000000e+00,2.000000000000000000e+00
3.000000000000000000e+00,1.347265306122448880e+00,1.550000000000000000e+02,1.400000000000000000e+01,6.000000000000000000e+00,1.000000000000000000e+00,1.000000000000000000e+00
3.000000000000000000e+00,1.347265306122448880e+00,1.000000000000000000e+02,0.000000000000000000e+00,0.000000000000000000e+00,0.000000000000000000e+00,3.000000000000000000e+00
3.000000000000000000e+00,1.306469387755101907e+00,8.000000000000000000e+01,1.000000000000000000e+00,3.000000000000000000e+00,0.000000000000000000e+00,1.000000000000000000e+00
3.000000000000000000e+00,1.306469387755101907e+00,2.000000000000000000e+02,3.600000000000000000e+01,1.200000000000000000e+01,5.000000000000000000e+00,1.000000000000000000e+00
3.000000000000000000e+00,1.306469387755101907e+00,1.550000000000000000e+02,1.500000000000000000e+01,6.000000000000000000e+00,2.000000000000000000e+00,2.000000000000000000e+00
3.000000000000000000e+00,1.306469387755101907e+00,1.000000000000000000e+02,1.000000000000000000e+00,1.000000000000000000e+00,1.000000000000000000e+00,1.000000000000000000e+00
3.000000000000000000e+00,1.265673469387754935e+00,8.000000000000000000e+01,1.000000000000000000e+00,5.000000000000000000e+00,1.000000000000000000e+00,3.000000000000000000e+00
3.000000000000000000e+00,1.265673469387754935e+00,2.000000000000000000e+02,3.600000000000000000e+01,1.900000000000000000e+01,5.000000000000000000e+00,5.000000000000000000e+00
3.000000000000000000e+00,1.265673469387754935e+00,1.550000000000000000e+02,1.500000000000000000e+01,1.000000000000000000e+01,1.000000000000000000e+00,2.000000000000000000e+00
3.000000000000000000e+00,1.265673469387754935e+00,1.000000000000000000e+02,0.000000000000000000e+00,0.000000000000000000e+00,0.000000000000000000e+00,3.000000000000000000e+00
3.000000000000000000e+00,1.224877551020407962e+00,8.000000000000000000e+01,3.000000000000000000e+00,2.000000000000000000e+00,1.000000000000000000e+00,1.000000000000000000e+00
3.000000000000000000e+00,1.224877551020407962e+00,2.000000000000000000e+02,3.800000000000000000e+01,2.200000000000000000e+01,6.000000000000000000e+00,5.000000000000000000e+00
3.000000000000000000e+00,1.224877551020407962e+00,1.550000000000000000e+02,1.400000000000000000e+01,1.100000000000000000e+01,0.000000000000000000e+00,2.000000000000000000e+00
3.000000000000000000e+00,1.224877551020407962e+00,1.000000000000000000e+02,0.000000000000000000e+00,0.000000000000000000e+00,0.000000000000000000e+00,3.000000000000000000e+00
3.000000000000000000e+00,1.184081632653060989e+00,8.000000000000000000e+01,5.000000000000000000e+00,3.000000000000000000e+00,2.000000000000000000e+00,1.000000000000000000e+00
3.000000000000000000e+00,1.184081632653060989e+00,2.000000000000000000e+02,4.100000000000000000e+01,1.600000000000000000e+01,9.000000000000000000e+00,3.000000000000000000e+00
3.000000000000000000e+00,1.184081632653060989e+00,1.550000000000000000e+02,1.400000000000000000e+01,1.700000000000000000e+01,0.000000000000000000e+00,5.000000000000000000e+00
3.000000000000000000e+00,1.184081632653060989e+00,1.000000000000000000e+02,1.000000000000000000e+00,1.000000000000000000e+00,1.000000000000000000e+00,2.000000000000000000e+00
3.000000000000000000e+00,1.143285714285714239e+00,8.000000000000000000e+01,1.000000000000000000e+00,6.000000000000000000e+00,1.000000000000000000e+00,3.000000000000000000e+00
3.000000000000000000e+00,1.143285714285714239e+00,2.000000000000000000e+02,4.400000000000000000e+01,2.000000000000000000e+01,1.000000000000000000e+01,3.000000000000000000e+00
3.000000000000000000e+00,1.143285714285714239e+00,1.550000000000000000e+02,1.500000000000000000e+01,1.400000000000000000e+01,0.000000000000000000e+00,4.000000000000000000e+00
3.000000000000000000e+00,1.143285714285714239e+00,1.000000000000000000e+02,1.000000000000000000e+00,1.000000000000000000e+00,1.000000000000000000e+00,6.000000000000000000e+00
3.000000000000000000e+00,1.102489795918367266e+00,8.000000000000000000e+01,1.000000000000000000e+00,6.000000000000000000e+00,0.000000000000000000e+00,1.000000000000000000e+00
3.000000000000000000e+00,1.102489795918367266e+00,2.000000000000000000e+02,4.900000000000000000e+01,1.800000000000000000e+01,1.000000000000000000e+01,2.000000000000000000e+00
3.000000000000000000e+00,1.102489795918367266e+00,1.550000000000000000e+02,1.700000000000000000e+01,1.000000000000000000e+01,0.000000000000000000e+00,2.000000000000000000e+00
3.000000000000000000e+00,1.102489795918367266e+00,1.000000000000000000e+02,1.000000000000000000e+00,1.000000000000000000e+00,1.000000000000000000e+00,2.000000000000000000e+00
3.000000000000000000e+00,1.061693877551020293e+00,8.000000000000000000e+01,1.000000000000000000e+00,7.000000000000000000e+00,0.000000000000000000e+00,3.000000000000000000e+00
3.000000000000000000e+00,1.061693877551020293e+00,2.000000000000000000e+02,5.700000000000000000e+01,1.600000000000000000e+01,1.400000000000000000e+01,3.000000000000000000e+00
3.000000000000000000e+00,1.061693877551020293e+00,1.550000000000000000e+02,1.800000000000000000e+01,2.100000000000000000e+01,2.000000000000000000e+00,1.000000000000000000e+00
3.000000000000000000e+00,1.061693877551020293e+00,1.000000000000000000e+02,0.000000000000000000e+00,0.000000000000000000e+00,0.000000000000000000e+00,4.000000000000000000e+00
3.000000000000000000e+00,1.020897959183673320e+00,8.000000000000000000e+01,0.000000000000000000e+00,5.000000000000000000e+00,0.000000000000000000e+00,1.000000000000000000e+00
3.000000000000000000e+00,1.020897959183673320e+00,2.000000000000000000e+02,5.400000000000000000e+01,2.000000000000000000e+01,1.400000000000000000e+01,3.000000000000000000e+00
3.000000000000000000e+00,1.020897959183673320e+00,1.550000000000000000e+02,2.000000000000000000e+01,1.300000000000000000e+01,3.000000000000000000e+00,2.000000000000000000e+00
3.000000000000000000e+00,1.020897959183673320e+00,1.000000000000000000e+02,0.000000000000000000e+00,0.000000000000000000e+00,0.000000000000000000e+00,2.000000000000000000e+00
3.000000000000000000e+00,9.801020408163264586e-01,8.000000000000000000e+01,1.000000000000000000e+00,6.000000000000000000e+00,1.000000000000000000e+00,4.000000000000000000e+00
3.000000000000000000e+00,9.801020408163264586e-01,2.000000000000000000e+02,5.500000000000000000e+01,1.900000000000000000e+01,1.400000000000000000e+01,7.000000000000000000e+00
3.000000000000000000e+00,9.801020408163264586e-01,1.550000000000000000e+02,2.200000000000000000e+01,1.300000000000000000e+01,1.000000000000000000e+00,1.000000000000000000e+00
3.000000000000000000e+00,9.801020408163264586e-01,1.000000000000000000e+02,0.000000000000000000e+00,0.000000000000000000e+00,0.000000000000000000e+00,2.000000000000000000e+00
3.000000000000000000e+00,9.393061224489795968e-01,8.000000000000000000e+01,1.000000000000000000e+00,7.000000000000000000e+00,1.000000000000000000e+00,2.000000000000000000e+00
3.000000000000000000e+00,9.393061224489795968e-01,2.000000000000000000e+02,5.700000000000000000e+01,2.000000000000000000e+01,1.500000000000000000e+01,7.000000000000000000e+00
3.000000000000000000e+00,9.393061224489795968e-01,1.550000000000000000e+02,2.000000000000000000e+01,2.200000000000000000e+01,0.000000000000000000e+00,6.000000000000000000e+00
3.000000000000000000e+00,9.393061224489795968e-01,1.000000000000000000e+02,0.000000000000000000e+00,0.000000000000000000e+00,0.000000000000000000e+00,4.000000000000000000e+00
3.000000000000000000e+00,8.985102040816326241e-01,8.000000000000000000e+01,2.000000000000000000e+00,7.000000000000000000e+00,1.000000000000000000e+00,2.000000000000000000e+00
3.000000000000000000e+00,8.985102040816326241e-01,2.000000000000000000e+02,6.100000000000000000e+01,2.800000000000000000e+01,2.100000000000000000e+01,9.000000000000000000e+00
3.000000000000000000e+00,8.985102040816326241e-01,1.550000000000000000e+02,1.900000000000000000e+01,2.400000000000000000e+01,0.000000000000000000e+00,7.000000000000000000e+00
3.000000000000000000e+00,8.985102040816326241e-01,1.000000000000000000e+02,0.000000000000000000e+00,0.000000000000000000e+00,0.000000000000000000e+00,3.000000000000000000e+00
3.000000000000000000e+00,8.577142857142856514e-01,8.000000000000000000e+01,1.000000000000000000e+00,1.000000000000000000e+01,1.000000000000000000e+00,5.000000000000000000e+00
3.000000000000000000e+00,8.577142857142856514e-01,2.000000000000000000e+02,6.100000000000000000e+01,3.100000000000000000e+01,2.000000000000000000e+01,1.200000000000000000e+01
3.000000000000000000e+00,8.577142857142856514e-01,1.550000000000000000e+02,2.400000000000000000e+01,2.900000000000000000e+01,2.000000000000000000e+00,8.000000000000000000e+00
3.000000000000000000e+00,8.577142857142856514e-01,1.000000000000000000e+02,1.000000000000000000e+00,1.000000000000000000e+00,0.000000000000000000e+00,4.000000000000000000e+00
3.000000000000000000e+00,8.169183673469387896e-01,8.000000000000000000e+01,2.000000000000000000e+00,6.000000000000000000e+00,1.000000000000000000e+00,3.000000000000000000e+00
3.000000000000000000e+00,8.169183673469387896e-01,2.000000000000000000e+02,6.600000000000000000e+01,3.200000000000000000e+01,2.600000000000000000e+01,8.000000000000000000e+00
3.000000000000000000e+00,8.169183673469387896e-01,1.550000000000000000e+02,2.500000000000000000e+01,1.800000000000000000e+01,1.000000000000000000e+00,7.000000000000000000e+00
3.000000000000000000e+00,8.169183673469387896e-01,1.000000000000000000e+02,2.000000000000000000e+00,2.000000000000000000e+00,0.000000000000000000e+00,4.000000000000000000e+00
3.000000000000000000e+00,7.761224489795918169e-01,8.000000000000000000e+01,2.000000000000000000e+00,6.000000000000000000e+00,0.000000000000000000e+00,2.000000000000000000e+00
3.000000000000000000e+00,7.761224489795918169e-01,2.000000000000000000e+02,7.000000000000000000e+01,3.300000000000000000e+01,2.700000000000000000e+01,1.200000000000000000e+01
3.000000000000000000e+00,7.761224489795918169e-01,1.550000000000000000e+02,3.000000000000000000e+01,2.700000000000000000e+01,3.000000000000000000e+00,1.000000000000000000e+01
3.000000000000000000e+00,7.761224489795918169e-01,1.000000000000000000e+02,3.000000000000000000e+00,3.000000000000000000e+00,1.000000000000000000e+00,5.000000000000000000e+00
3.000000000000000000e+00,7.353265306122448441e-01,8.000000000000000000e+01,1.000000000000000000e+00,5.000000000000000000e+00,0.000000000000000000e+00,1.000000000000000000e+00
3.000000000000000000e+00,7.353265306122448441e-01,2.000000000000000000e+02,7.500000000000000000e+01,4.300000000000000000e+01,3.100000000000000000e+01,2.100000000000000000e+01
3.000000000000000000e+00,7.353265306122448441e-01,1.550000000000000000e+02,3.100000000000000000e+01,2.600000000000000000e+01,3.000000000000000000e+00,7.000000000000000000e+00
3.000000000000000000e+00,7.353265306122448441e-01,1.000000000000000000e+02,3.000000000000000000e+00,3.000000000000000000e+00,2.000000000000000000e+00,3.000000000000000000e+00
3.000000000000000000e+00,6.945306122448979824e-01,8.000000000000000000e+01,2.000000000000000000e+00,8.000000000000000000e+00,0.000000000000000000e+00,0.000000000000000000e+00
3.000000000000000000e+00,6.945306122448979824e-01,2.000000000000000000e+02,8.100000000000000000e+01,4.400000000000000000e+01,3.200000000000000000e+01,2.100000000000000000e+01
3.000000000000000000e+00,6.945306122448979824e-01,1.550000000000000000e+02,3.800000000000000000e+01,2.900000000000000000e+01,6.000000000000000000e+00,1.000000000000000000e+01
3.000000000000000000e+00,6.945306122448979824e-01,1.000000000000000000e+02,6.000000000000000000e+00,6.000000000000000000e+00,4.000000000000000000e+00,3.000000000000000000e+00
3.000000000000000000e+00,6.537346938775510097e-01,8.000000000000000000e+01,2.000000000000000000e+00,1.300000000000000000e+01,1.000000000000000000e+00,3.000000000000000000e+00
3.000000000000000000e+00,6.537346938775510097e-01,2.000000000000000000e+02,8.300000000000000000e+01,5.500000000000000000e+01,3.400000000000000000e+01,2.300000000000000000e+01
3.000000000000000000e+00,6.537346938775510097e-01,1.550000000000000000e+02,4.200000000000000000e+01,3.200000000000000000e+01,6.000000000000000000e+00,1.100000000000000000e+01
3.000000000000000000e+00,6.537346938775510097e-01,1.000000000000000000e+02,6.000000000000000000e+00,6.000000000000000000e+00,3.000000000000000000e+00,3.000000000000000000e+00
3.000000000000000000e+00,6.129387755102040369e-01,8.000000000000000000e+01,3.000000000000000000e+00,1.100000000000000000e+01,0.000000000000000000e+00,4.000000000000000000e+00
3.000000000000000000e+00,6.129387755102040369e-01,2.000000000000000000e+02,8.900000000000000000e+01,5.000000000000000000e+01,4.300000000000000000e+01,2.600000000000000000e+01
3.000000000000000000e+00,6.129387755102040369e-01,1.550000000000000000e+02,4.600000000000000000e+01,4.600000000000000000e+01,9.000000000000000000e+00,1.800000000000000000e+01
3.000000000000000000e+00,6.129387755102040369e-01,1.000000000000000000e+02,5.000000000000000000e+00,5.000000000000000000e+00,2.000000000000000000e+00,3.000000000000000000e+00
3.000000000000000000e+00,5.721428571428571752e-01,8.000000000000000000e+01,2.000000000000000000e+00,1.300000000000000000e+01,2.000000000000000000e+00,3.000000000000000000e+00
3.000000000000000000e+00,5.721428571428571752e-01,2.000000000000000000e+02,9.000000000000000000e+01,4.900000000000000000e+01,4.700000000000000000e+01,2.500000000000000000e+01
3.000000000000000000e+00,5.721428571428571752e-01,1.550000000000000000e+02,5.000000000000000000e+01,4.100000000000000000e+01,1.500000000000000000e+01,1.700000000000000000e+01
3.000000000000000000e+00,5.721428571428571752e-01,1.000000000000000000e+02,6.000000000000000000e+00,6.000000000000000000e+00,3.000000000000000000e+00,5.000000000000000000e+00
3.000000000000000000e+00,5.313469387755102025e-01,8.000000000000000000e+01,3.000000000000000000e+00,2.000000000000000000e+01,1.000000000000000000e+00,4.000000000000000000e+00
3.000000000000000000e+00,5.313469387755102025e-01,2.000000000000000000e+02,9.000000000000000000e+01,5.700000000000000000e+01,5.000000000000000000e+01,2.900000000000000000e+01
3.000000000000000000e+00,5.313469387755102025e-01,1.550000000000000000e+02,5.600000000000000000e+01,4.300000000000000000e+01,1.700000000000000000e+01,2.000000000000000000e+01
3.000000000000000000e+00,5.313469387755102025e-01,1.000000000000000000e+02,5.000000000000000000e+00,5.000000000000000000e+00,0.000000000000000000e+00,4.000000000000000000e+00
3.000000000000000000e+00,4.905510204081632297e-01,8.000000000000000000e+01,2.000000000000000000e+00,1.800000000000000000e+01,2.000000000000000000e+00,5.000000000000000000e+00
3.000000000000000000e+00,4.905510204081632297e-01,2.000000000000000000e+02,1.030000000000000000e+02,6.100000000000000000e+01,6.200000000000000000e+01,3.500000000000000000e+01
3.000000000000000000e+00,4.905510204081632297e-01,1.550000000000000000e+02,6.000000000000000000e+01,4.700000000000000000e+01,2.500000000000000000e+01,1.700000000000000000e+01
3.000000000000000000e+00,4.905510204081632297e-01,1.000000000000000000e+02,7.000000000000000000e+00,7.000000000000000000e+00,0.000000000000000000e+00,1.000000000000000000e+01
3.000000000000000000e+00,4.497551020408163125e-01,8.000000000000000000e+01,1.000000000000000000e+00,1.600000000000000000e+01,1.000000000000000000e+00,8.000000000000000000e+00
3.000000000000000000e+00,4.497551020408163125e-01,2.000000000000000000e+02,1.010000000000000000e+02,6.200000000000000000e+01,6.300000000000000000e+01,3.600000000000000000e+01
3.000000000000000000e+00,4.497551020408163125e-01,1.550000000000000000e+02,6.600000000000000000e+01,5.200000000000000000e+01,2.800000000000000000e+01,3.200000000000000000e+01
3.000000000000000000e+00,4.497551020408163125e-01,1.000000000000000000e+02,1.500000000000000000e+01,1.500000000000000000e+01,0.000000000000000000e+00,7.000000000000000000e+00
3.000000000000000000e+00,4.089591836734693953e-01,8.000000000000000000e+01,1.000000000000000000e+00,2.000000000000000000e+01,0.000000000000000000e+00,7.000000000000000000e+00
3.000000000000000000e+00,4.089591836734693953e-01,2.000000000000000000e+02,1.100000000000000000e+02,8.900000000000000000e+01,6.600000000000000000e+01,5.500000000000000000e+01
3.000000000000000000e+00,4.089591836734693953e-01,1.550000000000000000e+02,6.800000000000000000e+01,6.400000000000000000e+01,3.400000000000000000e+01,3.200000000000000000e+01
3.000000000000000000e+00,4.089591836734693953e-01,1.000000000000000000e+02,1.900000000000000000e+01,1.900000000000000000e+01,1.000000000000000000e+00,9.000000000000000000e+00
3.000000000000000000e+00,3.681632653061224225e-01,8.000000000000000000e+01,2.000000000000000000e+00,2.900000000000000000e+01,0.000000000000000000e+00,1.300000000000000000e+01
3.000000000000000000e+00,3.681632653061224225e-01,2.000000000000000000e+02,1.150000000000000000e+02,8.900000000000000000e+01,7.300000000000000000e+01,5.000000000000000000e+01
3.000000000000000000e+00,3.681632653061224225e-01,1.550000000000000000e+02,7.300000000000000000e+01,7.900000000000000000e+01,3.400000000000000000e+01,4.900000000000000000e+01
3.000000000000000000e+00,3.681632653061224225e-01,1.000000000000000000e+02,2.200000000000000000e+01,2.200000000000000000e+01,3.000000000000000000e+00,1.100000000000000000e+01
3.000000000000000000e+00,3.273673469387755053e-01,8.000000000000000000e+01,3.000000000000000000e+00,2.900000000000000000e+01,0.000000000000000000e+00,1.100000000000000000e+01
3.000000000000000000e+00,3.273673469387755053e-01,2.000000000000000000e+02,1.230000000000000000e+02,1.080000000000000000e+02,8.200000000000000000e+01,7.100000000000000000e+01
3.000000000000000000e+00,3.273673469387755053e-01,1.550000000000000000e+02,7.900000000000000000e+01,8.100000000000000000e+01,4.600000000000000000e+01,4.300000000000000000e+01
3.000000000000000000e+00,3.273673469387755053e-01,1.000000000000000000e+02,2.800000000000000000e+01,2.800000000000000000e+01,6.000000000000000000e+00,1.400000000000000000e+01
3.000000000000000000e+00,2.865714285714285881e-01,8.000000000000000000e+01,7.000000000000000000e+00,3.100000000000000000e+01,2.000000000000000000e+00,9.000000000000000000e+00
3.000000000000000000e+00,2.865714285714285881e-01,2.000000000000000000e+02,1.220000000000000000e+02,1.090000000000000000e+02,8.500000000000000000e+01,7.300000000000000000e+01
3.000000000000000000e+00,2.865714285714285881e-01,1.550000000000000000e+02,9.000000000000000000e+01,8.500000000000000000e+01,5.400000000000000000e+01,4.300000000000000000e+01
3.000000000000000000e+00,2.865714285714285881e-01,1.000000000000000000e+02,3.600000000000000000e+01,3.600000000000000000e+01,6.000000000000000000e+00,2.000000000000000000e+01
3.000000000000000000e+00,2.457755102040816153e-01,8.000000000000000000e+01,1.900000000000000000e+01,3.900000000000000000e+01,2.000000000000000000e+00,1.200000000000000000e+01
3.000000000000000000e+00,2.457755102040816153e-01,2.000000000000000000e+02,1.350000000000000000e+02,1.340000000000000000e+02,9.600000000000000000e+01,9.100000000000000000e+01
3.000000000000000000e+00,2.457755102040816153e-01,1.550000000000000000e+02,9.300000000000000000e+01,1.000000000000000000e+02,5.900000000000000000e+01,6.300000000000000000e+01
3.000000000000000000e+00,2.457755102040816153e-01,1.000000000000000000e+02,3.500000000000000000e+01,3.500000000000000000e+01,1.300000000000000000e+01,2.600000000000000000e+01
3.000000000000000000e+00,2.049795918367346981e-01,8.000000000000000000e+01,1.500000000000000000e+01,4.900000000000000000e+01,0.000000000000000000e+00,2.300000000000000000e+01
3.000000000000000000e+00,2.049795918367346981e-01,2.000000000000000000e+02,1.540000000000000000e+02,1.530000000000000000e+02,1.210000000000000000e+02,1.120000000000000000e+02
3.000000000000000000e+00,2.049795918367346981e-01,1.550000000000000000e+02,1.050000000000000000e+02,1.070000000000000000e+02,6.800000000000000000e+01,7.200000000000000000e+01
3.000000000000000000e+00,2.049795918367346981e-01,1.000000000000000000e+02,3.700000000000000000e+01,3.700000000000000000e+01,1.500000000000000000e+01,3.000000000000000000e+01
3.000000000000000000e+00,1.641836734693877531e-01,8.000000000000000000e+01,2.500000000000000000e+01,6.600000000000000000e+01,2.000000000000000000e+00,2.900000000000000000e+01
3.000000000000000000e+00,1.641836734693877531e-01,2.000000000000000000e+02,1.760000000000000000e+02,1.710000000000000000e+02,1.420000000000000000e+02,1.330000000000000000e+02
3.000000000000000000e+00,1.641836734693877531e-01,1.550000000000000000e+02,1.220000000000000000e+02,1.300000000000000000e+02,8.100000000000000000e+01,8.800000000000000000e+01
3.000000000000000000e+00,1.641836734693877531e-01,1.000000000000000000e+02,4.800000000000000000e+01,4.800000000000000000e+01,1.800000000000000000e+01,3.500000000000000000e+01
3.000000000000000000e+00,1.233877551020408081e-01,8.000000000000000000e+01,3.600000000000000000e+01,8.800000000000000000e+01,5.000000000000000000e+00,4.300000000000000000e+01
3.000000000000000000e+00,1.233877551020408081e-01,2.000000000000000000e+02,1.960000000000000000e+02,1.960000000000000000e+02,1.680000000000000000e+02,1.640000000000000000e+02
3.000000000000000000e+00,1.233877551020408081e-01,1.550000000000000000e+02,1.380000000000000000e+02,1.550000000000000000e+02,1.000000000000000000e+02,1.110000000000000000e+02
3.000000000000000000e+00,1.233877551020408081e-01,1.000000000000000000e+02,5.500000000000000000e+01,5.500000000000000000e+01,1.700000000000000000e+01,6.600000000000000000e+01
3.000000000000000000e+00,8.259183673469387699e-02,8.000000000000000000e+01,5.400000000000000000e+01,1.010000000000000000e+02,1.900000000000000000e+01,5.000000000000000000e+01
3.000000000000000000e+00,8.259183673469387699e-02,2.000000000000000000e+02,2.250000000000000000e+02,2.370000000000000000e+02,2.060000000000000000e+02,2.110000000000000000e+02
3.000000000000000000e+00,8.259183673469387699e-02,1.550000000000000000e+02,1.560000000000000000e+02,1.900000000000000000e+02,1.210000000000000000e+02,1.570000000000000000e+02
3.000000000000000000e+00,8.259183673469387699e-02,1.000000000000000000e+02,6.700000000000000000e+01,6.700000000000000000e+01,3.100000000000000000e+01,7.500000000000000000e+01
3.000000000000000000e+00,4.179591836734693894e-02,8.000000000000000000e+01,7.800000000000000000e+01,1.490000000000000000e+02,2.600000000000000000e+01,9.300000000000000000e+01
3.000000000000000000e+00,4.179591836734693894e-02,2.000000000000000000e+02,2.660000000000000000e+02,2.850000000000000000e+02,2.500000000000000000e+02,2.680000000000000000e+02
3.000000000000000000e+00,4.179591836734693894e-02,1.550000000000000000e+02,2.090000000000000000e+02,2.290000000000000000e+02,1.830000000000000000e+02,1.960000000000000000e+02
3.000000000000000000e+00,4.179591836734693894e-02,1.000000000000000000e+02,1.160000000000000000e+02,1.160000000000000000e+02,6.100000000000000000e+01,1.370000000000000000e+02
3.000000000000000000e+00,1.000000000000000021e-03,8.000000000000000000e+01,1.520000000000000000e+02,2.310000000000000000e+02,7.700000000000000000e+01,1.720000000000000000e+02
3.000000000000000000e+00,1.000000000000000021e-03,2.000000000000000000e+02,3.330000000000000000e+02,3.310000000000000000e+02,3.270000000000000000e+02,3.170000000000000000e+02
3.000000000000000000e+00,1.000000000000000021e-03,1.550000000000000000e+02,3.130000000000000000e+02,3.190000000000000000e+02,2.890000000000000000e+02,3.030000000000000000e+02
3.000000000000000000e+00,1.000000000000000021e-03,1.000000000000000000e+02,2.230000000000000000e+02,2.230000000000000000e+02,1.430000000000000000e+02,2.320000000000000000e+02
2.000000000000000000e+00,1.200000000000000000e+01,8.000000000000000000e+01,2.700000000000000000e+01,1.500000000000000000e+01,9.000000000000000000e+00,5.000000000000000000e+00
2.000000000000000000e+00,1.200000000000000000e+01,2.000000000000000000e+02,1.040000000000000000e+02,1.020000000000000000e+02,1.700000000000000000e+01,2.300000000000000000e+01
2.000000000000000000e+00,1.200000000000000000e+01,1.550000000000000000e+02,5.800000000000000000e+01,8.600000000000000000e+01,5.000000000000000000e+00,1.400000000000000000e+01
2.000000000000000000e+00,1.200000000000000000e+01,1.000000000000000000e+02,9.000000000000000000e+00,9.000000000000000000e+00,4.000000000000000000e+00,7.000000000000000000e+00
2.000000000000000000e+00,1.189898989898989967e+01,8.000000000000000000e+01,3.000000000000000000e+01,8.000000000000000000e+00,1.300000000000000000e+01,1.000000000000000000e+00
2.000000000000000000e+00,1.189898989898989967e+01,2.000000000000000000e+02,1.130000000000000000e+02,1.120000000000000000e+02,2.000000000000000000e+01,2.800000000000000000e+01
2.000000000000000000e+00,1.189898989898989967e+01,1.550000000000000000e+02,5.700000000000000000e+01,7.600000000000000000e+01,5.000000000000000000e+00,1.300000000000000000e+01
2.000000000000000000e+00,1.189898989898989967e+01,1.000000000000000000e+02,9.000000000000000000e+00,9.000000000000000000e+00,5.000000000000000000e+00,6.000000000000000000e+00
2.000000000000000000e+00,1.179797979797979757e+01,8.000000000000000000e+01,2.900000000000000000e+01,1.600000000000000000e+01,1.500000000000000000e+01,6.000000000000000000e+00
2.000000000000000000e+00,1.179797979797979757e+01,2.000000000000000000e+02,1.150000000000000000e+02,1.130000000000000000e+02,2.000000000000000000e+01,3.600000000000000000e+01
2.000000000000000000e+00,1.179797979797979757e+01,1.550000000000000000e+02,6.700000000000000000e+01,8.600000000000000000e+01,8.000000000000000000e+00,2.400000000000000000e+01
2.000000000000000000e+00,1.179797979797979757e+01,1.000000000000000000e+02,1.100000000000000000e+01,1.100000000000000000e+01,6.000000000000000000e+00,1.000000000000000000e+01
2.000000000000000000e+00,1.169696969696969724e+01,8.000000000000000000e+01,2.400000000000000000e+01,1.200000000000000000e+01,1.400000000000000000e+01,4.000000000000000000e+00
2.000000000000000000e+00,1.169696969696969724e+01,2.000000000000000000e+02,1.140000000000000000e+02,1.140000000000000000e+02,1.900000000000000000e+01,3.800000000000000000e+01
2.000000000000000000e+00,1.169696969696969724e+01,1.550000000000000000e+02,6.500000000000000000e+01,8.400000000000000000e+01,6.000000000000000000e+00,1.100000000000000000e+01
2.000000000000000000e+00,1.169696969696969724e+01,1.000000000000000000e+02,9.000000000000000000e+00,9.000000000000000000e+00,6.000000000000000000e+00,3.000000000000000000e+00
2.000000000000000000e+00,1.159595959595959513e+01,8.000000000000000000e+01,2.100000000000000000e+01,3.000000000000000000e+00,1.200000000000000000e+01,3.000000000000000000e+00
2.000000000000000000e+00,1.159595959595959513e+01,2.000000000000000000e+02,1.110000000000000000e+02,1.150000000000000000e+02,1.600000000000000000e+01,4.300000000000000000e+01
2.000000000000000000e+00,1.159595959595959513e+01,1.550000000000000000e+02,6.700000000000000000e+01,8.900000000000000000e+01,6.000000000000000000e+00,1.600000000000000000e+01
2.000000000000000000e+00,1.159595959595959513e+01,1.000000000000000000e+02,9.000000000000000000e+00,9.000000000000000000e+00,6.000000000000000000e+00,5.000000000000000000e+00
2.000000000000000000e+00,1.149494949494949481e+01,8.000000000000000000e+01,2.300000000000000000e+01,1.400000000000000000e+01,1.300000000000000000e+01,7.000000000000000000e+00
2.000000000000000000e+00,1.149494949494949481e+01,2.000000000000000000e+02,1.130000000000000000e+02,1.260000000000000000e+02,2.000000000000000000e+01,3.900000000000000000e+01
2.000000000000000000e+00,1.149494949494949481e+01,1.550000000000000000e+02,7.100000000000000000e+01,8.500000000000000000e+01,8.000000000000000000e+00,1.400000000000000000e+01
2.000000000000000000e+00,1.149494949494949481e+01,1.000000000000000000e+02,8.000000000000000000e+00,8.000000000000000000e+00,4.000000000000000000e+00,6.000000000000000000e+00
2.000000000000000000e+00,1.139393939393939448e+01,8.000000000000000000e+01,2.600000000000000000e+01,1.600000000000000000e+01,1.000000000000000000e+01,8.000000000000000000e+00
2.000000000000000000e+00,1.139393939393939448e+01,2.000000000000000000e+02,1.180000000000000000e+02,1.190000000000000000e+02,2.300000000000000000e+01,4.100000000000000000e+01
2.000000000000000000e+00,1.139393939393939448e+01,1.550000000000000000e+02,7.600000000000000000e+01,7.700000000000000000e+01,1.000000000000000000e+01,1.700000000000000000e+01
2.000000000000000000e+00,1.139393939393939448e+01,1.000000000000000000e+02,8.000000000000000000e+00,8.000000000000000000e+00,3.000000000000000000e+00,8.000000000000000000e+00
2.000000000000000000e+00,1.129292929292929237e+01,8.000000000000000000e+01,2.900000000000000000e+01,1.000000000000000000e+01,9.000000000000000000e+00,3.000000000000000000e+00
2.000000000000000000e+00,1.129292929292929237e+01,2.000000000000000000e+02,1.190000000000000000e+02,1.240000000000000000e+02,2.200000000000000000e+01,4.700000000000000000e+01
2.000000000000000000e+00,1.129292929292929237e+01,1.550000000000000000e+02,7.100000000000000000e+01,8.800000000000000000e+01,7.000000000000000000e+00,1.500000000000000000e+01
2.000000000000000000e+00,1.129292929292929237e+01,1.000000000000000000e+02,8.000000000000000000e+00,8.000000000000000000e+00,4.000000000000000000e+00,6.000000000000000000e+00
2.000000000000000000e+00,1.119191919191919204e+01,8.000000000000000000e+01,2.500000000000000000e+01,1.200000000000000000e+01,1.000000000000000000e+01,4.000000000000000000e+00
2.000000000000000000e+00,1.119191919191919204e+01,2.000000000000000000e+02,1.210000000000000000e+02,1.260000000000000000e+02,1.900000000000000000e+01,4.600000000000000000e+01
2.000000000000000000e+00,1.119191919191919204e+01,1.550000000000000000e+02,6.500000000000000000e+01,7.900000000000000000e+01,5.000000000000000000e+00,9.000000000000000000e+00
2.000000000000000000e+00,1.119191919191919204e+01,1.000000000000000000e+02,8.000000000000000000e+00,8.000000000000000000e+00,6.000000000000000000e+00,8.000000000000000000e+00
2.000000000000000000e+00,1.109090909090908994e+01,8.000000000000000000e+01,2.400000000000000000e+01,1.200000000000000000e+01,1.000000000000000000e+01,3.000000000000000000e+00
2.000000000000000000e+00,1.109090909090908994e+01,2.000000000000000000e+02,1.250000000000000000e+02,1.230000000000000000e+02,2.500000000000000000e+01,3.900000000000000000e+01
2.000000000000000000e+00,1.109090909090908994e+01,1.550000000000000000e+02,7.100000000000000000e+01,8.500000000000000000e+01,8.000000000000000000e+00,1.500000000000000000e+01
2.000000000000000000e+00,1.109090909090908994e+01,1.000000000000000000e+02,8.000000000000000000e+00,8.000000000000000000e+00,7.000000000000000000e+00,5.000000000000000000e+00
2.000000000000000000e+00,1.098989898989898961e+01,8.000000000000000000e+01,3.000000000000000000e+01,1.600000000000000000e+01,1.200000000000000000e+01,6.000000000000000000e+00
2.000000000000000000e+00,1.098989898989898961e+01,2.000000000000000000e+02,1.210000000000000000e+02,1.160000000000000000e+02,1.800000000000000000e+01,4.300000000000000000e+01
2.000000000000000000e+00,1.098989898989898961e+01,1.550000000000000000e+02,7.100000000000000000e+01,9.000000000000000000e+01,6.000000000000000000e+00,2.500000000000000000e+01
2.000000000000000000e+00,1.098989898989898961e+01,1.000000000000000000e+02,1.000000000000000000e+01,1.000000000000000000e+01,7.000000000000000000e+00,4.000000000000000000e+00
2.000000000000000000e+00,1.088888888888888928e+01,8.000000000000000000e+01,2.800000000000000000e+01,1.400000000000000000e+01,8.000000000000000000e+00,3.000000000000000000e+00
2.000000000000000000e+00,1.088888888888888928e+01,2.000000000000000000e+02,1.200000000000000000e+02,1.190000000000000000e+02,1.900000000000000000e+01,3.400000000000000000e+01
2.000000000000000000e+00,1.088888888888888928e+01,1.550000000000000000e+02,6.900000000000000000e+01,7.700000000000000000e+01,5.000000000000000000e+00,1.600000000000000000e+01
2.000000000000000000e+00,1.088888888888888928e+01,1.000000000000000000e+02,1.400000000000000000e+01,1.400000000000000000e+01,9.000000000000000000e+00,7.000000000000000000e+00
2.000000000000000000e+00,1.078787878787878718e+01,8.000000000000000000e+01,2.800000000000000000e+01,1.400000000000000000e+01,1.200000000000000000e+01,2.000000000000000000e+00
2.000000000000000000e+00,1.078787878787878718e+01,2.000000000000000000e+02,1.210000000000000000e+02,1.270000000000000000e+02,1.900000000000000000e+01,5.100000000000000000e+01
2.000000000000000000e+00,1.078787878787878718e+01,1.550000000000000000e+02,6.800000000000000000e+01,9.200000000000000000e+01,5.000000000000000000e+00,2.100000000000000000e+01
2.000000000000000000e+00,1.078787878787878718e+01,1.000000000000000000e+02,1.300000000000000000e+01,1.300000000000000000e+01,7.000000000000000000e+00,1.000000000000000000e+01
2.000000000000000000e+00,1.068686868686868685e+01,8.000000000000000000e+01,2.200000000000000000e+01,2.100000000000000000e+01,8.000000000000000000e+00,4.000000000000000000e+00
2.000000000000000000e+00,1.068686868686868685e+01,2.000000000000000000e+02,1.230000000000000000e+02,1.360000000000000000e+02,2.200000000000000000e+01,5.200000000000000000e+01
2.000000000000000000e+00,1.068686868686868685e+01,1.550000000000000000e+02,6.600000000000000000e+01,1.090000000000000000e+02,3.000000000000000000e+00,2.500000000000000000e+01
2.000000000000000000e+00,1.068686868686868685e+01,1.000000000000000000e+02,1.200000000000000000e+01,1.200000000000000000e+01,8.000000000000000000e+00,3.000000000000000000e+00
2.000000000000000000e+00,1.058585858585858652e+01,8.000000000000000000e+01,2.600000000000000000e+01,1.700000000000000000e+01,1.000000000000000000e+01,2.000000000000000000e+00
2.000000000000000000e+00,1.058585858585858652e+01,2.000000000000000000e+02,1.350000000000000000e+02,1.390000000000000000e+02,2.500000000000000000e+01,5.200000000000000000e+01
2.000000000000000000e+00,1.058585858585858652e+01,1.550000000000000000e+02,7.800000000000000000e+01,1.010000000000000000e+02,5.000000000000000000e+00,3.000000000000000000e+01
2.000000000000000000e+00,1.058585858585858652e+01,1.000000000000000000e+02,1.400000000000000000e+01,1.400000000000000000e+01,8.000000000000000000e+00,5.000000000000000000e+00
2.000000000000000000e+00,1.048484848484848442e+01,8.000000000000000000e+01,2.300000000000000000e+01,1.600000000000000000e+01,8.000000000000000000e+00,1.000000000000000000e+00
2.000000000000000000e+00,1.048484848484848442e+01,2.000000000000000000e+02,1.350000000000000000e+02,1.320000000000000000e+02,2.200000000000000000e+01,5.800000000000000000e+01
2.000000000000000000e+00,1.048484848484848442e+01,1.550000000000000000e+02,7.400000000000000000e+01,9.900000000000000000e+01,4.000000000000000000e+00,1.600000000000000000e+01
2.000000000000000000e+00,1.048484848484848442e+01,1.000000000000000000e+02,1.200000000000000000e+01,1.200000000000000000e+01,7.000000000000000000e+00,5.000000000000000000e+00
2.000000000000000000e+00,1.038383838383838409e+01,8.000000000000000000e+01,2.200000000000000000e+01,1.500000000000000000e+01,1.100000000000000000e+01,2.000000000000000000e+00
2.000000000000000000e+00,1.038383838383838409e+01,2.000000000000000000e+02,1.420000000000000000e+02,1.330000000000000000e+02,2.700000000000000000e+01,4.600000000000000000e+01
2.000000000000000000e+00,1.038383838383838409e+01,1.550000000000000000e+02,7.600000000000000000e+01,1.050000000000000000e+02,1.000000000000000000e+01,1.800000000000000000e+01
2.000000000000000000e+00,1.038383838383838409e+01,1.000000000000000000e+02,1.300000000000000000e+01,1.300000000000000000e+01,1.000000000000000000e+01,4.000000000000000000e+00
2.000000000000000000e+00,1.028282828282828198e+01,8.000000000000000000e+01,2.200000000000000000e+01,2.000000000000000000e+01,7.000000000000000000e+00,4.000000000000000000e+00
2.000000000000000000e+00,1.028282828282828198e+01,2.000000000000000000e+02,1.340000000000000000e+02,1.280000000000000000e+02,2.600000000000000000e+01,3.800000000000000000e+01
2.000000000000000000e+00,1.028282828282828198e+01,1.550000000000000000e+02,7.900000000000000000e+01,1.020000000000000000e+02,9.000000000000000000e+00,2.400000000000000000e+01
2.000000000000000000e+00,1.028282828282828198e+01,1.000000000000000000e+02,1.400000000000000000e+01,1.400000000000000000e+01,9.000000000000000000e+00,6.000000000000000000e+00
2.000000000000000000e+00,1.018181818181818166e+01,8.000000000000000000e+01,2.400000000000000000e+01,1.700000000000000000e+01,1.000000000000000000e+01,2.000000000000000000e+00
2.000000000000000000e+00,1.018181818181818166e+01,2.000000000000000000e+02,1.300000000000000000e+02,1.300000000000000000e+02,2.600000000000000000e+01,5.300000000000000000e+01
2.000000000000000000e+00,1.018181818181818166e+01,1.550000000000000000e+02,7.600000000000000000e+01,9.200000000000000000e+01,8.000000000000000000e+00,2.300000000000000000e+01
2.000000000000000000e+00,1.018181818181818166e+01,1.000000000000000000e+02,1.400000000000000000e+01,1.400000000000000000e+01,7.000000000000000000e+00,5.000000000000000000e+00
2.000000000000000000e+00,1.008080808080808133e+01,8.000000000000000000e+01,2.300000000000000000e+01,2.200000000000000000e+01,1.000000000000000000e+01,4.000000000000000000e+00
2.000000000000000000e+00,1.008080808080808133e+01,2.000000000000000000e+02,1.320000000000000000e+02,1.200000000000000000e+02,3.400000000000000000e+01,5.800000000000000000e+01
2.000000000000000000e+00,1.008080808080808133e+01,1.550000000000000000e+02,7.400000000000000000e+01,1.060000000000000000e+02,1.000000000000000000e+01,2.800000000000000000e+01
2.000000000000000000e+00,1.008080808080808133e+01,1.000000000000000000e+02,1.200000000000000000e+01,1.200000000000000000e+01,5.000000000000000000e+00,6.000000000000000000e+00
2.000000000000000000e+00,9.979797979797979224e+00,8.000000000000000000e+01,2.400000000000000000e+01,2.300000000000000000e+01,1.000000000000000000e+01,2.000000000000000000e+00
2.000000000000000000e+00,9.979797979797979224e+00,2.000000000000000000e+02,1.340000000000000000e+02,1.360000000000000000e+02,3.800000000000000000e+01,5.000000000000000000e+01
2.000000000000000000e+00,9.979797979797979224e+00,1.550000000000000000e+02,7.800000000000000000e+01,1.020000000000000000e+02,1.100000000000000000e+01,2.300000000000000000e+01
2.000000000000000000e+00,9.979797979797979224e+00,1.000000000000000000e+02,1.300000000000000000e+01,1.300000000000000000e+01,5.000000000000000000e+00,5.000000000000000000e+00
2.000000000000000000e+00,9.878787878787878896e+00,8.000000000000000000e+01,2.400000000000000000e+01,2.200000000000000000e+01,7.000000000000000000e+00,3.000000000000000000e+00
2.000000000000000000e+00,9.878787878787878896e+00,2.000000000000000000e+02,1.360000000000000000e+02,1.300000000000000000e+02,3.700000000000000000e+01,5.400000000000000000e+01
2.000000000000000000e+00,9.878787878787878896e+00,1.550000000000000000e+02,8.000000000000000000e+01,1.160000000000000000e+02,1.100000000000000000e+01,2.900000000000000000e+01
2.000000000000000000e+00,9.878787878787878896e+00,1.000000000000000000e+02,1.500000000000000000e+01,1.500000000000000000e+01,8.000000000000000000e+00,5.000000000000000000e+00
2.000000000000000000e+00,9.777777777777778567e+00,8.000000000000000000e+01,1.800000000000000000e+01,2.100000000000000000e+01,4.000000000000000000e+00,2.000000000000000000e+00
2.000000000000000000e+00,9.777777777777778567e+00,2.000000000000000000e+02,1.490000000000000000e+02,1.440000000000000000e+02,4.100000000000000000e+01,5.200000000000000000e+01
2.000000000000000000e+00,9.777777777777778567e+00,1.550000000000000000e+02,7.200000000000000000e+01,9.800000000000000000e+01,6.000000000000000000e+00,2.700000000000000000e+01
2.000000000000000000e+00,9.777777777777778567e+00,1.000000000000000000e+02,1.500000000000000000e+01,1.500000000000000000e+01,6.000000000000000000e+00,5.000000000000000000e+00
2.000000000000000000e+00,9.676767676767676463e+00,8.000000000000000000e+01,1.300000000000000000e+01,2.600000000000000000e+01,4.000000000000000000e+00,5.000000000000000000e+00
2.000000000000000000e+00,9.676767676767676463e+00,2.000000000000000000e+02,1.450000000000000000e+02,1.410000000000000000e+02,3.800000000000000000e+01,6.300000000000000000e+01
2.000000000000000000e+00,9.676767676767676463e+00,1.550000000000000000e+02,6.800000000000000000e+01,1.090000000000000000e+02,6.000000000000000000e+00,3.300000000000000000e+01
2.000000000000000000e+00,9.676767676767676463e+00,1.000000000000000000e+02,1.300000000000000000e+01,1.300000000000000000e+01,5.000000000000000000e+00,6.000000000000000000e+00
2.000000000000000000e+00,9.575757575757574358e+00,8.000000000000000000e+01,1.300000000000000000e+01,2.000000000000000000e+01,4.000000000000000000e+00,6.000000000000000000e+00
2.000000000000000000e+00,9.575757575757574358e+00,2.000000000000000000e+02,1.500000000000000000e+02,1.490000000000000000e+02,4.400000000000000000e+01,6.500000000000000000e+01
2.000000000000000000e+00,9.575757575757574358e+00,1.550000000000000000e+02,7.100000000000000000e+01,1.190000000000000000e+02,7.000000000000000000e+00,4.100000000000000000e+01
2.000000000000000000e+00,9.575757575757574358e+00,1.000000000000000000e+02,8.000000000000000000e+00,8.000000000000000000e+00,4.000000000000000000e+00,4.000000000000000000e+00
2.000000000000000000e+00,9.474747474747474030e+00,8.000000000000000000e+01,2.100000000000000000e+01,3.200000000000000000e+01,1.100000000000000000e+01,5.000000000000000000e+00
2.000000000000000000e+00,9.474747474747474030e+00,2.000000000000000000e+02,1.600000000000000000e+02,1.510000000000000000e+02,5.200000000000000000e+01,6.600000000000000000e+01
2.000000000000000000e+00,9.474747474747474030e+00,1.550000000000000000e+02,8.000000000000000000e+01,1.150000000000000000e+02,6.000000000000000000e+00,3.300000000000000000e+01
2.000000000000000000e+00,9.474747474747474030e+00,1.000000000000000000e+02,9.000000000000000000e+00,9.000000000000000000e+00,6.000000000000000000e+00,1.000000000000000000e+01
2.000000000000000000e+00,9.373737373737373701e+00,8.000000000000000000e+01,2.400000000000000000e+01,3.000000000000000000e+01,8.000000000000000000e+00,6.000000000000000000e+00
2.000000000000000000e+00,9.373737373737373701e+00,2.000000000000000000e+02,1.570000000000000000e+02,1.450000000000000000e+02,5.300000000000000000e+01,7.000000000000000000e+01
2.000000000000000000e+00,9.373737373737373701e+00,1.550000000000000000e+02,8.000000000000000000e+01,1.190000000000000000e+02,7.000000000000000000e+00,3.400000000000000000e+01
2.000000000000000000e+00,9.373737373737373701e+00,1.000000000000000000e+02,7.000000000000000000e+00,7.000000000000000000e+00,5.000000000000000000e+00,5.000000000000000000e+00
2.000000000000000000e+00,9.272727272727273373e+00,8.000000000000000000e+01,1.400000000000000000e+01,2.100000000000000000e+01,7.000000000000000000e+00,7.000000000000000000e+00
2.000000000000000000e+00,9.272727272727273373e+00,2.000000000000000000e+02,1.610000000000000000e+02,1.420000000000000000e+02,5.000000000000000000e+01,6.700000000000000000e+01
2.000000000000000000e+00,9.272727272727273373e+00,1.550000000000000000e+02,8.500000000000000000e+01,1.200000000000000000e+02,1.000000000000000000e+01,3.700000000000000000e+01
2.000000000000000000e+00,9.272727272727273373e+00,1.000000000000000000e+02,8.000000000000000000e+00,8.000000000000000000e+00,6.000000000000000000e+00,7.000000000000000000e+00
2.000000000000000000e+00,9.171717171717171269e+00,8.000000000000000000e+01,1.100000000000000000e+01,3.400000000000000000e+01,5.000000000000000000e+00,3.000000000000000000e+00
2.000000000000000000e+00,9.171717171717171269e+00,2.000000000000000000e+02,1.610000000000000000e+02,1.460000000000000000e+02,5.500000000000000000e+01,7.300000000000000000e+01
2.000000000000000000e+00,9.171717171717171269e+00,1.550000000000000000e+02,9.000000000000000000e+01,1.160000000000000000e+02,1.100000000000000000e+01,3.800000000000000000e+01
2.000000000000000000e+00,9.171717171717171269e+00,1.000000000000000000e+02,6.000000000000000000e+00,6.000000000000000000e+00,3.000000000000000000e+00,4.000000000000000000e+00
2.000000000000000000e+00,9.070707070707070940e+00,8.000000000000000000e+01,1.800000000000000000e+01,3.000000000000000000e+01,7.000000000000000000e+00,5.000000000000000000e+00
2.000000000000000000e+00,9.070707070707070940e+00,2.000000000000000000e+02,1.580000000000000000e+02,1.530000000000000000e+02,5.000000000000000000e+01,7.300000000000000000e+01
2.000000000000000000e+00,9.070707070707070940e+00,1.550000000000000000e+02,9.000000000000000000e+01,1.260000000000000000e+02,8.000000000000000000e+00,3.300000000000000000e+01
2.000000000000000000e+00,9.070707070707070940e+00,1.000000000000000000e+02,8.000000000000000000e+00,8.000000000000000000e+00,3.000000000000000000e+00,8.000000000000000000e+00
2.000000000000000000e+00,8.969696969696968836e+00,8.000000000000000000e+01,1.200000000000000000e+01,4.300000000000000000e+01,7.000000000000000000e+00,6.000000000000000000e+00
2.000000000000000000e+00,8.969696969696968836e+00,2.000000000000000000e+02,1.650000000000000000e+02,1.640000000000000000e+02,5.700000000000000000e+01,7.400000000000000000e+01
2.000000000000000000e+00,8.969696969696968836e+00,1.550000000000000000e+02,9.700000000000000000e+01,1.250000000000000000e+02,7.000000000000000000e+00,3.100000000000000000e+01
2.000000000000000000e+00,8.969696969696968836e+00,1.000000000000000000e+02,7.000000000000000000e+00,7.000000000000000000e+00,3.000000000000000000e+00,8.000000000000000000e+00
2.000000000000000000e+00,8.868686868686868507e+00,8.000000000000000000e+01,1.100000000000000000e+01,3.400000000000000000e+01,8.000000000000000000e+00,7.000000000000000000e+00
2.000000000000000000e+00,8.868686868686868507e+00,2.000000000000000000e+02,1.640000000000000000e+02,1.580000000000000000e+02,6.200000000000000000e+01,7.800000000000000000e+01
2.000000000000000000e+00,8.868686868686868507e+00,1.550000000000000000e+02,9.700000000000000000e+01,1.380000000000000000e+02,1.200000000000000000e+01,4.600000000000000000e+01
2.000000000000000000e+00,8.868686868686868507e+00,1.000000000000000000e+02,8.000000000000000000e+00,8.000000000000000000e+00,4.000000000000000000e+00,1.000000000000000000e+01
2.000000000000000000e+00,8.767676767676768179e+00,8.000000000000000000e+01,8.000000000000000000e+00,2.900000000000000000e+01,5.000000000000000000e+00,5.000000000000000000e+00
2.000000000000000000e+00,8.767676767676768179e+00,2.000000000000000000e+02,1.620000000000000000e+02,1.640000000000000000e+02,6.300000000000000000e+01,7.500000000000000000e+01
2.000000000000000000e+00,8.767676767676768179e+00,1.550000000000000000e+02,9.600000000000000000e+01,1.230000000000000000e+02,1.000000000000000000e+01,3.900000000000000000e+01
2.000000000000000000e+00,8.767676767676768179e+00,1.000000000000000000e+02,8.000000000000000000e+00,8.000000000000000000e+00,4.000000000000000000e+00,8.000000000000000000e+00
2.000000000000000000e+00,8.666666666666667851e+00,8.000000000000000000e+01,8.000000000000000000e+00,3.400000000000000000e+01,2.000000000000000000e+00,4.000000000000000000e+00
2.000000000000000000e+00,8.666666666666667851e+00,2.000000000000000000e+02,1.650000000000000000e+02,1.510000000000000000e+02,6.000000000000000000e+01,7.200000000000000000e+01
2.000000000000000000e+00,8.666666666666667851e+00,1.550000000000000000e+02,9.600000000000000000e+01,1.180000000000000000e+02,9.000000000000000000e+00,4.400000000000000000e+01
2.000000000000000000e+00,8.666666666666667851e+00,1.000000000000000000e+02,5.000000000000000000e+00,5.000000000000000000e+00,3.000000000000000000e+00,1.400000000000000000e+01
2.000000000000000000e+00,8.565656565656565746e+00,8.000000000000000000e+01,8.000000000000000000e+00,4.000000000000000000e+01,4.000000000000000000e+00,7.000000000000000000e+00
2.000000000000000000e+00,8.565656565656565746e+00,2.000000000000000000e+02,1.670000000000000000e+02,1.630000000000000000e+02,5.900000000000000000e+01,8.600000000000000000e+01
2.000000000000000000e+00,8.565656565656565746e+00,1.550000000000000000e+02,1.010000000000000000e+02,1.310000000000000000e+02,9.000000000000000000e+00,5.000000000000000000e+01
2.000000000000000000e+00,8.565656565656565746e+00,1.000000000000000000e+02,5.000000000000000000e+00,5.000000000000000000e+00,3.000000000000000000e+00,1.900000000000000000e+01
2.000000000000000000e+00,8.464646464646463642e+00,8.000000000000000000e+01,1.100000000000000000e+01,3.800000000000000000e+01,6.000000000000000000e+00,9.000000000000000000e+00
2.000000000000000000e+00,8.464646464646463642e+00,2.000000000000000000e+02,1.640000000000000000e+02,1.540000000000000000e+02,5.100000000000000000e+01,8.000000000000000000e+01
2.000000000000000000e+00,8.464646464646463642e+00,1.550000000000000000e+02,9.900000000000000000e+01,1.230000000000000000e+02,1.100000000000000000e+01,3.400000000000000000e+01
2.000000000000000000e+00,8.464646464646463642e+00,1.000000000000000000e+02,5.000000000000000000e+00,5.000000000000000000e+00,3.000000000000000000e+00,1.300000000000000000e+01
2.000000000000000000e+00,8.363636363636363313e+00,8.000000000000000000e+01,6.000000000000000000e+00,4.200000000000000000e+01,3.000000000000000000e+00,8.000000000000000000e+00
2.000000000000000000e+00,8.363636363636363313e+00,2.000000000000000000e+02,1.630000000000000000e+02,1.570000000000000000e+02,5.400000000000000000e+01,8.400000000000000000e+01
2.000000000000000000e+00,8.363636363636363313e+00,1.550000000000000000e+02,9.700000000000000000e+01,1.250000000000000000e+02,1.500000000000000000e+01,4.800000000000000000e+01
2.000000000000000000e+00,8.363636363636363313e+00,1.000000000000000000e+02,9.000000000000000000e+00,9.000000000000000000e+00,6.000000000000000000e+00,5.000000000000000000e+00
2.000000000000000000e+00,8.262626262626262985e+00,8.000000000000000000e+01,7.000000000000000000e+00,4.300000000000000000e+01,3.000000000000000000e+00,1.100000000000000000e+01
2.000000000000000000e+00,8.262626262626262985e+00,2.000000000000000000e+02,1.690000000000000000e+02,1.730000000000000000e+02,5.500000000000000000e+01,1.050000000000000000e+02
2.000000000000000000e+00,8.262626262626262985e+00,1.550000000000000000e+02,1.000000000000000000e+02,1.180000000000000000e+02,1.700000000000000000e+01,4.700000000000000000e+01
2.000000000000000000e+00,8.262626262626262985e+00,1.000000000000000000e+02,8.000000000000000000e+00,8.000000000000000000e+00,6.000000000000000000e+00,9.000000000000000000e+00
2.000000000000000000e+00,8.161616161616162657e+00,8.000000000000000000e+01,5.000000000000000000e+00,4.600000000000000000e+01,2.000000000000000000e+00,9.000000000000000000e+00
2.000000000000000000e+00,8.161616161616162657e+00,2.000000000000000000e+02,1.770000000000000000e+02,1.550000000000000000e+02,5.900000000000000000e+01,7.200000000000000000e+01
2.000000000000000000e+00,8.161616161616162657e+00,1.550000000000000000e+02,1.000000000000000000e+02,1.180000000000000000e+02,1.500000000000000000e+01,3.800000000000000000e+01
2.000000000000000000e+00,8.161616161616162657e+00,1.000000000000000000e+02,6.000000000000000000e+00,6.000000000000000000e+00,1.000000000000000000e+00,1.800000000000000000e+01
2.000000000000000000e+00,8.060606060606060552e+00,8.000000000000000000e+01,5.000000000000000000e+00,3.700000000000000000e+01,2.000000000000000000e+00,8.000000000000000000e+00
2.000000000000000000e+00,8.060606060606060552e+00,2.000000000000000000e+02,1.780000000000000000e+02,1.620000000000000000e+02,6.700000000000000000e+01,9.200000000000000000e+01
2.000000000000000000e+00,8.060606060606060552e+00,1.550000000000000000e+02,1.070000000000000000e+02,1.490000000000000000e+02,1.500000000000000000e+01,5.700000000000000000e+01
2.000000000000000000e+00,8.060606060606060552e+00,1.000000000000000000e+02,6.000000000000000000e+00,6.000000000000000000e+00,3.000000000000000000e+00,1.500000000000000000e+01
2.000000000000000000e+00,7.959595959595959336e+00,8.000000000000000000e+01,8.000000000000000000e+00,3.000000000000000000e+01,4.000000000000000000e+00,9.000000000000000000e+00
2.000000000000000000e+00,7.959595959595959336e+00,2.000000000000000000e+02,1.830000000000000000e+02,1.700000000000000000e+02,7.000000000000000000e+01,9.700000000000000000e+01
2.000000000000000000e+00,7.959595959595959336e+00,1.550000000000000000e+02,1.050000000000000000e+02,1.310000000000000000e+02,1.600000000000000000e+01,4.000000000000000000e+01
2.000000000000000000e+00,7.959595959595959336e+00,1.000000000000000000e+02,8.000000000000000000e+00,8.000000000000000000e+00,4.000000000000000000e+00,2.000000000000000000e+01
2.000000000000000000e+00,7.858585858585858119e+00,8.000000000000000000e+01,9.000000000000000000e+00,4.500000000000000000e+01,3.000000000000000000e+00,9.000000000000000000e+00
2.000000000000000000e+00,7.858585858585858119e+00,2.000000000000000000e+02,1.800000000000000000e+02,1.690000000000000000e+02,7.900000000000000000e+01,9.700000000000000000e+01
2.000000000000000000e+00,7.858585858585858119e+00,1.550000000000000000e+02,1.050000000000000000e+02,1.260000000000000000e+02,1.700000000000000000e+01,4.400000000000000000e+01
2.000000000000000000e+00,7.858585858585858119e+00,1.000000000000000000e+02,1.200000000000000000e+01,1.200000000000000000e+01,8.000000000000000000e+00,1.400000000000000000e+01
2.000000000000000000e+00,7.757575757575757791e+00,8.000000000000000000e+01,1.100000000000000000e+01,3.600000000000000000e+01,6.000000000000000000e+00,6.000000000000000000e+00
2.000000000000000000e+00,7.757575757575757791e+00,2.000000000000000000e+02,1.710000000000000000e+02,1.640000000000000000e+02,7.700000000000000000e+01,1.030000000000000000e+02
2.000000000000000000e+00,7.757575757575757791e+00,1.550000000000000000e+02,1.110000000000000000e+02,1.390000000000000000e+02,2.300000000000000000e+01,5.400000000000000000e+01
2.000000000000000000e+00,7.757575757575757791e+00,1.000000000000000000e+02,1.100000000000000000e+01,1.100000000000000000e+01,6.000000000000000000e+00,1.500000000000000000e+01
2.000000000000000000e+00,7.656565656565656575e+00,8.000000000000000000e+01,8.000000000000000000e+00,4.400000000000000000e+01,3.000000000000000000e+00,9.000000000000000000e+00
2.000000000000000000e+00,7.656565656565656575e+00,2.000000000000000000e+02,1.770000000000000000e+02,1.700000000000000000e+02,8.200000000000000000e+01,9.200000000000000000e+01
2.000000000000000000e+00,7.656565656565656575e+00,1.550000000000000000e+02,1.140000000000000000e+02,1.320000000000000000e+02,2.200000000000000000e+01,5.600000000000000000e+01
2.000000000000000000e+00,7.656565656565656575e+00,1.000000000000000000e+02,1.000000000000000000e+01,1.000000000000000000e+01,6.000000000000000000e+00,1.600000000000000000e+01
2.000000000000000000e+00,7.555555555555555358e+00,8.000000000000000000e+01,8.000000000000000000e+00,4.200000000000000000e+01,5.000000000000000000e+00,1.200000000000000000e+01
2.000000000000000000e+00,7.555555555555555358e+00,2.000000000000000000e+02,1.790000000000000000e+02,1.890000000000000000e+02,8.300000000000000000e+01,1.070000000000000000e+02
2.000000000000000000e+00,7.555555555555555358e+00,1.550000000000000000e+02,1.230000000000000000e+02,1.290000000000000000e+02,2.400000000000000000e+01,4.500000000000000000e+01
2.000000000000000000e+00,7.555555555555555358e+00,1.000000000000000000e+02,9.000000000000000000e+00,9.000000000000000000e+00,5.000000000000000000e+00,1.200000000000000000e+01
2.000000000000000000e+00,7.454545454545454142e+00,8.000000000000000000e+01,9.000000000000000000e+00,4.600000000000000000e+01,6.000000000000000000e+00,7.000000000000000000e+00
2.000000000000000000e+00,7.454545454545454142e+00,2.000000000000000000e+02,1.750000000000000000e+02,1.770000000000000000e+02,8.000000000000000000e+01,1.030000000000000000e+02
2.000000000000000000e+00,7.454545454545454142e+00,1.550000000000000000e+02,1.160000000000000000e+02,1.270000000000000000e+02,2.600000000000000000e+01,4.800000000000000000e+01
2.000000000000000000e+00,7.454545454545454142e+00,1.000000000000000000e+02,9.000000000000000000e+00,9.000000000000000000e+00,5.000000000000000000e+00,1.100000000000000000e+01
2.000000000000000000e+00,7.353535353535353813e+00,8.000000000000000000e+01,8.000000000000000000e+00,3.600000000000000000e+01,4.000000000000000000e+00,4.000000000000000000e+00
2.000000000000000000e+00,7.353535353535353813e+00,2.000000000000000000e+02,1.720000000000000000e+02,1.860000000000000000e+02,7.900000000000000000e+01,1.110000000000000000e+02
2.000000000000000000e+00,7.353535353535353813e+00,1.550000000000000000e+02,1.190000000000000000e+02,1.460000000000000000e+02,2.600000000000000000e+01,4.900000000000000000e+01
2.000000000000000000e+00,7.353535353535353813e+00,1.000000000000000000e+02,9.000000000000000000e+00,9.000000000000000000e+00,4.000000000000000000e+00,1.400000000000000000e+01
2.000000000000000000e+00,7.252525252525252597e+00,8.000000000000000000e+01,9.000000000000000000e+00,4.000000000000000000e+01,5.000000000000000000e+00,1.100000000000000000e+01
2.000000000000000000e+00,7.252525252525252597e+00,2.000000000000000000e+02,1.730000000000000000e+02,1.890000000000000000e+02,8.800000000000000000e+01,1.100000000000000000e+02
2.000000000000000000e+00,7.252525252525252597e+00,1.550000000000000000e+02,1.180000000000000000e+02,1.310000000000000000e+02,2.200000000000000000e+01,5.000000000000000000e+01
2.000000000000000000e+00,7.252525252525252597e+00,1.000000000000000000e+02,9.000000000000000000e+00,9.000000000000000000e+00,3.000000000000000000e+00,1.200000000000000000e+01
2.000000000000000000e+00,7.151515151515151381e+00,8.000000000000000000e+01,1.300000000000000000e+01,4.200000000000000000e+01,9.000000000000000000e+00,9.000000000000000000e+00
2.000000000000000000e+00,7.151515151515151381e+00,2.000000000000000000e+02,1.710000000000000000e+02,1.740000000000000000e+02,8.500000000000000000e+01,1.130000000000000000e+02
2.000000000000000000e+00,7.151515151515151381e+00,1.550000000000000000e+02,1.220000000000000000e+02,1.380000000000000000e+02,3.200000000000000000e+01,5.600000000000000000e+01
2.000000000000000000e+00,7.151515151515151381e+00,1.000000000000000000e+02,7.000000000000000000e+00,7.000000000000000000e+00,4.000000000000000000e+00,1.700000000000000000e+01
2.000000000000000000e+00,7.050505050505050164e+00,8.000000000000000000e+01,5.000000000000000000e+00,4.800000000000000000e+01,4.000000000000000000e+00,6.000000000000000000e+00
2.000000000000000000e+00,7.050505050505050164e+00,2.000000000000000000e+02,1.760000000000000000e+02,1.780000000000000000e+02,9.100000000000000000e+01,1.170000000000000000e+02
2.000000000000000000e+00,7.050505050505050164e+00,1.550000000000000000e+02,1.230000000000000000e+02,1.460000000000000000e+02,3.400000000000000000e+01,5.900000000000000000e+01
2.000000000000000000e+00,7.050505050505050164e+00,1.000000000000000000e+02,1.000000000000000000e+01,1.000000000000000000e+01,4.000000000000000000e+00,2.200000000000000000e+01
2.000000000000000000e+00,6.949494949494949836e+00,8.000000000000000000e+01,8.000000000000000000e+00,5.300000000000000000e+01,2.000000000000000000e+00,1.100000000000000000e+01
2.000000000000000000e+00,6.949494949494949836e+00,2.000000000000000000e+02,1.830000000000000000e+02,1.920000000000000000e+02,1.000000000000000000e+02,1.260000000000000000e+02
2.000000000000000000e+00,6.949494949494949836e+00,1.550000000000000000e+02,1.280000000000000000e+02,1.590000000000000000e+02,3.200000000000000000e+01,6.300000000000000000e+01
2.000000000000000000e+00,6.949494949494949836e+00,1.000000000000000000e+02,7.000000000000000000e+00,7.000000000000000000e+00,3.000000000000000000e+00,1.500000000000000000e+01
2.000000000000000000e+00,6.848484848484848619e+00,8.000000000000000000e+01,6.000000000000000000e+00,5.000000000000000000e+01,3.000000000000000000e+00,7.000000000000000000e+00
2.000000000000000000e+00,6.848484848484848619e+00,2.000000000000000000e+02,1.890000000000000000e+02,1.900000000000000000e+02,1.030000000000000000e+02,1.210000000000000000e+02
2.000000000000000000e+00,6.848484848484848619e+00,1.550000000000000000e+02,1.220000000000000000e+02,1.530000000000000000e+02,2.600000000000000000e+01,7.200000000000000000e+01
2.000000000000000000e+00,6.848484848484848619e+00,1.000000000000000000e+02,7.000000000000000000e+00,7.000000000000000000e+00,1.000000000000000000e+00,1.400000000000000000e+01
2.000000000000000000e+00,6.747474747474747403e+00,8.000000000000000000e+01,1.100000000000000000e+01,4.500000000000000000e+01,6.000000000000000000e+00,7.000000000000000000e+00
2.000000000000000000e+00,6.747474747474747403e+00,2.000000000000000000e+02,1.970000000000000000e+02,1.960000000000000000e+02,1.060000000000000000e+02,1.270000000000000000e+02
2.000000000000000000e+00,6.747474747474747403e+00,1.550000000000000000e+02,1.270000000000000000e+02,1.590000000000000000e+02,2.900000000000000000e+01,7.200000000000000000e+01
2.000000000000000000e+00,6.747474747474747403e+00,1.000000000000000000e+02,6.000000000000000000e+00,6.000000000000000000e+00,3.000000000000000000e+00,1.300000000000000000e+01
2.000000000000000000e+00,6.646464646464646187e+00,8.000000000000000000e+01,8.000000000000000000e+00,4.800000000000000000e+01,4.000000000000000000e+00,1.200000000000000000e+01
2.000000000000000000e+00,6.646464646464646187e+00,2.000000000000000000e+02,2.050000000000000000e+02,2.020000000000000000e+02,1.120000000000000000e+02,1.300000000000000000e+02
2.000000000000000000e+00,6.646464646464646187e+00,1.550000000000000000e+02,1.380000000000000000e+02,1.460000000000000000e+02,3.600000000000000000e+01,6.900000000000000000e+01
2.000000000000000000e+00,6.646464646464646187e+00,1.000000000000000000e+02,8.000000000000000000e+00,8.000000000000000000e+00,5.000000000000000000e+00,1.700000000000000000e+01
2.000000000000000000e+00,6.545454545454544970e+00,8.000000000000000000e+01,1.200000000000000000e+01,4.600000000000000000e+01,6.000000000000000000e+00,1.300000000000000000e+01
2.000000000000000000e+00,6.545454545454544970e+00,2.000000000000000000e+02,2.030000000000000000e+02,1.960000000000000000e+02,1.150000000000000000e+02,1.390000000000000000e+02
2.000000000000000000e+00,6.545454545454544970e+00,1.550000000000000000e+02,1.310000000000000000e+02,1.630000000000000000e+02,3.400000000000000000e+01,7.500000000000000000e+01
2.000000000000000000e+00,6.545454545454544970e+00,1.000000000000000000e+02,8.000000000000000000e+00,8.000000000000000000e+00,5.000000000000000000e+00,2.500000000000000000e+01
2.000000000000000000e+00,6.444444444444444642e+00,8.000000000000000000e+01,1.100000000000000000e+01,5.600000000000000000e+01,5.000000000000000000e+00,8.000000000000000000e+00
2.000000000000000000e+00,6.444444444444444642e+00,2.000000000000000000e+02,2.090000000000000000e+02,2.020000000000000000e+02,1.230000000000000000e+02,1.320000000000000000e+02
2.000000000000000000e+00,6.444444444444444642e+00,1.550000000000000000e+02,1.330000000000000000e+02,1.610000000000000000e+02,3.200000000000000000e+01,7.600000000000000000e+01
2.000000000000000000e+00,6.444444444444444642e+00,1.000000000000000000e+02,1.100000000000000000e+01,1.100000000000000000e+01,7.000000000000000000e+00,1.500000000000000000e+01
2.000000000000000000e+00,6.343434343434343425e+00,8.000000000000000000e+01,1.200000000000000000e+01,4.600000000000000000e+01,7.000000000000000000e+00,1.000000000000000000e+01
2.000000000000000000e+00,6.343434343434343425e+00,2.000000000000000000e+02,2.110000000000000000e+02,1.860000000000000000e+02,1.180000000000000000e+02,1.260000000000000000e+02
2.000000000000000000e+00,6.343434343434343425e+00,1.550000000000000000e+02,1.300000000000000000e+02,1.630000000000000000e+02,3.200000000000000000e+01,8.900000000000000000e+01
2.000000000000000000e+00,6.343434343434343425e+00,1.000000000000000000e+02,1.000000000000000000e+01,1.000000000000000000e+01,7.000000000000000000e+00,2.200000000000000000e+01
2.000000000000000000e+00,6.242424242424242209e+00,8.000000000000000000e+01,8.000000000000000000e+00,5.900000000000000000e+01,5.000000000000000000e+00,1.000000000000000000e+01
2.000000000000000000e+00,6.242424242424242209e+00,2.000000000000000000e+02,2.040000000000000000e+02,1.920000000000000000e+02,1.250000000000000000e+02,1.260000000000000000e+02
2.000000000000000000e+00,6.242424242424242209e+00,1.550000000000000000e+02,1.360000000000000000e+02,1.720000000000000000e+02,4.000000000000000000e+01,8.100000000000000000e+01
2.000000000000000000e+00,6.242424242424242209e+00,1.000000000000000000e+02,8.000000000000000000e+00,8.000000000000000000e+00,5.000000000000000000e+00,2.400000000000000000e+01
2.000000000000000000e+00,6.141414141414140992e+00,8.000000000000000000e+01,9.000000000000000000e+00,5.500000000000000000e+01,7.000000000000000000e+00,1.400000000000000000e+01
2.000000000000000000e+00,6.141414141414140992e+00,2.000000000000000000e+02,2.120000000000000000e+02,1.850000000000000000e+02,1.290000000000000000e+02,1.070000000000000000e+02
2.000000000000000000e+00,6.141414141414140992e+00,1.550000000000000000e+02,1.440000000000000000e+02,1.710000000000000000e+02,4.500000000000000000e+01,8.900000000000000000e+01
2.000000000000000000e+00,6.141414141414140992e+00,1.000000000000000000e+02,7.000000000000000000e+00,7.000000000000000000e+00,4.000000000000000000e+00,2.100000000000000000e+01
2.000000000000000000e+00,6.040404040404040664e+00,8.000000000000000000e+01,4.000000000000000000e+00,6.700000000000000000e+01,3.000000000000000000e+00,1.500000000000000000e+01
2.000000000000000000e+00,6.040404040404040664e+00,2.000000000000000000e+02,2.160000000000000000e+02,2.040000000000000000e+02,1.270000000000000000e+02,1.300000000000000000e+02
2.000000000000000000e+00,6.040404040404040664e+00,1.550000000000000000e+02,1.470000000000000000e+02,1.710000000000000000e+02,4.900000000000000000e+01,8.100000000000000000e+01
2.000000000000000000e+00,6.040404040404040664e+00,1.000000000000000000e+02,8.000000000000000000e+00,8.000000000000000000e+00,3.000000000000000000e+00,2.100000000000000000e+01
2.000000000000000000e+00,5.939393939393939448e+00,8.000000000000000000e+01,1.200000000000000000e+01,5.800000000000000000e+01,9.000000000000000000e+00,1.800000000000000000e+01
2.000000000000000000e+00,5.939393939393939448e+00,2.000000000000000000e+02,2.170000000000000000e+02,2.050000000000000000e+02,1.350000000000000000e+02,1.410000000000000000e+02
2.000000000000000000e+00,5.939393939393939448e+00,1.550000000000000000e+02,1.450000000000000000e+02,1.820000000000000000e+02,4.300000000000000000e+01,8.600000000000000000e+01
2.000000000000000000e+00,5.939393939393939448e+00,1.000000000000000000e+02,1.100000000000000000e+01,1.100000000000000000e+01,4.000000000000000000e+00,3.600000000000000000e+01
2.000000000000000000e+00,5.838383838383838231e+00,8.000000000000000000e+01,6.000000000000000000e+00,6.600000000000000000e+01,5.000000000000000000e+00,1.100000000000000000e+01
2.000000000000000000e+00,5.838383838383838231e+00,2.000000000000000000e+02,2.180000000000000000e+02,2.020000000000000000e+02,1.380000000000000000e+02,1.370000000000000000e+02
2.000000000000000000e+00,5.838383838383838231e+00,1.550000000000000000e+02,1.460000000000000000e+02,1.800000000000000000e+02,4.400000000000000000e+01,8.800000000000000000e+01
2.000000000000000000e+00,5.838383838383838231e+00,1.000000000000000000e+02,1.300000000000000000e+01,1.300000000000000000e+01,4.000000000000000000e+00,2.600000000000000000e+01
2.000000000000000000e+00,5.737373737373737015e+00,8.000000000000000000e+01,4.000000000000000000e+00,6.600000000000000000e+01,1.000000000000000000e+00,8.000000000000000000e+00
2.000000000000000000e+00,5.737373737373737015e+00,2.000000000000000000e+02,2.120000000000000000e+02,1.860000000000000000e+02,1.320000000000000000e+02,1.230000000000000000e+02
2.000000000000000000e+00,5.737373737373737015e+00,1.550000000000000000e+02,1.510000000000000000e+02,1.710000000000000000e+02,5.200000000000000000e+01,8.600000000000000000e+01
2.000000000000000000e+00,5.737373737373737015e+00,1.000000000000000000e+02,1.300000000000000000e+01,1.300000000000000000e+01,5.000000000000000000e+00,3.600000000000000000e+01
2.000000000000000000e+00,5.636363636363636687e+00,8.000000000000000000e+01,8.000000000000000000e+00,6.400000000000000000e+01,5.000000000000000000e+00,1.600000000000000000e+01
2.000000000000000000e+00,5.636363636363636687e+00,2.000000000000000000e+02,2.170000000000000000e+02,2.080000000000000000e+02,1.310000000000000000e+02,1.460000000000000000e+02
2.000000000000000000e+00,5.636363636363636687e+00,1.550000000000000000e+02,1.610000000000000000e+02,1.750000000000000000e+02,5.300000000000000000e+01,1.000000000000000000e+02
2.000000000000000000e+00,5.636363636363636687e+00,1.000000000000000000e+02,1.600000000000000000e+01,1.600000000000000000e+01,3.000000000000000000e+00,3.400000000000000000e+01
2.000000000000000000e+00,5.535353535353535470e+00,8.000000000000000000e+01,9.000000000000000000e+00,7.700000000000000000e+01,6.000000000000000000e+00,1.800000000000000000e+01
2.000000000000000000e+00,5.535353535353535470e+00,2.000000000000000000e+02,2.210000000000000000e+02,2.020000000000000000e+02,1.420000000000000000e+02,1.330000000000000000e+02
2.000000000000000000e+00,5.535353535353535470e+00,1.550000000000000000e+02,1.560000000000000000e+02,1.730000000000000000e+02,5.400000000000000000e+01,8.800000000000000000e+01
2.000000000000000000e+00,5.535353535353535470e+00,1.000000000000000000e+02,1.700000000000000000e+01,1.700000000000000000e+01,5.000000000000000000e+00,2.000000000000000000e+01
2.000000000000000000e+00,5.434343434343434254e+00,8.000000000000000000e+01,8.000000000000000000e+00,7.100000000000000000e+01,4.000000000000000000e+00,1.600000000000000000e+01
2.000000000000000000e+00,5.434343434343434254e+00,2.000000000000000000e+02,2.260000000000000000e+02,2.020000000000000000e+02,1.430000000000000000e+02,1.380000000000000000e+02
2.000000000000000000e+00,5.434343434343434254e+00,1.550000000000000000e+02,1.570000000000000000e+02,1.750000000000000000e+02,4.800000000000000000e+01,1.000000000000000000e+02
2.000000000000000000e+00,5.434343434343434254e+00,1.000000000000000000e+02,1.700000000000000000e+01,1.700000000000000000e+01,2.000000000000000000e+00,3.000000000000000000e+01
2.000000000000000000e+00,5.333333333333333925e+00,8.000000000000000000e+01,1.100000000000000000e+01,7.600000000000000000e+01,5.000000000000000000e+00,1.500000000000000000e+01
2.000000000000000000e+00,5.333333333333333925e+00,2.000000000000000000e+02,2.270000000000000000e+02,2.080000000000000000e+02,1.440000000000000000e+02,1.480000000000000000e+02
2.000000000000000000e+00,5.333333333333333925e+00,1.550000000000000000e+02,1.540000000000000000e+02,1.820000000000000000e+02,4.800000000000000000e+01,1.080000000000000000e+02
2.000000000000000000e+00,5.333333333333333925e+00,1.000000000000000000e+02,1.800000000000000000e+01,1.800000000000000000e+01,3.000000000000000000e+00,2.600000000000000000e+01
2.000000000000000000e+00,5.232323232323231821e+00,8.000000000000000000e+01,1.100000000000000000e+01,7.900000000000000000e+01,6.000000000000000000e+00,2.500000000000000000e+01
2.000000000000000000e+00,5.232323232323231821e+00,2.000000000000000000e+02,2.270000000000000000e+02,2.090000000000000000e+02,1.450000000000000000e+02,1.510000000000000000e+02
2.000000000000000000e+00,5.232323232323231821e+00,1.550000000000000000e+02,1.520000000000000000e+02,1.830000000000000000e+02,4.600000000000000000e+01,9.900000000000000000e+01
2.000000000000000000e+00,5.232323232323231821e+00,1.000000000000000000e+02,2.100000000000000000e+01,2.100000000000000000e+01,2.000000000000000000e+00,4.300000000000000000e+01
2.000000000000000000e+00,5.131313131313131493e+00,8.000000000000000000e+01,8.000000000000000000e+00,8.200000000000000000e+01,4.000000000000000000e+00,1.600000000000000000e+01
2.000000000000000000e+00,5.131313131313131493e+00,2.000000000000000000e+02,2.280000000000000000e+02,2.240000000000000000e+02,1.460000000000000000e+02,1.610000000000000000e+02
2.000000000000000000e+00,5.131313131313131493e+00,1.550000000000000000e+02,1.630000000000000000e+02,1.770000000000000000e+02,4.400000000000000000e+01,1.080000000000000000e+02
2.000000000000000000e+00,5.131313131313131493e+00,1.000000000000000000e+02,2.200000000000000000e+01,2.200000000000000000e+01,3.000000000000000000e+00,3.000000000000000000e+01
2.000000000000000000e+00,5.030303030303030276e+00,8.000000000000000000e+01,9.000000000000000000e+00,8.000000000000000000e+01,6.000000000000000000e+00,1.900000000000000000e+01
2.000000000000000000e+00,5.030303030303030276e+00,2.000000000000000000e+02,2.300000000000000000e+02,2.130000000000000000e+02,1.530000000000000000e+02,1.560000000000000000e+02
2.000000000000000000e+00,5.030303030303030276e+00,1.550000000000000000e+02,1.660000000000000000e+02,1.920000000000000000e+02,5.900000000000000000e+01,1.080000000000000000e+02
2.000000000000000000e+00,5.030303030303030276e+00,1.000000000000000000e+02,2.800000000000000000e+01,2.800000000000000000e+01,7.000000000000000000e+00,3.700000000000000000e+01
2.000000000000000000e+00,4.929292929292929060e+00,8.000000000000000000e+01,1.000000000000000000e+01,9.000000000000000000e+01,5.000000000000000000e+00,3.100000000000000000e+01
2.000000000000000000e+00,4.929292929292929060e+00,2.000000000000000000e+02,2.360000000000000000e+02,2.160000000000000000e+02,1.560000000000000000e+02,1.650000000000000000e+02
2.000000000000000000e+00,4.929292929292929060e+00,1.550000000000000000e+02,1.730000000000000000e+02,1.900000000000000000e+02,6.900000000000000000e+01,1.140000000000000000e+02
2.000000000000000000e+00,4.929292929292929060e+00,1.000000000000000000e+02,3.100000000000000000e+01,3.100000000000000000e+01,6.000000000000000000e+00,3.900000000000000000e+01
2.000000000000000000e+00,4.828282828282828731e+00,8.000000000000000000e+01,6.000000000000000000e+00,7.500000000000000000e+01,3.000000000000000000e+00,2.100000000000000000e+01
2.000000000000000000e+00,4.828282828282828731e+00,2.000000000000000000e+02,2.380000000000000000e+02,2.210000000000000000e+02,1.660000000000000000e+02,1.690000000000000000e+02
2.000000000000000000e+00,4.828282828282828731e+00,1.550000000000000000e+02,1.810000000000000000e+02,1.700000000000000000e+02,7.800000000000000000e+01,1.040000000000000000e+02
2.000000000000000000e+00,4.828282828282828731e+00,1.000000000000000000e+02,2.900000000000000000e+01,2.900000000000000000e+01,6.000000000000000000e+00,3.500000000000000000e+01
2.000000000000000000e+00,4.727272727272726627e+00,8.000000000000000000e+01,7.000000000000000000e+00,8.000000000000000000e+01,2.000000000000000000e+00,2.600000000000000000e+01
2.000000000000000000e+00,4.727272727272726627e+00,2.000000000000000000e+02,2.420000000000000000e+02,2.310000000000000000e+02,1.810000000000000000e+02,1.780000000000000000e+02
2.000000000000000000e+00,4.727272727272726627e+00,1.550000000000000000e+02,1.840000000000000000e+02,1.960000000000000000e+02,7.800000000000000000e+01,1.240000000000000000e+02
2.000000000000000000e+00,4.727272727272726627e+00,1.000000000000000000e+02,3.900000000000000000e+01,3.900000000000000000e+01,7.000000000000000000e+00,4.200000000000000000e+01
2.000000000000000000e+00,4.626262626262626299e+00,8.000000000000000000e+01,8.000000000000000000e+00,8.000000000000000000e+01,3.000000000000000000e+00,2.300000000000000000e+01
2.000000000000000000e+00,4.626262626262626299e+00,2.000000000000000000e+02,2.410000000000000000e+02,2.320000000000000000e+02,1.850000000000000000e+02,1.750000000000000000e+02
2.000000000000000000e+00,4.626262626262626299e+00,1.550000000000000000e+02,1.830000000000000000e+02,2.100000000000000000e+02,8.300000000000000000e+01,1.410000000000000000e+02
2.000000000000000000e+00,4.626262626262626299e+00,1.000000000000000000e+02,3.700000000000000000e+01,3.700000000000000000e+01,5.000000000000000000e+00,4.400000000000000000e+01
2.000000000000000000e+00,4.525252525252525082e+00,8.000000000000000000e+01,8.000000000000000000e+00,7.800000000000000000e+01,1.000000000000000000e+00,2.400000000000000000e+01
2.000000000000000000e+00,4.525252525252525082e+00,2.000000000000000000e+02,2.420000000000000000e+02,2.340000000000000000e+02,1.810000000000000000e+02,1.820000000000000000e+02
2.000000000000000000e+00,4.525252525252525082e+00,1.550000000000000000e+02,1.900000000000000000e+02,2.130000000000000000e+02,8.700000000000000000e+01,1.360000000000000000e+02
2.000000000000000000e+00,4.525252525252525082e+00,1.000000000000000000e+02,3.600000000000000000e+01,3.600000000000000000e+01,5.000000000000000000e+00,4.800000000000000000e+01
2.000000000000000000e+00,4.424242424242423866e+00,8.000000000000000000e+01,1.000000000000000000e+01,7.700000000000000000e+01,4.000000000000000000e+00,1.900000000000000000e+01
2.000000000000000000e+00,4.424242424242423866e+00,2.000000000000000000e+02,2.470000000000000000e+02,2.400000000000000000e+02,1.850000000000000000e+02,1.890000000000000000e+02
2.000000000000000000e+00,4.424242424242423866e+00,1.550000000000000000e+02,1.940000000000000000e+02,2.060000000000000000e+02,8.800000000000000000e+01,1.360000000000000000e+02
2.000000000000000000e+00,4.424242424242423866e+00,1.000000000000000000e+02,3.700000000000000000e+01,3.700000000000000000e+01,4.000000000000000000e+00,4.500000000000000000e+01
2.000000000000000000e+00,4.323232323232323537e+00,8.000000000000000000e+01,6.000000000000000000e+00,8.100000000000000000e+01,1.000000000000000000e+00,2.900000000000000000e+01
2.000000000000000000e+00,4.323232323232323537e+00,2.000000000000000000e+02,2.510000000000000000e+02,2.260000000000000000e+02,1.940000000000000000e+02,1.870000000000000000e+02
2.000000000000000000e+00,4.323232323232323537e+00,1.550000000000000000e+02,1.980000000000000000e+02,2.100000000000000000e+02,9.000000000000000000e+01,1.410000000000000000e+02
2.000000000000000000e+00,4.323232323232323537e+00,1.000000000000000000e+02,4.200000000000000000e+01,4.200000000000000000e+01,6.000000000000000000e+00,4.600000000000000000e+01
2.000000000000000000e+00,4.222222222222222321e+00,8.000000000000000000e+01,1.100000000000000000e+01,8.800000000000000000e+01,4.000000000000000000e+00,3.400000000000000000e+01
2.000000000000000000e+00,4.222222222222222321e+00,2.000000000000000000e+02,2.540000000000000000e+02,2.370000000000000000e+02,2.040000000000000000e+02,1.860000000000000000e+02
2.000000000000000000e+00,4.222222222222222321e+00,1.550000000000000000e+02,1.990000000000000000e+02,2.240000000000000000e+02,8.800000000000000000e+01,1.440000000000000000e+02
2.000000000000000000e+00,4.222222222222222321e+00,1.000000000000000000e+02,5.200000000000000000e+01,5.200000000000000000e+01,1.100000000000000000e+01,5.300000000000000000e+01
2.000000000000000000e+00,4.121212121212121104e+00,8.000000000000000000e+01,8.000000000000000000e+00,8.800000000000000000e+01,5.000000000000000000e+00,3.200000000000000000e+01
2.000000000000000000e+00,4.121212121212121104e+00,2.000000000000000000e+02,2.540000000000000000e+02,2.420000000000000000e+02,1.980000000000000000e+02,1.960000000000000000e+02
2.000000000000000000e+00,4.121212121212121104e+00,1.550000000000000000e+02,1.940000000000000000e+02,2.140000000000000000e+02,9.700000000000000000e+01,1.490000000000000000e+02
2.000000000000000000e+00,4.121212121212121104e+00,1.000000000000000000e+02,5.400000000000000000e+01,5.400000000000000000e+01,1.000000000000000000e+01,5.500000000000000000e+01
2.000000000000000000e+00,4.020202020202020776e+00,8.000000000000000000e+01,5.000000000000000000e+00,9.800000000000000000e+01,4.000000000000000000e+00,3.000000000000000000e+01
2.000000000000000000e+00,4.020202020202020776e+00,2.000000000000000000e+02,2.600000000000000000e+02,2.410000000000000000e+02,2.110000000000000000e+02,1.930000000000000000e+02
2.000000000000000000e+00,4.020202020202020776e+00,1.550000000000000000e+02,1.940000000000000000e+02,2.250000000000000000e+02,9.700000000000000000e+01,1.550000000000000000e+02
2.000000000000000000e+00,4.020202020202020776e+00,1.000000000000000000e+02,5.400000000000000000e+01,5.400000000000000000e+01,1.200000000000000000e+01,6.200000000000000000e+01
2.000000000000000000e+00,3.919191919191919116e+00,8.000000000000000000e+01,7.000000000000000000e+00,1.060000000000000000e+02,3.000000000000000000e+00,3.400000000000000000e+01
2.000000000000000000e+00,3.919191919191919116e+00,2.000000000000000000e+02,2.600000000000000000e+02,2.460000000000000000e+02,2.080000000000000000e+02,1.940000000000000000e+02
2.000000000000000000e+00,3.919191919191919116e+00,1.550000000000000000e+02,1.960000000000000000e+02,2.050000000000000000e+02,1.020000000000000000e+02,1.180000000000000000e+02
2.000000000000000000e+00,3.919191919191919116e+00,1.000000000000000000e+02,5.400000000000000000e+01,5.400000000000000000e+01,9.000000000000000000e+00,5.300000000000000000e+01
2.000000000000000000e+00,3.818181818181818343e+00,8.000000000000000000e+01,1.100000000000000000e+01,9.300000000000000000e+01,6.000000000000000000e+00,2.500000000000000000e+01
2.000000000000000000e+00,3.818181818181818343e+00,2.000000000000000000e+02,2.640000000000000000e+02,2.570000000000000000e+02,2.120000000000000000e+02,2.070000000000000000e+02
2.000000000000000000e+00,3.818181818181818343e+00,1.550000000000000000e+02,2.030000000000000000e+02,2.110000000000000000e+02,1.080000000000000000e+02,1.360000000000000000e+02
2.000000000000000000e+00,3.818181818181818343e+00,1.000000000000000000e+02,5.800000000000000000e+01,5.800000000000000000e+01,1.100000000000000000e+01,5.900000000000000000e+01
2.000000000000000000e+00,3.717171717171717127e+00,8.000000000000000000e+01,1.100000000000000000e+01,1.110000000000000000e+02,4.000000000000000000e+00,3.700000000000000000e+01
2.000000000000000000e+00,3.717171717171717127e+00,2.000000000000000000e+02,2.640000000000000000e+02,2.650000000000000000e+02,2.050000000000000000e+02,2.150000000000000000e+02
2.000000000000000000e+00,3.717171717171717127e+00,1.550000000000000000e+02,2.050000000000000000e+02,2.120000000000000000e+02,1.120000000000000000e+02,1.450000000000000000e+02
2.000000000000000000e+00,3.717171717171717127e+00,1.000000000000000000e+02,5.800000000000000000e+01,5.800000000000000000e+01,7.000000000000000000e+00,6.300000000000000000e+01
2.000000000000000000e+00,3.616161616161615910e+00,8.000000000000000000e+01,6.000000000000000000e+00,1.030000000000000000e+02,1.000000000000000000e+00,3.600000000000000000e+01
2.000000000000000000e+00,3.616161616161615910e+00,2.000000000000000000e+02,2.660000000000000000e+02,2.600000000000000000e+02,2.090000000000000000e+02,2.170000000000000000e+02
2.000000000000000000e+00,3.616161616161615910e+00,1.550000000000000000e+02,2.110000000000000000e+02,2.300000000000000000e+02,1.170000000000000000e+02,1.540000000000000000e+02
2.000000000000000000e+00,3.616161616161615910e+00,1.000000000000000000e+02,5.600000000000000000e+01,5.600000000000000000e+01,9.000000000000000000e+00,5.400000000000000000e+01
2.000000000000000000e+00,3.515151515151515138e+00,8.000000000000000000e+01,6.000000000000000000e+00,9.900000000000000000e+01,2.000000000000000000e+00,3.300000000000000000e+01
2.000000000000000000e+00,3.515151515151515138e+00,2.000000000000000000e+02,2.730000000000000000e+02,2.530000000000000000e+02,2.110000000000000000e+02,2.170000000000000000e+02
2.000000000000000000e+00,3.515151515151515138e+00,1.550000000000000000e+02,2.090000000000000000e+02,2.220000000000000000e+02,1.300000000000000000e+02,1.570000000000000000e+02
2.000000000000000000e+00,3.515151515151515138e+00,1.000000000000000000e+02,6.400000000000000000e+01,6.400000000000000000e+01,1.400000000000000000e+01,6.400000000000000000e+01
2.000000000000000000e+00,3.414141414141414366e+00,8.000000000000000000e+01,5.000000000000000000e+00,1.020000000000000000e+02,1.000000000000000000e+00,3.900000000000000000e+01
2.000000000000000000e+00,3.414141414141414366e+00,2.000000000000000000e+02,2.770000000000000000e+02,2.600000000000000000e+02,2.100000000000000000e+02,2.160000000000000000e+02
2.000000000000000000e+00,3.414141414141414366e+00,1.550000000000000000e+02,2.040000000000000000e+02,2.230000000000000000e+02,1.250000000000000000e+02,1.580000000000000000e+02
2.000000000000000000e+00,3.414141414141414366e+00,1.000000000000000000e+02,7.300000000000000000e+01,7.300000000000000000e+01,1.800000000000000000e+01,6.100000000000000000e+01
2.000000000000000000e+00,3.313131313131313149e+00,8.000000000000000000e+01,1.000000000000000000e+00,9.900000000000000000e+01,0.000000000000000000e+00,4.100000000000000000e+01
2.000000000000000000e+00,3.313131313131313149e+00,2.000000000000000000e+02,2.750000000000000000e+02,2.680000000000000000e+02,2.190000000000000000e+02,2.240000000000000000e+02
2.000000000000000000e+00,3.313131313131313149e+00,1.550000000000000000e+02,2.060000000000000000e+02,2.220000000000000000e+02,1.290000000000000000e+02,1.600000000000000000e+02
2.000000000000000000e+00,3.313131313131313149e+00,1.000000000000000000e+02,6.500000000000000000e+01,6.500000000000000000e+01,1.500000000000000000e+01,6.600000000000000000e+01
2.000000000000000000e+00,3.212121212121211933e+00,8.000000000000000000e+01,5.000000000000000000e+00,1.040000000000000000e+02,2.000000000000000000e+00,3.100000000000000000e+01
2.000000000000000000e+00,3.212121212121211933e+00,2.000000000000000000e+02,2.710000000000000000e+02,2.540000000000000000e+02,2.070000000000000000e+02,2.200000000000000000e+02
2.000000000000000000e+00,3.212121212121211933e+00,1.550000000000000000e+02,2.130000000000000000e+02,2.460000000000000000e+02,1.320000000000000000e+02,1.750000000000000000e+02
2.000000000000000000e+00,3.212121212121211933e+00,1.000000000000000000e+02,7.000000000000000000e+01,7.000000000000000000e+01,1.800000000000000000e+01,6.900000000000000000e+01
2.000000000000000000e+00,3.111111111111111160e+00,8.000000000000000000e+01,8.000000000000000000e+00,1.090000000000000000e+02,5.000000000000000000e+00,4.100000000000000000e+01
2.000000000000000000e+00,3.111111111111111160e+00,2.000000000000000000e+02,2.780000000000000000e+02,2.600000000000000000e+02,2.140000000000000000e+02,2.120000000000000000e+02
2.000000000000000000e+00,3.111111111111111160e+00,1.550000000000000000e+02,2.170000000000000000e+02,2.290000000000000000e+02,1.360000000000000000e+02,1.660000000000000000e+02
2.000000000000000000e+00,3.111111111111111160e+00,1.000000000000000000e+02,7.300000000000000000e+01,7.300000000000000000e+01,1.400000000000000000e+01,7.700000000000000000e+01
2.000000000000000000e+00,3.010101010101010388e+00,8.000000000000000000e+01,1.000000000000000000e+01,1.160000000000000000e+02,7.000000000000000000e+00,4.500000000000000000e+01
2.000000000000000000e+00,3.010101010101010388e+00,2.000000000000000000e+02,2.830000000000000000e+02,2.560000000000000000e+02,2.280000000000000000e+02,2.240000000000000000e+02
2.000000000000000000e+00,3.010101010101010388e+00,1.550000000000000000e+02,2.240000000000000000e+02,2.410000000000000000e+02,1.480000000000000000e+02,1.780000000000000000e+02
2.000000000000000000e+00,3.010101010101010388e+00,1.000000000000000000e+02,7.800000000000000000e+01,7.800000000000000000e+01,1.600000000000000000e+01,7.500000000000000000e+01
2.000000000000000000e+00,2.909090909090909172e+00,8.000000000000000000e+01,1.500000000000000000e+01,1.130000000000000000e+02,2.000000000000000000e+00,5.100000000000000000e+01
2.000000000000000000e+00,2.909090909090909172e+00,2.000000000000000000e+02,2.840000000000000000e+02,2.590000000000000000e+02,2.350000000000000000e+02,2.310000000000000000e+02
2.000000000000000000e+00,2.909090909090909172e+00,1.550000000000000000e+02,2.300000000000000000e+02,2.380000000000000000e+02,1.600000000000000000e+02,1.860000000000000000e+02
2.000000000000000000e+00,2.909090909090909172e+00,1.000000000000000000e+02,8.700000000000000000e+01,8.700000000000000000e+01,1.800000000000000000e+01,1.010000000000000000e+02
2.000000000000000000e+00,2.808080808080807955e+00,8.000000000000000000e+01,1.300000000000000000e+01,1.210000000000000000e+02,2.000000000000000000e+00,4.500000000000000000e+01
2.000000000000000000e+00,2.808080808080807955e+00,2.000000000000000000e+02,2.880000000000000000e+02,2.620000000000000000e+02,2.420000000000000000e+02,2.350000000000000000e+02
2.000000000000000000e+00,2.808080808080807955e+00,1.550000000000000000e+02,2.280000000000000000e+02,2.400000000000000000e+02,1.610000000000000000e+02,1.900000000000000000e+02
2.000000000000000000e+00,2.808080808080807955e+00,1.000000000000000000e+02,8.800000000000000000e+01,8.800000000000000000e+01,1.800000000000000000e+01,8.700000000000000000e+01
2.000000000000000000e+00,2.707070707070707183e+00,8.000000000000000000e+01,1.400000000000000000e+01,1.170000000000000000e+02,2.000000000000000000e+00,4.600000000000000000e+01
2.000000000000000000e+00,2.707070707070707183e+00,2.000000000000000000e+02,2.940000000000000000e+02,2.760000000000000000e+02,2.460000000000000000e+02,2.400000000000000000e+02
2.000000000000000000e+00,2.707070707070707183e+00,1.550000000000000000e+02,2.300000000000000000e+02,2.370000000000000000e+02,1.660000000000000000e+02,1.820000000000000000e+02
2.000000000000000000e+00,2.707070707070707183e+00,1.000000000000000000e+02,8.600000000000000000e+01,8.600000000000000000e+01,1.700000000000000000e+01,9.100000000000000000e+01
2.000000000000000000e+00,2.606060606060605966e+00,8.000000000000000000e+01,1.400000000000000000e+01,1.160000000000000000e+02,6.000000000000000000e+00,5.600000000000000000e+01
2.000000000000000000e+00,2.606060606060605966e+00,2.000000000000000000e+02,2.930000000000000000e+02,2.770000000000000000e+02,2.490000000000000000e+02,2.520000000000000000e+02
2.000000000000000000e+00,2.606060606060605966e+00,1.550000000000000000e+02,2.360000000000000000e+02,2.440000000000000000e+02,1.590000000000000000e+02,1.980000000000000000e+02
2.000000000000000000e+00,2.606060606060605966e+00,1.000000000000000000e+02,8.700000000000000000e+01,8.700000000000000000e+01,2.000000000000000000e+01,9.500000000000000000e+01
2.000000000000000000e+00,2.505050505050505194e+00,8.000000000000000000e+01,1.900000000000000000e+01,1.320000000000000000e+02,5.000000000000000000e+00,6.400000000000000000e+01
2.000000000000000000e+00,2.505050505050505194e+00,2.000000000000000000e+02,2.930000000000000000e+02,2.860000000000000000e+02,2.510000000000000000e+02,2.560000000000000000e+02
2.000000000000000000e+00,2.505050505050505194e+00,1.550000000000000000e+02,2.430000000000000000e+02,2.490000000000000000e+02,1.630000000000000000e+02,2.000000000000000000e+02
2.000000000000000000e+00,2.505050505050505194e+00,1.000000000000000000e+02,8.600000000000000000e+01,8.600000000000000000e+01,1.700000000000000000e+01,8.700000000000000000e+01
2.000000000000000000e+00,2.404040404040403978e+00,8.000000000000000000e+01,2.200000000000000000e+01,1.310000000000000000e+02,7.000000000000000000e+00,6.300000000000000000e+01
2.000000000000000000e+00,2.404040404040403978e+00,2.000000000000000000e+02,2.910000000000000000e+02,2.860000000000000000e+02,2.530000000000000000e+02,2.580000000000000000e+02
2.000000000000000000e+00,2.404040404040403978e+00,1.550000000000000000e+02,2.460000000000000000e+02,2.390000000000000000e+02,1.730000000000000000e+02,1.990000000000000000e+02
2.000000000000000000e+00,2.404040404040403978e+00,1.000000000000000000e+02,8.800000000000000000e+01,8.800000000000000000e+01,1.700000000000000000e+01,9.200000000000000000e+01
2.000000000000000000e+00,2.303030303030303205e+00,8.000000000000000000e+01,2.200000000000000000e+01,1.510000000000000000e+02,4.000000000000000000e+00,6.000000000000000000e+01
2.000000000000000000e+00,2.303030303030303205e+00,2.000000000000000000e+02,2.980000000000000000e+02,2.780000000000000000e+02,2.640000000000000000e+02,2.470000000000000000e+02
2.000000000000000000e+00,2.303030303030303205e+00,1.550000000000000000e+02,2.510000000000000000e+02,2.520000000000000000e+02,1.780000000000000000e+02,1.900000000000000000e+02
2.000000000000000000e+00,2.303030303030303205e+00,1.000000000000000000e+02,1.010000000000000000e+02,1.010000000000000000e+02,2.300000000000000000e+01,1.050000000000000000e+02
2.000000000000000000e+00,2.202020202020201989e+00,8.000000000000000000e+01,2.100000000000000000e+01,1.460000000000000000e+02,4.000000000000000000e+00,6.600000000000000000e+01
2.000000000000000000e+00,2.202020202020201989e+00,2.000000000000000000e+02,3.010000000000000000e+02,2.940000000000000000e+02,2.690000000000000000e+02,2.650000000000000000e+02
2.000000000000000000e+00,2.202020202020201989e+00,1.550000000000000000e+02,2.500000000000000000e+02,2.580000000000000000e+02,1.760000000000000000e+02,2.070000000000000000e+02
2.000000000000000000e+00,2.202020202020201989e+00,1.000000000000000000e+02,1.180000000000000000e+02,1.180000000000000000e+02,3.000000000000000000e+01,9.700000000000000000e+01
2.000000000000000000e+00,2.101010101010101216e+00,8.000000000000000000e+01,2.400000000000000000e+01,1.350000000000000000e+02,5.000000000000000000e+00,6.300000000000000000e+01
2.000000000000000000e+00,2.101010101010101216e+00,2.000000000000000000e+02,3.020000000000000000e+02,2.810000000000000000e+02,2.670000000000000000e+02,2.500000000000000000e+02
2.000000000000000000e+00,2.101010101010101216e+00,1.550000000000000000e+02,2.460000000000000000e+02,2.740000000000000000e+02,1.770000000000000000e+02,2.180000000000000000e+02
2.000000000000000000e+00,2.101010101010101216e+00,1.000000000000000000e+02,1.190000000000000000e+02,1.190000000000000000e+02,3.400000000000000000e+01,1.070000000000000000e+02
2.000000000000000000e+00,2.000000000000000000e+00,8.000000000000000000e+01,3.300000000000000000e+01,1.450000000000000000e+02,8.000000000000000000e+00,7.100000000000000000e+01
2.000000000000000000e+00,2.000000000000000000e+00,2.000000000000000000e+02,3.050000000000000000e+02,2.880000000000000000e+02,2.770000000000000000e+02,2.620000000000000000e+02
2.000000000000000000e+00,2.000000000000000000e+00,1.550000000000000000e+02,2.490000000000000000e+02,2.680000000000000000e+02,1.870000000000000000e+02,2.200000000000000000e+02
2.000000000000000000e+00,2.000000000000000000e+00,1.000000000000000000e+02,1.140000000000000000e+02,1.140000000000000000e+02,3.400000000000000000e+01,1.260000000000000000e+02
1.000000000000000000e+00,8.000000000000000000e+00,8.000000000000000000e+01,1.800000000000000000e+01,4.800000000000000000e+01,8.000000000000000000e+00,5.000000000000000000e+00
1.000000000000000000e+00,8.000000000000000000e+00,2.000000000000000000e+02,1.840000000000000000e+02,1.660000000000000000e+02,6.400000000000000000e+01,8.500000000000000000e+01
1.000000000000000000e+00,8.000000000000000000e+00,1.550000000000000000e+02,9.500000000000000000e+01,1.460000000000000000e+02,9.000000000000000000e+00,5.100000000000000000e+01
1.000000000000000000e+00,8.000000000000000000e+00,1.000000000000000000e+02,7.000000000000000000e+00,7.000000000000000000e+00,4.000000000000000000e+00,1.400000000000000000e+01
1.000000000000000000e+00,7.836938775510204458e+00,8.000000000000000000e+01,2.400000000000000000e+01,5.400000000000000000e+01,1.000000000000000000e+01,5.000000000000000000e+00
1.000000000000000000e+00,7.836938775510204458e+00,2.000000000000000000e+02,1.730000000000000000e+02,1.650000000000000000e+02,5.400000000000000000e+01,8.600000000000000000e+01
1.000000000000000000e+00,7.836938775510204458e+00,1.550000000000000000e+02,9.900000000000000000e+01,1.350000000000000000e+02,1.500000000000000000e+01,4.200000000000000000e+01
1.000000000000000000e+00,7.836938775510204458e+00,1.000000000000000000e+02,1.300000000000000000e+01,1.300000000000000000e+01,7.000000000000000000e+00,1.200000000000000000e+01
1.000000000000000000e+00,7.673877551020408916e+00,8.000000000000000000e+01,2.400000000000000000e+01,4.200000000000000000e+01,1.000000000000000000e+01,4.000000000000000000e+00
1.000000000000000000e+00,7.673877551020408916e+00,2.000000000000000000e+02,1.870000000000000000e+02,1.890000000000000000e+02,7.100000000000000000e+01,1.030000000000000000e+02
1.000000000000000000e+00,7.673877551020408916e+00,1.550000000000000000e+02,1.000000000000000000e+02,1.370000000000000000e+02,1.800000000000000000e+01,5.100000000000000000e+01
1.000000000000000000e+00,7.673877551020408916e+00,1.000000000000000000e+02,8.000000000000000000e+00,8.000000000000000000e+00,5.000000000000000000e+00,1.300000000000000000e+01
1.000000000000000000e+00,7.510816326530612486e+00,8.000000000000000000e+01,1.400000000000000000e+01,5.100000000000000000e+01,1.100000000000000000e+01,1.100000000000000000e+01
1.000000000000000000e+00,7.510816326530612486e+00,2.000000000000000000e+02,1.850000000000000000e+02,1.750000000000000000e+02,6.900000000000000000e+01,9.900000000000000000e+01
1.000000000000000000e+00,7.510816326530612486e+00,1.550000000000000000e+02,1.020000000000000000e+02,1.370000000000000000e+02,1.200000000000000000e+01,5.100000000000000000e+01
1.000000000000000000e+00,7.510816326530612486e+00,1.000000000000000000e+02,6.000000000000000000e+00,6.000000000000000000e+00,6.000000000000000000e+00,1.200000000000000000e+01
1.000000000000000000e+00,7.347755102040816944e+00,8.000000000000000000e+01,1.600000000000000000e+01,4.400000000000000000e+01,1.100000000000000000e+01,9.000000000000000000e+00
1.000000000000000000e+00,7.347755102040816944e+00,2.000000000000000000e+02,1.830000000000000000e+02,1.800000000000000000e+02,7.300000000000000000e+01,1.140000000000000000e+02
1.000000000000000000e+00,7.347755102040816944e+00,1.550000000000000000e+02,1.050000000000000000e+02,1.550000000000000000e+02,1.300000000000000000e+01,6.800000000000000000e+01
1.000000000000000000e+00,7.347755102040816944e+00,1.000000000000000000e+02,1.100000000000000000e+01,1.100000000000000000e+01,7.000000000000000000e+00,1.600000000000000000e+01
1.000000000000000000e+00,7.184693877551020513e+00,8.000000000000000000e+01,1.500000000000000000e+01,4.500000000000000000e+01,8.000000000000000000e+00,1.300000000000000000e+01
1.000000000000000000e+00,7.184693877551020513e+00,2.000000000000000000e+02,1.800000000000000000e+02,1.940000000000000000e+02,8.300000000000000000e+01,1.130000000000000000e+02
1.000000000000000000e+00,7.184693877551020513e+00,1.550000000000000000e+02,1.080000000000000000e+02,1.450000000000000000e+02,2.200000000000000000e+01,7.000000000000000000e+01
1.000000000000000000e+00,7.184693877551020513e+00,1.000000000000000000e+02,9.000000000000000000e+00,9.000000000000000000e+00,8.000000000000000000e+00,1.700000000000000000e+01
1.000000000000000000e+00,7.021632653061224971e+00,8.000000000000000000e+01,1.600000000000000000e+01,5.300000000000000000e+01,9.000000000000000000e+00,1.400000000000000000e+01
1.000000000000000000e+00,7.021632653061224971e+00,2.000000000000000000e+02,1.810000000000000000e+02,1.910000000000000000e+02,9.100000000000000000e+01,1.150000000000000000e+02
1.000000000000000000e+00,7.021632653061224971e+00,1.550000000000000000e+02,1.080000000000000000e+02,1.580000000000000000e+02,2.100000000000000000e+01,6.900000000000000000e+01
1.000000000000000000e+00,7.021632653061224971e+00,1.000000000000000000e+02,8.000000000000000000e+00,8.000000000000000000e+00,3.000000000000000000e+00,1.300000000000000000e+01
1.000000000000000000e+00,6.858571428571428541e+00,8.000000000000000000e+01,1.100000000000000000e+01,5.000000000000000000e+01,6.000000000000000000e+00,7.000000000000000000e+00
1.000000000000000000e+00,6.858571428571428541e+00,2.000000000000000000e+02,1.820000000000000000e+02,1.980000000000000000e+02,9.300000000000000000e+01,1.180000000000000000e+02
1.000000000000000000e+00,6.858571428571428541e+00,1.550000000000000000e+02,1.090000000000000000e+02,1.640000000000000000e+02,2.700000000000000000e+01,7.400000000000000000e+01
1.000000000000000000e+00,6.858571428571428541e+00,1.000000000000000000e+02,7.000000000000000000e+00,7.000000000000000000e+00,2.000000000000000000e+00,1.300000000000000000e+01
1.000000000000000000e+00,6.695510204081632999e+00,8.000000000000000000e+01,9.000000000000000000e+00,5.600000000000000000e+01,2.000000000000000000e+00,8.000000000000000000e+00
1.000000000000000000e+00,6.695510204081632999e+00,2.000000000000000000e+02,1.920000000000000000e+02,1.960000000000000000e+02,1.040000000000000000e+02,1.240000000000000000e+02
1.000000000000000000e+00,6.695510204081632999e+00,1.550000000000000000e+02,1.150000000000000000e+02,1.540000000000000000e+02,2.400000000000000000e+01,6.800000000000000000e+01
1.000000000000000000e+00,6.695510204081632999e+00,1.000000000000000000e+02,6.000000000000000000e+00,6.000000000000000000e+00,3.000000000000000000e+00,1.700000000000000000e+01
1.000000000000000000e+00,6.532448979591837457e+00,8.000000000000000000e+01,1.200000000000000000e+01,5.600000000000000000e+01,6.000000000000000000e+00,1.000000000000000000e+01
1.000000000000000000e+00,6.532448979591837457e+00,2.000000000000000000e+02,1.990000000000000000e+02,2.000000000000000000e+02,1.000000000000000000e+02,1.320000000000000000e+02
1.000000000000000000e+00,6.532448979591837457e+00,1.550000000000000000e+02,1.170000000000000000e+02,1.710000000000000000e+02,2.800000000000000000e+01,7.800000000000000000e+01
1.000000000000000000e+00,6.532448979591837457e+00,1.000000000000000000e+02,7.000000000000000000e+00,7.000000000000000000e+00,3.000000000000000000e+00,1.700000000000000000e+01
1.000000000000000000e+00,6.369387755102041027e+00,8.000000000000000000e+01,1.200000000000000000e+01,5.600000000000000000e+01,3.000000000000000000e+00,4.000000000000000000e+00
1.000000000000000000e+00,6.369387755102041027e+00,2.000000000000000000e+02,2.140000000000000000e+02,1.890000000000000000e+02,1.190000000000000000e+02,1.190000000000000000e+02
1.000000000000000000e+00,6.369387755102041027e+00,1.550000000000000000e+02,1.210000000000000000e+02,1.710000000000000000e+02,3.400000000000000000e+01,8.700000000000000000e+01
1.000000000000000000e+00,6.369387755102041027e+00,1.000000000000000000e+02,9.000000000000000000e+00,9.000000000000000000e+00,3.000000000000000000e+00,1.800000000000000000e+01
1.000000000000000000e+00,6.206326530612245485e+00,8.000000000000000000e+01,1.300000000000000000e+01,6.400000000000000000e+01,2.000000000000000000e+00,8.000000000000000000e+00
1.000000000000000000e+00,6.206326530612245485e+00,2.000000000000000000e+02,2.140000000000000000e+02,1.950000000000000000e+02,1.220000000000000000e+02,1.190000000000000000e+02
1.000000000000000000e+00,6.206326530612245485e+00,1.550000000000000000e+02,1.360000000000000000e+02,1.800000000000000000e+02,3.700000000000000000e+01,8.200000000000000000e+01
1.000000000000000000e+00,6.206326530612245485e+00,1.000000000000000000e+02,1.100000000000000000e+01,1.100000000000000000e+01,7.000000000000000000e+00,2.300000000000000000e+01
1.000000000000000000e+00,6.043265306122449054e+00,8.000000000000000000e+01,2.000000000000000000e+00,7.100000000000000000e+01,0.000000000000000000e+00,8.000000000000000000e+00
1.000000000000000000e+00,6.043265306122449054e+00,2.000000000000000000e+02,2.190000000000000000e+02,2.080000000000000000e+02,1.250000000000000000e+02,1.350000000000000000e+02
1.000000000000000000e+00,6.043265306122449054e+00,1.550000000000000000e+02,1.440000000000000000e+02,1.690000000000000000e+02,3.700000000000000000e+01,7.900000000000000000e+01
1.000000000000000000e+00,6.043265306122449054e+00,1.000000000000000000e+02,7.000000000000000000e+00,7.000000000000000000e+00,3.000000000000000000e+00,2.500000000000000000e+01
1.000000000000000000e+00,5.880204081632653512e+00,8.000000000000000000e+01,8.000000000000000000e+00,6.500000000000000000e+01,4.000000000000000000e+00,1.100000000000000000e+01
1.000000000000000000e+00,5.880204081632653512e+00,2.000000000000000000e+02,2.170000000000000000e+02,2.080000000000000000e+02,1.230000000000000000e+02,1.370000000000000000e+02
1.000000000000000000e+00,5.880204081632653512e+00,1.550000000000000000e+02,1.510000000000000000e+02,1.580000000000000000e+02,4.000000000000000000e+01,7.100000000000000000e+01
1.000000000000000000e+00,5.880204081632653512e+00,1.000000000000000000e+02,1.000000000000000000e+01,1.000000000000000000e+01,5.000000000000000000e+00,2.100000000000000000e+01
1.000000000000000000e+00,5.717142857142857082e+00,8.000000000000000000e+01,1.000000000000000000e+01,7.100000000000000000e+01,5.000000000000000000e+00,1.500000000000000000e+01
1.000000000000000000e+00,5.717142857142857082e+00,2.000000000000000000e+02,2.180000000000000000e+02,2.090000000000000000e+02,1.290000000000000000e+02,1.400000000000000000e+02
1.000000000000000000e+00,5.717142857142857082e+00,1.550000000000000000e+02,1.510000000000000000e+02,1.780000000000000000e+02,4.800000000000000000e+01,9.300000000000000000e+01
1.000000000000000000e+00,5.717142857142857082e+00,1.000000000000000000e+02,9.000000000000000000e+00,9.000000000000000000e+00,3.000000000000000000e+00,2.500000000000000000e+01
1.000000000000000000e+00,5.554081632653061540e+00,8.000000000000000000e+01,1.000000000000000000e+01,5.900000000000000000e+01,5.000000000000000000e+00,1.000000000000000000e+01
1.000000000000000000e+00,5.554081632653061540e+00,2.000000000000000000e+02,2.320000000000000000e+02,2.240000000000000000e+02,1.430000000000000000e+02,1.550000000000000000e+02
1.000000000000000000e+00,5.554081632653061540e+00,1.550000000000000000e+02,1.520000000000000000e+02,1.770000000000000000e+02,5.300000000000000000e+01,8.300000000000000000e+01
1.000000000000000000e+00,5.554081632653061540e+00,1.000000000000000000e+02,1.300000000000000000e+01,1.300000000000000000e+01,4.000000000000000000e+00,2.700000000000000000e+01
1.000000000000000000e+00,5.391020408163265110e+00,8.000000000000000000e+01,1.000000000000000000e+01,7.000000000000000000e+01,6.000000000000000000e+00,1.500000000000000000e+01
1.000000000000000000e+00,5.391020408163265110e+00,2.000000000000000000e+02,2.280000000000000000e+02,2.190000000000000000e+02,1.390000000000000000e+02,1.470000000000000000e+02
1.000000000000000000e+00,5.391020408163265110e+00,1.550000000000000000e+02,1.460000000000000000e+02,1.960000000000000000e+02,4.700000000000000000e+01,1.060000000000000000e+02
1.000000000000000000e+00,5.391020408163265110e+00,1.000000000000000000e+02,1.100000000000000000e+01,1.100000000000000000e+01,4.000000000000000000e+00,2.700000000000000000e+01
1.000000000000000000e+00,5.227959183673469568e+00,8.000000000000000000e+01,8.000000000000000000e+00,7.500000000000000000e+01,3.000000000000000000e+00,1.200000000000000000e+01
1.000000000000000000e+00,5.227959183673469568e+00,2.000000000000000000e+02,2.340000000000000000e+02,2.310000000000000000e+02,1.480000000000000000e+02,1.620000000000000000e+02
1.000000000000000000e+00,5.227959183673469568e+00,1.550000000000000000e+02,1.500000000000000000e+02,1.960000000000000000e+02,4.100000000000000000e+01,1.070000000000000000e+02
1.000000000000000000e+00,5.227959183673469568e+00,1.000000000000000000e+02,1.700000000000000000e+01,1.700000000000000000e+01,8.000000000000000000e+00,3.500000000000000000e+01
1.000000000000000000e+00,5.064897959183674025e+00,8.000000000000000000e+01,7.000000000000000000e+00,7.500000000000000000e+01,3.000000000000000000e+00,2.000000000000000000e+01
1.000000000000000000e+00,5.064897959183674025e+00,2.000000000000000000e+02,2.350000000000000000e+02,2.390000000000000000e+02,1.510000000000000000e+02,1.750000000000000000e+02
1.000000000000000000e+00,5.064897959183674025e+00,1.550000000000000000e+02,1.560000000000000000e+02,1.990000000000000000e+02,5.300000000000000000e+01,1.100000000000000000e+02
1.000000000000000000e+00,5.064897959183674025e+00,1.000000000000000000e+02,1.800000000000000000e+01,1.800000000000000000e+01,6.000000000000000000e+00,3.700000000000000000e+01
1.000000000000000000e+00,4.901836734693877595e+00,8.000000000000000000e+01,5.000000000000000000e+00,9.400000000000000000e+01,2.000000000000000000e+00,2.500000000000000000e+01
1.000000000000000000e+00,4.901836734693877595e+00,2.000000000000000000e+02,2.460000000000000000e+02,2.410000000000000000e+02,1.680000000000000000e+02,1.900000000000000000e+02
1.000000000000000000e+00,4.901836734693877595e+00,1.550000000000000000e+02,1.680000000000000000e+02,2.030000000000000000e+02,6.700000000000000000e+01,1.150000000000000000e+02
1.000000000000000000e+00,4.901836734693877595e+00,1.000000000000000000e+02,2.000000000000000000e+01,2.000000000000000000e+01,7.000000000000000000e+00,3.600000000000000000e+01
1.000000000000000000e+00,4.738775510204082053e+00,8.000000000000000000e+01,7.000000000000000000e+00,7.500000000000000000e+01,3.000000000000000000e+00,1.700000000000000000e+01
1.000000000000000000e+00,4.738775510204082053e+00,2.000000000000000000e+02,2.550000000000000000e+02,2.520000000000000000e+02,1.800000000000000000e+02,1.930000000000000000e+02
1.000000000000000000e+00,4.738775510204082053e+00,1.550000000000000000e+02,1.700000000000000000e+02,2.160000000000000000e+02,6.900000000000000000e+01,1.300000000000000000e+02
1.000000000000000000e+00,4.738775510204082053e+00,1.000000000000000000e+02,2.200000000000000000e+01,2.200000000000000000e+01,6.000000000000000000e+00,4.400000000000000000e+01
1.000000000000000000e+00,4.575714285714285623e+00,8.000000000000000000e+01,7.000000000000000000e+00,7.800000000000000000e+01,3.000000000000000000e+00,2.200000000000000000e+01
1.000000000000000000e+00,4.575714285714285623e+00,2.000000000000000000e+02,2.530000000000000000e+02,2.450000000000000000e+02,1.850000000000000000e+02,1.900000000000000000e+02
1.000000000000000000e+00,4.575714285714285623e+00,1.550000000000000000e+02,1.830000000000000000e+02,2.000000000000000000e+02,8.200000000000000000e+01,1.240000000000000000e+02
1.000000000000000000e+00,4.575714285714285623e+00,1.000000000000000000e+02,2.000000000000000000e+01,2.000000000000000000e+01,5.000000000000000000e+00,4.800000000000000000e+01
1.000000000000000000e+00,4.412653061224490081e+00,8.000000000000000000e+01,1.100000000000000000e+01,8.800000000000000000e+01,5.000000000000000000e+00,2.700000000000000000e+01
1.000000000000000000e+00,4.412653061224490081e+00,2.000000000000000000e+02,2.580000000000000000e+02,2.490000000000000000e+02,1.910000000000000000e+02,1.920000000000000000e+02
1.000000000000000000e+00,4.412653061224490081e+00,1.550000000000000000e+02,1.920000000000000000e+02,2.200000000000000000e+02,8.000000000000000000e+01,1.510000000000000000e+02
1.000000000000000000e+00,4.412653061224490081e+00,1.000000000000000000e+02,2.500000000000000000e+01,2.500000000000000000e+01,4.000000000000000000e+00,5.500000000000000000e+01
1.000000000000000000e+00,4.249591836734693651e+00,8.000000000000000000e+01,1.000000000000000000e+01,9.300000000000000000e+01,6.000000000000000000e+00,2.400000000000000000e+01
1.000000000000000000e+00,4.249591836734693651e+00,2.000000000000000000e+02,2.630000000000000000e+02,2.460000000000000000e+02,1.970000000000000000e+02,1.930000000000000000e+02
1.000000000000000000e+00,4.249591836734693651e+00,1.550000000000000000e+02,1.970000000000000000e+02,2.130000000000000000e+02,9.000000000000000000e+01,1.480000000000000000e+02
1.000000000000000000e+00,4.249591836734693651e+00,1.000000000000000000e+02,4.200000000000000000e+01,4.200000000000000000e+01,6.000000000000000000e+00,5.400000000000000000e+01
1.000000000000000000e+00,4.086530612244898109e+00,8.000000000000000000e+01,9.000000000000000000e+00,1.020000000000000000e+02,4.000000000000000000e+00,2.600000000000000000e+01
1.000000000000000000e+00,4.086530612244898109e+00,2.000000000000000000e+02,2.680000000000000000e+02,2.640000000000000000e+02,2.080000000000000000e+02,2.160000000000000000e+02
1.000000000000000000e+00,4.086530612244898109e+00,1.550000000000000000e+02,1.940000000000000000e+02,2.160000000000000000e+02,9.100000000000000000e+01,1.560000000000000000e+02
1.000000000000000000e+00,4.086530612244898109e+00,1.000000000000000000e+02,4.800000000000000000e+01,4.800000000000000000e+01,8.000000000000000000e+00,5.900000000000000000e+01
1.000000000000000000e+00,3.923469387755102122e+00,8.000000000000000000e+01,7.000000000000000000e+00,9.700000000000000000e+01,4.000000000000000000e+00,3.200000000000000000e+01
1.000000000000000000e+00,3.923469387755102122e+00,2.000000000000000000e+02,2.750000000000000000e+02,2.530000000000000000e+02,2.140000000000000000e+02,2.100000000000000000e+02
1.000000000000000000e+00,3.923469387755102122e+00,1.550000000000000000e+02,2.010000000000000000e+02,2.100000000000000000e+02,9.900000000000000000e+01,1.490000000000000000e+02
1.000000000000000000e+00,3.923469387755102122e+00,1.000000000000000000e+02,4.500000000000000000e+01,4.500000000000000000e+01,5.000000000000000000e+00,5.900000000000000000e+01
1.000000000000000000e+00,3.760408163265306136e+00,8.000000000000000000e+01,8.000000000000000000e+00,9.900000000000000000e+01,3.000000000000000000e+00,3.300000000000000000e+01
1.000000000000000000e+00,3.760408163265306136e+00,2.000000000000000000e+02,2.740000000000000000e+02,2.700000000000000000e+02,2.120000000000000000e+02,2.240000000000000000e+02
1.000000000000000000e+00,3.760408163265306136e+00,1.550000000000000000e+02,2.060000000000000000e+02,2.190000000000000000e+02,1.020000000000000000e+02,1.620000000000000000e+02
1.000000000000000000e+00,3.760408163265306136e+00,1.000000000000000000e+02,5.200000000000000000e+01,5.200000000000000000e+01,3.000000000000000000e+00,5.200000000000000000e+01
1.000000000000000000e+00,3.597346938775510150e+00,8.000000000000000000e+01,5.000000000000000000e+00,1.060000000000000000e+02,2.000000000000000000e+00,3.500000000000000000e+01
1.000000000000000000e+00,3.597346938775510150e+00,2.000000000000000000e+02,2.740000000000000000e+02,2.660000000000000000e+02,2.090000000000000000e+02,2.250000000000000000e+02
1.000000000000000000e+00,3.597346938775510150e+00,1.550000000000000000e+02,2.150000000000000000e+02,2.320000000000000000e+02,1.190000000000000000e+02,1.570000000000000000e+02
1.000000000000000000e+00,3.597346938775510150e+00,1.000000000000000000e+02,5.200000000000000000e+01,5.200000000000000000e+01,4.000000000000000000e+00,6.000000000000000000e+01
1.000000000000000000e+00,3.434285714285714164e+00,8.000000000000000000e+01,5.000000000000000000e+00,1.080000000000000000e+02,1.000000000000000000e+00,3.300000000000000000e+01
1.000000000000000000e+00,3.434285714285714164e+00,2.000000000000000000e+02,2.830000000000000000e+02,2.660000000000000000e+02,2.250000000000000000e+02,2.300000000000000000e+02
1.000000000000000000e+00,3.434285714285714164e+00,1.550000000000000000e+02,2.260000000000000000e+02,2.410000000000000000e+02,1.240000000000000000e+02,1.820000000000000000e+02
1.000000000000000000e+00,3.434285714285714164e+00,1.000000000000000000e+02,6.600000000000000000e+01,6.600000000000000000e+01,1.100000000000000000e+01,7.200000000000000000e+01
1.000000000000000000e+00,3.271224489795918622e+00,8.000000000000000000e+01,9.000000000000000000e+00,1.130000000000000000e+02,3.000000000000000000e+00,4.700000000000000000e+01
1.000000000000000000e+00,3.271224489795918622e+00,2.000000000000000000e+02,2.850000000000000000e+02,2.730000000000000000e+02,2.210000000000000000e+02,2.400000000000000000e+02
1.000000000000000000e+00,3.271224489795918622e+00,1.550000000000000000e+02,2.210000000000000000e+02,2.460000000000000000e+02,1.250000000000000000e+02,1.810000000000000000e+02
1.000000000000000000e+00,3.271224489795918622e+00,1.000000000000000000e+02,7.000000000000000000e+01,7.000000000000000000e+01,1.500000000000000000e+01,7.100000000000000000e+01
1.000000000000000000e+00,3.108163265306122636e+00,8.000000000000000000e+01,6.000000000000000000e+00,1.260000000000000000e+02,2.000000000000000000e+00,4.900000000000000000e+01
1.000000000000000000e+00,3.108163265306122636e+00,2.000000000000000000e+02,2.920000000000000000e+02,2.700000000000000000e+02,2.390000000000000000e+02,2.310000000000000000e+02
1.000000000000000000e+00,3.108163265306122636e+00,1.550000000000000000e+02,2.220000000000000000e+02,2.320000000000000000e+02,1.290000000000000000e+02,1.790000000000000000e+02
1.000000000000000000e+00,3.108163265306122636e+00,1.000000000000000000e+02,6.900000000000000000e+01,6.900000000000000000e+01,1.400000000000000000e+01,6.600000000000000000e+01
1.000000000000000000e+00,2.945102040816326650e+00,8.000000000000000000e+01,1.100000000000000000e+01,1.280000000000000000e+02,4.000000000000000000e+00,4.700000000000000000e+01
1.000000000000000000e+00,2.945102040816326650e+00,2.000000000000000000e+02,2.970000000000000000e+02,2.810000000000000000e+02,2.510000000000000000e+02,2.440000000000000000e+02
1.000000000000000000e+00,2.945102040816326650e+00,1.550000000000000000e+02,2.250000000000000000e+02,2.430000000000000000e+02,1.460000000000000000e+02,1.880000000000000000e+02
1.000000000000000000e+00,2.945102040816326650e+00,1.000000000000000000e+02,7.200000000000000000e+01,7.200000000000000000e+01,8.000000000000000000e+00,7.700000000000000000e+01
1.000000000000000000e+00,2.782040816326530663e+00,8.000000000000000000e+01,8.000000000000000000e+00,1.350000000000000000e+02,2.000000000000000000e+00,4.800000000000000000e+01
1.000000000000000000e+00,2.782040816326530663e+00,2.000000000000000000e+02,3.010000000000000000e+02,2.840000000000000000e+02,2.490000000000000000e+02,2.490000000000000000e+02
1.000000000000000000e+00,2.782040816326530663e+00,1.550000000000000000e+02,2.340000000000000000e+02,2.540000000000000000e+02,1.570000000000000000e+02,2.080000000000000000e+02
1.000000000000000000e+00,2.782040816326530663e+00,1.000000000000000000e+02,8.600000000000000000e+01,8.600000000000000000e+01,1.800000000000000000e+01,9.100000000000000000e+01
1.000000000000000000e+00,2.618979591836734677e+00,8.000000000000000000e+01,8.000000000000000000e+00,1.420000000000000000e+02,3.000000000000000000e+00,6.700000000000000000e+01
1.000000000000000000e+00,2.618979591836734677e+00,2.000000000000000000e+02,2.960000000000000000e+02,2.810000000000000000e+02,2.510000000000000000e+02,2.550000000000000000e+02
1.000000000000000000e+00,2.618979591836734677e+00,1.550000000000000000e+02,2.440000000000000000e+02,2.500000000000000000e+02,1.630000000000000000e+02,2.060000000000000000e+02
1.000000000000000000e+00,2.618979591836734677e+00,1.000000000000000000e+02,8.300000000000000000e+01,8.300000000000000000e+01,1.700000000000000000e+01,8.500000000000000000e+01
1.000000000000000000e+00,2.455918367346938691e+00,8.000000000000000000e+01,7.000000000000000000e+00,1.360000000000000000e+02,1.000000000000000000e+00,5.700000000000000000e+01
1.000000000000000000e+00,2.455918367346938691e+00,2.000000000000000000e+02,2.900000000000000000e+02,2.930000000000000000e+02,2.490000000000000000e+02,2.640000000000000000e+02
1.000000000000000000e+00,2.455918367346938691e+00,1.550000000000000000e+02,2.520000000000000000e+02,2.630000000000000000e+02,1.720000000000000000e+02,2.120000000000000000e+02
1.000000000000000000e+00,2.455918367346938691e+00,1.000000000000000000e+02,9.700000000000000000e+01,9.700000000000000000e+01,2.900000000000000000e+01,1.030000000000000000e+02
1.000000000000000000e+00,2.292857142857142705e+00,8.000000000000000000e+01,1.800000000000000000e+01,1.480000000000000000e+02,6.000000000000000000e+00,6.500000000000000000e+01
1.000000000000000000e+00,2.292857142857142705e+00,2.000000000000000000e+02,2.970000000000000000e+02,2.870000000000000000e+02,2.670000000000000000e+02,2.650000000000000000e+02
1.000000000000000000e+00,2.292857142857142705e+00,1.550000000000000000e+02,2.590000000000000000e+02,2.630000000000000000e+02,1.890000000000000000e+02,2.100000000000000000e+02
1.000000000000000000e+00,2.292857142857142705e+00,1.000000000000000000e+02,1.030000000000000000e+02,1.030000000000000000e+02,2.200000000000000000e+01,1.190000000000000000e+02
1.000000000000000000e+00,2.129795918367346719e+00,8.000000000000000000e+01,2.200000000000000000e+01,1.650000000000000000e+02,6.000000000000000000e+00,6.600000000000000000e+01
1.000000000000000000e+00,2.129795918367346719e+00,2.000000000000000000e+02,3.070000000000000000e+02,3.020000000000000000e+02,2.740000000000000000e+02,2.720000000000000000e+02
1.000000000000000000e+00,2.129795918367346719e+00,1.550000000000000000e+02,2.510000000000000000e+02,2.740000000000000000e+02,1.800000000000000000e+02,2.200000000000000000e+02
1.000000000000000000e+00,2.129795918367346719e+00,1.000000000000000000e+02,1.210000000000000000e+02,1.210000000000000000e+02,3.500000000000000000e+01,1.000000000000000000e+02
1.000000000000000000e+00,1.966734693877551177e+00,8.000000000000000000e+01,2.900000000000000000e+01,1.620000000000000000e+02,7.000000000000000000e+00,8.300000000000000000e+01
1.000000000000000000e+00,1.966734693877551177e+00,2.000000000000000000e+02,3.080000000000000000e+02,3.020000000000000000e+02,2.810000000000000000e+02,2.760000000000000000e+02
1.000000000000000000e+00,1.966734693877551177e+00,1.550000000000000000e+02,2.560000000000000000e+02,2.780000000000000000e+02,1.940000000000000000e+02,2.340000000000000000e+02
1.000000000000000000e+00,1.966734693877551177e+00,1.000000000000000000e+02,1.220000000000000000e+02,1.220000000000000000e+02,3.800000000000000000e+01,1.150000000000000000e+02
1.000000000000000000e+00,1.803673469387755190e+00,8.000000000000000000e+01,2.900000000000000000e+01,1.480000000000000000e+02,8.000000000000000000e+00,7.300000000000000000e+01
1.000000000000000000e+00,1.803673469387755190e+00,2.000000000000000000e+02,3.140000000000000000e+02,2.900000000000000000e+02,2.910000000000000000e+02,2.620000000000000000e+02
1.000000000000000000e+00,1.803673469387755190e+00,1.550000000000000000e+02,2.500000000000000000e+02,2.780000000000000000e+02,1.920000000000000000e+02,2.220000000000000000e+02
1.000000000000000000e+00,1.803673469387755190e+00,1.000000000000000000e+02,1.180000000000000000e+02,1.180000000000000000e+02,3.400000000000000000e+01,1.370000000000000000e+02
1.000000000000000000e+00,1.640612244897959426e+00,8.000000000000000000e+01,3.800000000000000000e+01,1.800000000000000000e+02,7.000000000000000000e+00,9.300000000000000000e+01
1.000000000000000000e+00,1.640612244897959426e+00,2.000000000000000000e+02,3.190000000000000000e+02,3.070000000000000000e+02,2.910000000000000000e+02,2.820000000000000000e+02
1.000000000000000000e+00,1.640612244897959426e+00,1.550000000000000000e+02,2.600000000000000000e+02,2.920000000000000000e+02,2.070000000000000000e+02,2.380000000000000000e+02
1.000000000000000000e+00,1.640612244897959426e+00,1.000000000000000000e+02,1.320000000000000000e+02,1.320000000000000000e+02,4.100000000000000000e+01,1.520000000000000000e+02
1.000000000000000000e+00,1.477551020408163440e+00,8.000000000000000000e+01,5.400000000000000000e+01,1.790000000000000000e+02,1.000000000000000000e+01,9.800000000000000000e+01
1.000000000000000000e+00,1.477551020408163440e+00,2.000000000000000000e+02,3.160000000000000000e+02,3.210000000000000000e+02,2.940000000000000000e+02,2.940000000000000000e+02
1.000000000000000000e+00,1.477551020408163440e+00,1.550000000000000000e+02,2.630000000000000000e+02,2.840000000000000000e+02,2.140000000000000000e+02,2.430000000000000000e+02
1.000000000000000000e+00,1.477551020408163440e+00,1.000000000000000000e+02,1.380000000000000000e+02,1.380000000000000000e+02,5.200000000000000000e+01,1.540000000000000000e+02
1.000000000000000000e+00,1.314489795918367454e+00,8.000000000000000000e+01,6.400000000000000000e+01,1.870000000000000000e+02,1.000000000000000000e+01,1.090000000000000000e+02
1.000000000000000000e+00,1.314489795918367454e+00,2.000000000000000000e+02,3.110000000000000000e+02,3.140000000000000000e+02,2.940000000000000000e+02,2.940000000000000000e+02
1.000000000000000000e+00,1.314489795918367454e+00,1.550000000000000000e+02,2.700000000000000000e+02,2.880000000000000000e+02,2.160000000000000000e+02,2.480000000000000000e+02
1.000000000000000000e+00,1.314489795918367454e+00,1.000000000000000000e+02,1.440000000000000000e+02,1.440000000000000000e+02,5.000000000000000000e+01,1.620000000000000000e+02
1.000000000000000000e+00,1.151428571428571468e+00,8.000000000000000000e+01,7.200000000000000000e+01,1.870000000000000000e+02,1.100000000000000000e+01,1.160000000000000000e+02
1.000000000000000000e+00,1.151428571428571468e+00,2.000000000000000000e+02,3.180000000000000000e+02,3.200000000000000000e+02,2.970000000000000000e+02,3.010000000000000000e+02
1.000000000000000000e+00,1.151428571428571468e+00,1.550000000000000000e+02,2.730000000000000000e+02,2.910000000000000000e+02,2.300000000000000000e+02,2.520000000000000000e+02
1.000000000000000000e+00,1.151428571428571468e+00,1.000000000000000000e+02,1.610000000000000000e+02,1.610000000000000000e+02,5.100000000000000000e+01,1.640000000000000000e+02
1.000000000000000000e+00,9.883673469387755928e-01,8.000000000000000000e+01,8.500000000000000000e+01,1.860000000000000000e+02,2.900000000000000000e+01,1.200000000000000000e+02
1.000000000000000000e+00,9.883673469387755928e-01,2.000000000000000000e+02,3.150000000000000000e+02,3.240000000000000000e+02,2.990000000000000000e+02,3.040000000000000000e+02
1.000000000000000000e+00,9.883673469387755928e-01,1.550000000000000000e+02,2.840000000000000000e+02,3.000000000000000000e+02,2.370000000000000000e+02,2.660000000000000000e+02
1.000000000000000000e+00,9.883673469387755928e-01,1.000000000000000000e+02,1.730000000000000000e+02,1.730000000000000000e+02,6.800000000000000000e+01,1.790000000000000000e+02
1.000000000000000000e+00,8.253061224489797176e-01,8.000000000000000000e+01,8.800000000000000000e+01,1.930000000000000000e+02,2.500000000000000000e+01,1.260000000000000000e+02
1.000000000000000000e+00,8.253061224489797176e-01,2.000000000000000000e+02,3.260000000000000000e+02,3.210000000000000000e+02,3.110000000000000000e+02,3.080000000000000000e+02
1.000000000000000000e+00,8.253061224489797176e-01,1.550000000000000000e+02,2.860000000000000000e+02,2.970000000000000000e+02,2.400000000000000000e+02,2.690000000000000000e+02
1.000000000000000000e+00,8.253061224489797176e-01,1.000000000000000000e+02,1.840000000000000000e+02,1.840000000000000000e+02,8.800000000000000000e+01,1.740000000000000000e+02
1.000000000000000000e+00,6.622448979591837315e-01,8.000000000000000000e+01,1.030000000000000000e+02,2.170000000000000000e+02,2.900000000000000000e+01,1.410000000000000000e+02
1.000000000000000000e+00,6.622448979591837315e-01,2.000000000000000000e+02,3.280000000000000000e+02,3.280000000000000000e+02,3.160000000000000000e+02,3.100000000000000000e+02
1.000000000000000000e+00,6.622448979591837315e-01,1.550000000000000000e+02,2.890000000000000000e+02,2.920000000000000000e+02,2.520000000000000000e+02,2.640000000000000000e+02
1.000000000000000000e+00,6.622448979591837315e-01,1.000000000000000000e+02,1.900000000000000000e+02,1.900000000000000000e+02,9.100000000000000000e+01,1.900000000000000000e+02
1.000000000000000000e+00,4.991836734693878008e-01,8.000000000000000000e+01,1.090000000000000000e+02,2.150000000000000000e+02,4.500000000000000000e+01,1.360000000000000000e+02
1.000000000000000000e+00,4.991836734693878008e-01,2.000000000000000000e+02,3.340000000000000000e+02,3.340000000000000000e+02,3.200000000000000000e+02,3.220000000000000000e+02
1.000000000000000000e+00,4.991836734693878008e-01,1.550000000000000000e+02,2.960000000000000000e+02,3.100000000000000000e+02,2.550000000000000000e+02,2.910000000000000000e+02
1.000000000000000000e+00,4.991836734693878008e-01,1.000000000000000000e+02,1.920000000000000000e+02,1.920000000000000000e+02,1.010000000000000000e+02,1.860000000000000000e+02
1.000000000000000000e+00,3.361224489795918702e-01,8.000000000000000000e+01,1.280000000000000000e+02,2.250000000000000000e+02,4.700000000000000000e+01,1.630000000000000000e+02
1.000000000000000000e+00,3.361224489795918702e-01,2.000000000000000000e+02,3.290000000000000000e+02,3.270000000000000000e+02,3.130000000000000000e+02,3.200000000000000000e+02
1.000000000000000000e+00,3.361224489795918702e-01,1.550000000000000000e+02,2.990000000000000000e+02,3.060000000000000000e+02,2.610000000000000000e+02,2.820000000000000000e+02
1.000000000000000000e+00,3.361224489795918702e-01,1.000000000000000000e+02,2.030000000000000000e+02,2.030000000000000000e+02,1.190000000000000000e+02,2.130000000000000000e+02
1.000000000000000000e+00,1.730612244897959395e-01,8.000000000000000000e+01,1.470000000000000000e+02,2.230000000000000000e+02,6.200000000000000000e+01,1.430000000000000000e+02
1.000000000000000000e+00,1.730612244897959395e-01,2.000000000000000000e+02,3.340000000000000000e+02,3.360000000000000000e+02,3.190000000000000000e+02,3.250000000000000000e+02
1.000000000000000000e+00,1.730612244897959395e-01,1.550000000000000000e+02,2.980000000000000000e+02,3.140000000000000000e+02,2.630000000000000000e+02,2.890000000000000000e+02
1.000000000000000000e+00,1.730612244897959395e-01,1.000000000000000000e+02,2.140000000000000000e+02,2.140000000000000000e+02,1.240000000000000000e+02,2.250000000000000000e+02
1.000000000000000000e+00,1.000000000000000021e-02,8.000000000000000000e+01,1.760000000000000000e+02,2.600000000000000000e+02,8.700000000000000000e+01,1.880000000000000000e+02
1.000000000000000000e+00,1.000000000000000021e-02,2.000000000000000000e+02,3.350000000000000000e+02,3.310000000000000000e+02,3.260000000000000000e+02,3.210000000000000000e+02
1.000000000000000000e+00,1.000000000000000021e-02,1.550000000000000000e+02,3.080000000000000000e+02,3.180000000000000000e+02,2.790000000000000000e+02,2.920000000000000000e+02
1.000000000000000000e+00,1.000000000000000021e-02,1.000000000000000000e+02,2.440000000000000000e+02,2.440000000000000000e+02,1.600000000000000000e+02,2.230000000000000000e+02
0.000000000000000000e+00,3.000000000000000000e+00,8.000000000000000000e+01,7.000000000000000000e+00,6.400000000000000000e+01,2.000000000000000000e+00,1.600000000000000000e+01
0.000000000000000000e+00,3.000000000000000000e+00,2.000000000000000000e+02,2.060000000000000000e+02,1.730000000000000000e+02,1.290000000000000000e+02,1.170000000000000000e+02
0.000000000000000000e+00,3.000000000000000000e+00,1.550000000000000000e+02,1.420000000000000000e+02,1.530000000000000000e+02,5.900000000000000000e+01,8.200000000000000000e+01
0.000000000000000000e+00,3.000000000000000000e+00,1.000000000000000000e+02,2.200000000000000000e+01,2.200000000000000000e+01,2.000000000000000000e+00,2.700000000000000000e+01
0.000000000000000000e+00,2.938979591836734517e+00,8.000000000000000000e+01,8.000000000000000000e+00,6.200000000000000000e+01,3.000000000000000000e+00,2.000000000000000000e+01
0.000000000000000000e+00,2.938979591836734517e+00,2.000000000000000000e+02,2.060000000000000000e+02,1.770000000000000000e+02,1.310000000000000000e+02,1.210000000000000000e+02
0.000000000000000000e+00,2.938979591836734517e+00,1.550000000000000000e+02,1.450000000000000000e+02,1.380000000000000000e+02,6.100000000000000000e+01,8.100000000000000000e+01
0.000000000000000000e+00,2.938979591836734517e+00,1.000000000000000000e+02,2.900000000000000000e+01,2.900000000000000000e+01,2.000000000000000000e+00,2.300000000000000000e+01
0.000000000000000000e+00,2.877959183673469479e+00,8.000000000000000000e+01,8.000000000000000000e+00,6.100000000000000000e+01,6.000000000000000000e+00,1.500000000000000000e+01
0.000000000000000000e+00,2.877959183673469479e+00,2.000000000000000000e+02,2.070000000000000000e+02,1.850000000000000000e+02,1.330000000000000000e+02,1.350000000000000000e+02
0.000000000000000000e+00,2.877959183673469479e+00,1.550000000000000000e+02,1.420000000000000000e+02,1.390000000000000000e+02,5.600000000000000000e+01,7.700000000000000000e+01
0.000000000000000000e+00,2.877959183673469479e+00,1.000000000000000000e+02,3.100000000000000000e+01,3.100000000000000000e+01,2.000000000000000000e+00,2.400000000000000000e+01
0.000000000000000000e+00,2.816938775510203996e+00,8.000000000000000000e+01,6.000000000000000000e+00,7.800000000000000000e+01,3.000000000000000000e+00,2.000000000000000000e+01
0.000000000000000000e+00,2.816938775510203996e+00,2.000000000000000000e+02,2.120000000000000000e+02,1.860000000000000000e+02,1.380000000000000000e+02,1.420000000000000000e+02
0.000000000000000000e+00,2.816938775510203996e+00,1.550000000000000000e+02,1.560000000000000000e+02,1.580000000000000000e+02,6.300000000000000000e+01,9.800000000000000000e+01
0.000000000000000000e+00,2.816938775510203996e+00,1.000000000000000000e+02,3.500000000000000000e+01,3.500000000000000000e+01,4.000000000000000000e+00,2.600000000000000000e+01
0.000000000000000000e+00,2.755918367346938513e+00,8.000000000000000000e+01,6.000000000000000000e+00,6.500000000000000000e+01,2.000000000000000000e+00,1.400000000000000000e+01
0.000000000000000000e+00,2.755918367346938513e+00,2.000000000000000000e+02,2.170000000000000000e+02,1.800000000000000000e+02,1.500000000000000000e+02,1.360000000000000000e+02
0.000000000000000000e+00,2.755918367346938513e+00,1.550000000000000000e+02,1.610000000000000000e+02,1.450000000000000000e+02,7.000000000000000000e+01,8.900000000000000000e+01
0.000000000000000000e+00,2.755918367346938513e+00,1.000000000000000000e+02,3.700000000000000000e+01,3.700000000000000000e+01,6.000000000000000000e+00,3.000000000000000000e+01
0.000000000000000000e+00,2.694897959183673475e+00,8.000000000000000000e+01,4.000000000000000000e+00,7.200000000000000000e+01,3.000000000000000000e+00,1.900000000000000000e+01
0.000000000000000000e+00,2.694897959183673475e+00,2.000000000000000000e+02,2.200000000000000000e+02,1.990000000000000000e+02,1.590000000000000000e+02,1.510000000000000000e+02
0.000000000000000000e+00,2.694897959183673475e+00,1.550000000000000000e+02,1.700000000000000000e+02,1.520000000000000000e+02,7.700000000000000000e+01,9.800000000000000000e+01
0.000000000000000000e+00,2.694897959183673475e+00,1.000000000000000000e+02,3.800000000000000000e+01,3.800000000000000000e+01,6.000000000000000000e+00,2.800000000000000000e+01
0.000000000000000000e+00,2.633877551020407992e+00,8.000000000000000000e+01,4.000000000000000000e+00,6.300000000000000000e+01,2.000000000000000000e+00,2.800000000000000000e+01
0.000000000000000000e+00,2.633877551020407992e+00,2.000000000000000000e+02,2.210000000000000000e+02,1.870000000000000000e+02,1.660000000000000000e+02,1.390000000000000000e+02
0.000000000000000000e+00,2.633877551020407992e+00,1.550000000000000000e+02,1.660000000000000000e+02,1.510000000000000000e+02,8.600000000000000000e+01,9.000000000000000000e+01
0.000000000000000000e+00,2.633877551020407992e+00,1.000000000000000000e+02,3.800000000000000000e+01,3.800000000000000000e+01,8.000000000000000000e+00,4.000000000000000000e+01
0.000000000000000000e+00,2.572857142857142954e+00,8.000000000000000000e+01,5.000000000000000000e+00,7.800000000000000000e+01,3.000000000000000000e+00,1.700000000000000000e+01
0.000000000000000000e+00,2.572857142857142954e+00,2.000000000000000000e+02,2.220000000000000000e+02,1.950000000000000000e+02,1.630000000000000000e+02,1.430000000000000000e+02
0.000000000000000000e+00,2.572857142857142954e+00,1.550000000000000000e+02,1.730000000000000000e+02,1.760000000000000000e+02,9.700000000000000000e+01,1.100000000000000000e+02
0.000000000000000000e+00,2.572857142857142954e+00,1.000000000000000000e+02,4.400000000000000000e+01,4.400000000000000000e+01,1.100000000000000000e+01,3.000000000000000000e+01
0.000000000000000000e+00,2.511836734693877471e+00,8.000000000000000000e+01,4.000000000000000000e+00,7.100000000000000000e+01,3.000000000000000000e+00,1.800000000000000000e+01
0.000000000000000000e+00,2.511836734693877471e+00,2.000000000000000000e+02,2.250000000000000000e+02,1.920000000000000000e+02,1.700000000000000000e+02,1.430000000000000000e+02
0.000000000000000000e+00,2.511836734693877471e+00,1.550000000000000000e+02,1.730000000000000000e+02,1.560000000000000000e+02,9.100000000000000000e+01,9.300000000000000000e+01
0.000000000000000000e+00,2.511836734693877471e+00,1.000000000000000000e+02,4.100000000000000000e+01,4.100000000000000000e+01,1.400000000000000000e+01,3.600000000000000000e+01
0.000000000000000000e+00,2.450816326530611988e+00,8.000000000000000000e+01,7.000000000000000000e+00,6.500000000000000000e+01,4.000000000000000000e+00,1.700000000000000000e+01
0.000000000000000000e+00,2.450816326530611988e+00,2.000000000000000000e+02,2.240000000000000000e+02,2.000000000000000000e+02,1.680000000000000000e+02,1.460000000000000000e+02
0.000000000000000000e+00,2.450816326530611988e+00,1.550000000000000000e+02,1.760000000000000000e+02,1.580000000000000000e+02,9.100000000000000000e+01,9.900000000000000000e+01
0.000000000000000000e+00,2.450816326530611988e+00,1.000000000000000000e+02,4.000000000000000000e+01,4.000000000000000000e+01,1.200000000000000000e+01,4.300000000000000000e+01
0.000000000000000000e+00,2.389795918367346950e+00,8.000000000000000000e+01,7.000000000000000000e+00,7.400000000000000000e+01,3.000000000000000000e+00,1.900000000000000000e+01
0.000000000000000000e+00,2.389795918367346950e+00,2.000000000000000000e+02,2.260000000000000000e+02,1.880000000000000000e+02,1.730000000000000000e+02,1.400000000000000000e+02
0.000000000000000000e+00,2.389795918367346950e+00,1.550000000000000000e+02,1.810000000000000000e+02,1.680000000000000000e+02,9.100000000000000000e+01,1.060000000000000000e+02
0.000000000000000000e+00,2.389795918367346950e+00,1.000000000000000000e+02,4.200000000000000000e+01,4.200000000000000000e+01,1.000000000000000000e+01,3.800000000000000000e+01
0.000000000000000000e+00,2.328775510204081467e+00,8.000000000000000000e+01,7.000000000000000000e+00,8.200000000000000000e+01,4.000000000000000000e+00,3.200000000000000000e+01
0.000000000000000000e+00,2.328775510204081467e+00,2.000000000000000000e+02,2.280000000000000000e+02,2.040000000000000000e+02,1.740000000000000000e+02,1.600000000000000000e+02
0.000000000000000000e+00,2.328775510204081467e+00,1.550000000000000000e+02,1.770000000000000000e+02,1.740000000000000000e+02,9.200000000000000000e+01,1.150000000000000000e+02
0.000000000000000000e+00,2.328775510204081467e+00,1.000000000000000000e+02,4.400000000000000000e+01,4.400000000000000000e+01,7.000000000000000000e+00,4.100000000000000000e+01
0.000000000000000000e+00,2.267755102040816428e+00,8.000000000000000000e+01,8.000000000000000000e+00,8.000000000000000000e+01,5.000000000000000000e+00,2.100000000000000000e+01
0.000000000000000000e+00,2.267755102040816428e+00,2.000000000000000000e+02,2.300000000000000000e+02,2.070000000000000000e+02,1.770000000000000000e+02,1.570000000000000000e+02
0.000000000000000000e+00,2.267755102040816428e+00,1.550000000000000000e+02,1.780000000000000000e+02,1.650000000000000000e+02,9.600000000000000000e+01,1.060000000000000000e+02
0.000000000000000000e+00,2.267755102040816428e+00,1.000000000000000000e+02,4.600000000000000000e+01,4.600000000000000000e+01,9.000000000000000000e+00,4.700000000000000000e+01
0.000000000000000000e+00,2.206734693877550946e+00,8.000000000000000000e+01,7.000000000000000000e+00,8.400000000000000000e+01,3.000000000000000000e+00,2.400000000000000000e+01
0.000000000000000000e+00,2.206734693877550946e+00,2.000000000000000000e+02,2.380000000000000000e+02,2.130000000000000000e+02,1.830000000000000000e+02,1.640000000000000000e+02
0.000000000000000000e+00,2.206734693877550946e+00,1.550000000000000000e+02,1.770000000000000000e+02,1.710000000000000000e+02,9.600000000000000000e+01,1.110000000000000000e+02
0.000000000000000000e+00,2.206734693877550946e+00,1.000000000000000000e+02,4.800000000000000000e+01,4.800000000000000000e+01,9.000000000000000000e+00,4.700000000000000000e+01
0.000000000000000000e+00,2.145714285714285463e+00,8.000000000000000000e+01,6.000000000000000000e+00,7.800000000000000000e+01,3.000000000000000000e+00,2.700000000000000000e+01
0.000000000000000000e+00,2.145714285714285463e+00,2.000000000000000000e+02,2.380000000000000000e+02,2.070000000000000000e+02,1.860000000000000000e+02,1.720000000000000000e+02
0.000000000000000000e+00,2.145714285714285463e+00,1.550000000000000000e+02,1.770000000000000000e+02,1.750000000000000000e+02,1.040000000000000000e+02,1.210000000000000000e+02
0.000000000000000000e+00,2.145714285714285463e+00,1.000000000000000000e+02,5.200000000000000000e+01,5.200000000000000000e+01,1.000000000000000000e+01,4.500000000000000000e+01
0.000000000000000000e+00,2.084693877551020424e+00,8.000000000000000000e+01,5.000000000000000000e+00,8.100000000000000000e+01,3.000000000000000000e+00,2.800000000000000000e+01
0.000000000000000000e+00,2.084693877551020424e+00,2.000000000000000000e+02,2.400000000000000000e+02,2.110000000000000000e+02,1.870000000000000000e+02,1.670000000000000000e+02
0.000000000000000000e+00,2.084693877551020424e+00,1.550000000000000000e+02,1.710000000000000000e+02,1.800000000000000000e+02,9.700000000000000000e+01,1.330000000000000000e+02
0.000000000000000000e+00,2.084693877551020424e+00,1.000000000000000000e+02,5.400000000000000000e+01,5.400000000000000000e+01,8.000000000000000000e+00,5.500000000000000000e+01
0.000000000000000000e+00,2.023673469387754942e+00,8.000000000000000000e+01,9.000000000000000000e+00,8.200000000000000000e+01,5.000000000000000000e+00,2.200000000000000000e+01
0.000000000000000000e+00,2.023673469387754942e+00,2.000000000000000000e+02,2.420000000000000000e+02,2.060000000000000000e+02,1.980000000000000000e+02,1.650000000000000000e+02
0.000000000000000000e+00,2.023673469387754942e+00,1.550000000000000000e+02,1.740000000000000000e+02,1.700000000000000000e+02,1.010000000000000000e+02,1.180000000000000000e+02
0.000000000000000000e+00,2.023673469387754942e+00,1.000000000000000000e+02,5.300000000000000000e+01,5.300000000000000000e+01,1.100000000000000000e+01,5.400000000000000000e+01
0.000000000000000000e+00,1.962653061224489903e+00,8.000000000000000000e+01,7.000000000000000000e+00,8.800000000000000000e+01,4.000000000000000000e+00,2.600000000000000000e+01
0.000000000000000000e+00,1.962653061224489903e+00,2.000000000000000000e+02,2.430000000000000000e+02,2.120000000000000000e+02,1.970000000000000000e+02,1.800000000000000000e+02
0.000000000000000000e+00,1.962653061224489903e+00,1.550000000000000000e+02,1.730000000000000000e+02,1.850000000000000000e+02,1.090000000000000000e+02,1.360000000000000000e+02
0.000000000000000000e+00,1.962653061224489903e+00,1.000000000000000000e+02,5.900000000000000000e+01,5.900000000000000000e+01,1.300000000000000000e+01,5.100000000000000000e+01
0.000000000000000000e+00,1.901632653061224643e+00,8.000000000000000000e+01,1.000000000000000000e+01,1.010000000000000000e+02,3.000000000000000000e+00,3.100000000000000000e+01
0.000000000000000000e+00,1.901632653061224643e+00,2.000000000000000000e+02,2.500000000000000000e+02,2.170000000000000000e+02,2.020000000000000000e+02,1.700000000000000000e+02
0.000000000000000000e+00,1.901632653061224643e+00,1.550000000000000000e+02,1.730000000000000000e+02,1.820000000000000000e+02,1.080000000000000000e+02,1.330000000000000000e+02
0.000000000000000000e+00,1.901632653061224643e+00,1.000000000000000000e+02,6.200000000000000000e+01,6.200000000000000000e+01,1.200000000000000000e+01,5.000000000000000000e+01
0.000000000000000000e+00,1.840612244897959382e+00,8.000000000000000000e+01,8.000000000000000000e+00,8.800000000000000000e+01,4.000000000000000000e+00,3.600000000000000000e+01
0.000000000000000000e+00,1.840612244897959382e+00,2.000000000000000000e+02,2.570000000000000000e+02,2.200000000000000000e+02,2.100000000000000000e+02,1.870000000000000000e+02
0.000000000000000000e+00,1.840612244897959382e+00,1.550000000000000000e+02,1.720000000000000000e+02,1.930000000000000000e+02,1.050000000000000000e+02,1.450000000000000000e+02
0.000000000000000000e+00,1.840612244897959382e+00,1.000000000000000000e+02,6.900000000000000000e+01,6.900000000000000000e+01,1.600000000000000000e+01,5.100000000000000000e+01
0.000000000000000000e+00,1.779591836734693899e+00,8.000000000000000000e+01,1.100000000000000000e+01,1.070000000000000000e+02,5.000000000000000000e+00,4.800000000000000000e+01
0.000000000000000000e+00,1.779591836734693899e+00,2.000000000000000000e+02,2.600000000000000000e+02,2.250000000000000000e+02,2.140000000000000000e+02,1.820000000000000000e+02
0.000000000000000000e+00,1.779591836734693899e+00,1.550000000000000000e+02,1.730000000000000000e+02,2.040000000000000000e+02,1.090000000000000000e+02,1.460000000000000000e+02
0.000000000000000000e+00,1.779591836734693899e+00,1.000000000000000000e+02,7.000000000000000000e+01,7.000000000000000000e+01,1.800000000000000000e+01,6.600000000000000000e+01
0.000000000000000000e+00,1.718571428571428639e+00,8.000000000000000000e+01,1.200000000000000000e+01,1.060000000000000000e+02,3.000000000000000000e+00,4.100000000000000000e+01
0.000000000000000000e+00,1.718571428571428639e+00,2.000000000000000000e+02,2.690000000000000000e+02,2.310000000000000000e+02,2.250000000000000000e+02,1.920000000000000000e+02
0.000000000000000000e+00,1.718571428571428639e+00,1.550000000000000000e+02,1.750000000000000000e+02,1.970000000000000000e+02,1.040000000000000000e+02,1.430000000000000000e+02
0.000000000000000000e+00,1.718571428571428639e+00,1.000000000000000000e+02,6.800000000000000000e+01,6.800000000000000000e+01,1.500000000000000000e+01,7.100000000000000000e+01
0.000000000000000000e+00,1.657551020408163378e+00,8.000000000000000000e+01,1.100000000000000000e+01,1.070000000000000000e+02,3.000000000000000000e+00,4.000000000000000000e+01
0.000000000000000000e+00,1.657551020408163378e+00,2.000000000000000000e+02,2.640000000000000000e+02,2.340000000000000000e+02,2.280000000000000000e+02,1.960000000000000000e+02
0.000000000000000000e+00,1.657551020408163378e+00,1.550000000000000000e+02,1.790000000000000000e+02,2.010000000000000000e+02,1.130000000000000000e+02,1.380000000000000000e+02
0.000000000000000000e+00,1.657551020408163378e+00,1.000000000000000000e+02,7.200000000000000000e+01,7.200000000000000000e+01,1.200000000000000000e+01,6.400000000000000000e+01
0.000000000000000000e+00,1.596530612244898117e+00,8.000000000000000000e+01,1.900000000000000000e+01,1.160000000000000000e+02,4.000000000000000000e+00,4.600000000000000000e+01
0.000000000000000000e+00,1.596530612244898117e+00,2.000000000000000000e+02,2.630000000000000000e+02,2.520000000000000000e+02,2.260000000000000000e+02,2.120000000000000000e+02
0.000000000000000000e+00,1.596530612244898117e+00,1.550000000000000000e+02,1.800000000000000000e+02,1.980000000000000000e+02,1.160000000000000000e+02,1.510000000000000000e+02
0.000000000000000000e+00,1.596530612244898117e+00,1.000000000000000000e+02,7.500000000000000000e+01,7.500000000000000000e+01,1.400000000000000000e+01,6.200000000000000000e+01
0.000000000000000000e+00,1.535510204081632635e+00,8.000000000000000000e+01,2.000000000000000000e+01,1.020000000000000000e+02,3.000000000000000000e+00,4.200000000000000000e+01
0.000000000000000000e+00,1.535510204081632635e+00,2.000000000000000000e+02,2.690000000000000000e+02,2.480000000000000000e+02,2.300000000000000000e+02,2.100000000000000000e+02
0.000000000000000000e+00,1.535510204081632635e+00,1.550000000000000000e+02,1.860000000000000000e+02,2.150000000000000000e+02,1.260000000000000000e+02,1.640000000000000000e+02
0.000000000000000000e+00,1.535510204081632635e+00,1.000000000000000000e+02,8.400000000000000000e+01,8.400000000000000000e+01,1.600000000000000000e+01,7.700000000000000000e+01
0.000000000000000000e+00,1.474489795918367374e+00,8.000000000000000000e+01,2.100000000000000000e+01,1.110000000000000000e+02,5.000000000000000000e+00,4.600000000000000000e+01
0.000000000000000000e+00,1.474489795918367374e+00,2.000000000000000000e+02,2.770000000000000000e+02,2.560000000000000000e+02,2.390000000000000000e+02,2.110000000000000000e+02
0.000000000000000000e+00,1.474489795918367374e+00,1.550000000000000000e+02,1.900000000000000000e+02,2.120000000000000000e+02,1.270000000000000000e+02,1.550000000000000000e+02
0.000000000000000000e+00,1.474489795918367374e+00,1.000000000000000000e+02,8.600000000000000000e+01,8.600000000000000000e+01,1.800000000000000000e+01,8.200000000000000000e+01
0.000000000000000000e+00,1.413469387755102114e+00,8.000000000000000000e+01,2.900000000000000000e+01,1.120000000000000000e+02,4.000000000000000000e+00,5.000000000000000000e+01
0.000000000000000000e+00,1.413469387755102114e+00,2.000000000000000000e+02,2.740000000000000000e+02,2.580000000000000000e+02,2.380000000000000000e+02,2.270000000000000000e+02
0.000000000000000000e+00,1.413469387755102114e+00,1.550000000000000000e+02,2.040000000000000000e+02,2.210000000000000000e+02,1.390000000000000000e+02,1.730000000000000000e+02
0.000000000000000000e+00,1.413469387755102114e+00,1.000000000000000000e+02,9.500000000000000000e+01,9.500000000000000000e+01,2.300000000000000000e+01,8.000000000000000000e+01
0.000000000000000000e+00,1.352448979591836853e+00,8.000000000000000000e+01,2.600000000000000000e+01,1.240000000000000000e+02,3.000000000000000000e+00,4.800000000000000000e+01
0.000000000000000000e+00,1.352448979591836853e+00,2.000000000000000000e+02,2.760000000000000000e+02,2.660000000000000000e+02,2.410000000000000000e+02,2.320000000000000000e+02
0.000000000000000000e+00,1.352448979591836853e+00,1.550000000000000000e+02,2.030000000000000000e+02,2.300000000000000000e+02,1.370000000000000000e+02,1.710000000000000000e+02
0.000000000000000000e+00,1.352448979591836853e+00,1.000000000000000000e+02,9.900000000000000000e+01,9.900000000000000000e+01,2.500000000000000000e+01,7.800000000000000000e+01
0.000000000000000000e+00,1.291428571428571592e+00,8.000000000000000000e+01,3.400000000000000000e+01,1.230000000000000000e+02,5.000000000000000000e+00,6.400000000000000000e+01
0.000000000000000000e+00,1.291428571428571592e+00,2.000000000000000000e+02,2.750000000000000000e+02,2.590000000000000000e+02,2.400000000000000000e+02,2.340000000000000000e+02
0.000000000000000000e+00,1.291428571428571592e+00,1.550000000000000000e+02,2.180000000000000000e+02,2.370000000000000000e+02,1.450000000000000000e+02,1.800000000000000000e+02
0.000000000000000000e+00,1.291428571428571592e+00,1.000000000000000000e+02,9.800000000000000000e+01,9.800000000000000000e+01,2.100000000000000000e+01,8.800000000000000000e+01
0.000000000000000000e+00,1.230408163265306110e+00,8.000000000000000000e+01,3.400000000000000000e+01,1.340000000000000000e+02,8.000000000000000000e+00,6.800000000000000000e+01
0.000000000000000000e+00,1.230408163265306110e+00,2.000000000000000000e+02,2.680000000000000000e+02,2.560000000000000000e+02,2.350000000000000000e+02,2.250000000000000000e+02
0.000000000000000000e+00,1.230408163265306110e+00,1.550000000000000000e+02,2.230000000000000000e+02,2.380000000000000000e+02,1.550000000000000000e+02,1.810000000000000000e+02
0.000000000000000000e+00,1.230408163265306110e+00,1.000000000000000000e+02,9.200000000000000000e+01,9.200000000000000000e+01,2.400000000000000000e+01,9.200000000000000000e+01
0.000000000000000000e+00,1.169387755102040849e+00,8.000000000000000000e+01,3.300000000000000000e+01,1.190000000000000000e+02,6.000000000000000000e+00,5.900000000000000000e+01
0.000000000000000000e+00,1.169387755102040849e+00,2.000000000000000000e+02,2.660000000000000000e+02,2.700000000000000000e+02,2.340000000000000000e+02,2.400000000000000000e+02
0.000000000000000000e+00,1.169387755102040849e+00,1.550000000000000000e+02,2.200000000000000000e+02,2.270000000000000000e+02,1.530000000000000000e+02,1.800000000000000000e+02
0.000000000000000000e+00,1.169387755102040849e+00,1.000000000000000000e+02,8.500000000000000000e+01,8.500000000000000000e+01,2.500000000000000000e+01,8.900000000000000000e+01
0.000000000000000000e+00,1.108367346938775588e+00,8.000000000000000000e+01,4.200000000000000000e+01,1.340000000000000000e+02,9.000000000000000000e+00,6.100000000000000000e+01
0.000000000000000000e+00,1.108367346938775588e+00,2.000000000000000000e+02,2.720000000000000000e+02,2.690000000000000000e+02,2.390000000000000000e+02,2.410000000000000000e+02
0.000000000000000000e+00,1.108367346938775588e+00,1.550000000000000000e+02,2.260000000000000000e+02,2.270000000000000000e+02,1.560000000000000000e+02,1.760000000000000000e+02
0.000000000000000000e+00,1.108367346938775588e+00,1.000000000000000000e+02,9.600000000000000000e+01,9.600000000000000000e+01,3.100000000000000000e+01,1.040000000000000000e+02
0.000000000000000000e+00,1.047346938775510328e+00,8.000000000000000000e+01,4.500000000000000000e+01,1.330000000000000000e+02,1.100000000000000000e+01,7.200000000000000000e+01
0.000000000000000000e+00,1.047346938775510328e+00,2.000000000000000000e+02,2.750000000000000000e+02,2.750000000000000000e+02,2.500000000000000000e+02,2.400000000000000000e+02
0.000000000000000000e+00,1.047346938775510328e+00,1.550000000000000000e+02,2.350000000000000000e+02,2.420000000000000000e+02,1.760000000000000000e+02,1.980000000000000000e+02
0.000000000000000000e+00,1.047346938775510328e+00,1.000000000000000000e+02,9.600000000000000000e+01,9.600000000000000000e+01,2.600000000000000000e+01,1.080000000000000000e+02
0.000000000000000000e+00,9.863265306122449561e-01,8.000000000000000000e+01,3.800000000000000000e+01,1.510000000000000000e+02,5.000000000000000000e+00,7.800000000000000000e+01
0.000000000000000000e+00,9.863265306122449561e-01,2.000000000000000000e+02,2.790000000000000000e+02,2.730000000000000000e+02,2.540000000000000000e+02,2.420000000000000000e+02
0.000000000000000000e+00,9.863265306122449561e-01,1.550000000000000000e+02,2.300000000000000000e+02,2.480000000000000000e+02,1.780000000000000000e+02,2.030000000000000000e+02
0.000000000000000000e+00,9.863265306122449561e-01,1.000000000000000000e+02,1.010000000000000000e+02,1.010000000000000000e+02,3.300000000000000000e+01,9.800000000000000000e+01
0.000000000000000000e+00,9.253061224489796954e-01,8.000000000000000000e+01,3.700000000000000000e+01,1.520000000000000000e+02,4.000000000000000000e+00,9.200000000000000000e+01
0.000000000000000000e+00,9.253061224489796954e-01,2.000000000000000000e+02,2.780000000000000000e+02,2.860000000000000000e+02,2.580000000000000000e+02,2.650000000000000000e+02
0.000000000000000000e+00,9.253061224489796954e-01,1.550000000000000000e+02,2.320000000000000000e+02,2.580000000000000000e+02,1.790000000000000000e+02,2.210000000000000000e+02
0.000000000000000000e+00,9.253061224489796954e-01,1.000000000000000000e+02,1.050000000000000000e+02,1.050000000000000000e+02,3.800000000000000000e+01,1.140000000000000000e+02
0.000000000000000000e+00,8.642857142857143238e-01,8.000000000000000000e+01,4.000000000000000000e+01,1.510000000000000000e+02,6.000000000000000000e+00,8.800000000000000000e+01
0.000000000000000000e+00,8.642857142857143238e-01,2.000000000000000000e+02,2.770000000000000000e+02,2.800000000000000000e+02,2.610000000000000000e+02,2.520000000000000000e+02
0.000000000000000000e+00,8.642857142857143238e-01,1.550000000000000000e+02,2.300000000000000000e+02,2.550000000000000000e+02,1.780000000000000000e+02,2.040000000000000000e+02
0.000000000000000000e+00,8.642857142857143238e-01,1.000000000000000000e+02,1.110000000000000000e+02,1.110000000000000000e+02,4.500000000000000000e+01,1.220000000000000000e+02
0.000000000000000000e+00,8.032653061224490632e-01,8.000000000000000000e+01,4.400000000000000000e+01,1.630000000000000000e+02,1.100000000000000000e+01,9.200000000000000000e+01
0.000000000000000000e+00,8.032653061224490632e-01,2.000000000000000000e+02,2.820000000000000000e+02,2.700000000000000000e+02,2.650000000000000000e+02,2.460000000000000000e+02
0.000000000000000000e+00,8.032653061224490632e-01,1.550000000000000000e+02,2.370000000000000000e+02,2.620000000000000000e+02,1.830000000000000000e+02,2.210000000000000000e+02
0.000000000000000000e+00,8.032653061224490632e-01,1.000000000000000000e+02,1.180000000000000000e+02,1.180000000000000000e+02,4.800000000000000000e+01,1.280000000000000000e+02
0.000000000000000000e+00,7.422448979591836915e-01,8.000000000000000000e+01,5.500000000000000000e+01,1.510000000000000000e+02,1.200000000000000000e+01,8.100000000000000000e+01
0.000000000000000000e+00,7.422448979591836915e-01,2.000000000000000000e+02,2.830000000000000000e+02,2.830000000000000000e+02,2.650000000000000000e+02,2.680000000000000000e+02
0.000000000000000000e+00,7.422448979591836915e-01,1.550000000000000000e+02,2.400000000000000000e+02,2.480000000000000000e+02,1.900000000000000000e+02,2.140000000000000000e+02
0.000000000000000000e+00,7.422448979591836915e-01,1.000000000000000000e+02,1.170000000000000000e+02,1.170000000000000000e+02,4.700000000000000000e+01,1.420000000000000000e+02
0.000000000000000000e+00,6.812244897959184309e-01,8.000000000000000000e+01,6.200000000000000000e+01,1.440000000000000000e+02,1.700000000000000000e+01,8.100000000000000000e+01
0.000000000000000000e+00,6.812244897959184309e-01,2.000000000000000000e+02,2.900000000000000000e+02,2.980000000000000000e+02,2.740000000000000000e+02,2.650000000000000000e+02
0.000000000000000000e+00,6.812244897959184309e-01,1.550000000000000000e+02,2.530000000000000000e+02,2.720000000000000000e+02,2.000000000000000000e+02,2.340000000000000000e+02
0.000000000000000000e+00,6.812244897959184309e-01,1.000000000000000000e+02,1.300000000000000000e+02,1.300000000000000000e+02,5.500000000000000000e+01,1.370000000000000000e+02
0.000000000000000000e+00,6.202040816326530592e-01,8.000000000000000000e+01,6.400000000000000000e+01,1.640000000000000000e+02,2.000000000000000000e+01,9.300000000000000000e+01
0.000000000000000000e+00,6.202040816326530592e-01,2.000000000000000000e+02,2.930000000000000000e+02,2.850000000000000000e+02,2.810000000000000000e+02,2.640000000000000000e+02
0.000000000000000000e+00,6.202040816326530592e-01,1.550000000000000000e+02,2.510000000000000000e+02,2.500000000000000000e+02,2.080000000000000000e+02,2.200000000000000000e+02
0.000000000000000000e+00,6.202040816326530592e-01,1.000000000000000000e+02,1.380000000000000000e+02,1.380000000000000000e+02,5.900000000000000000e+01,1.380000000000000000e+02
0.000000000000000000e+00,5.591836734693877986e-01,8.000000000000000000e+01,7.600000000000000000e+01,1.880000000000000000e+02,2.900000000000000000e+01,1.200000000000000000e+02
0.000000000000000000e+00,5.591836734693877986e-01,2.000000000000000000e+02,2.960000000000000000e+02,2.860000000000000000e+02,2.830000000000000000e+02,2.690000000000000000e+02
0.000000000000000000e+00,5.591836734693877986e-01,1.550000000000000000e+02,2.560000000000000000e+02,2.720000000000000000e+02,2.120000000000000000e+02,2.270000000000000000e+02
0.000000000000000000e+00,5.591836734693877986e-01,1.000000000000000000e+02,1.420000000000000000e+02,1.420000000000000000e+02,7.600000000000000000e+01,1.460000000000000000e+02
0.000000000000000000e+00,4.981632653061224825e-01,8.000000000000000000e+01,8.900000000000000000e+01,1.800000000000000000e+02,3.300000000000000000e+01,1.220000000000000000e+02
0.000000000000000000e+00,4.981632653061224825e-01,2.000000000000000000e+02,2.970000000000000000e+02,3.050000000000000000e+02,2.870000000000000000e+02,2.810000000000000000e+02
0.000000000000000000e+00,4.981632653061224825e-01,1.550000000000000000e+02,2.590000000000000000e+02,2.770000000000000000e+02,2.200000000000000000e+02,2.450000000000000000e+02
0.000000000000000000e+00,4.981632653061224825e-01,1.000000000000000000e+02,1.400000000000000000e+02,1.400000000000000000e+02,6.500000000000000000e+01,1.420000000000000000e+02
0.000000000000000000e+00,4.371428571428571663e-01,8.000000000000000000e+01,1.000000000000000000e+02,1.790000000000000000e+02,3.100000000000000000e+01,1.210000000000000000e+02
0.000000000000000000e+00,4.371428571428571663e-01,2.000000000000000000e+02,3.050000000000000000e+02,3.090000000000000000e+02,2.930000000000000000e+02,2.910000000000000000e+02
0.000000000000000000e+00,4.371428571428571663e-01,1.550000000000000000e+02,2.610000000000000000e+02,2.810000000000000000e+02,2.210000000000000000e+02,2.490000000000000000e+02
0.000000000000000000e+00,4.371428571428571663e-01,1.000000000000000000e+02,1.500000000000000000e+02,1.500000000000000000e+02,7.800000000000000000e+01,1.510000000000000000e+02
0.000000000000000000e+00,3.761224489795918502e-01,8.000000000000000000e+01,9.900000000000000000e+01,2.000000000000000000e+02,3.800000000000000000e+01,1.370000000000000000e+02
0.000000000000000000e+00,3.761224489795918502e-01,2.000000000000000000e+02,3.150000000000000000e+02,3.090000000000000000e+02,2.990000000000000000e+02,2.920000000000000000e+02
0.000000000000000000e+00,3.761224489795918502e-01,1.550000000000000000e+02,2.680000000000000000e+02,2.910000000000000000e+02,2.260000000000000000e+02,2.600000000000000000e+02
0.000000000000000000e+00,3.761224489795918502e-01,1.000000000000000000e+02,1.560000000000000000e+02,1.560000000000000000e+02,9.300000000000000000e+01,1.620000000000000000e+02
0.000000000000000000e+00,3.151020408163265341e-01,8.000000000000000000e+01,1.080000000000000000e+02,2.010000000000000000e+02,4.200000000000000000e+01,1.280000000000000000e+02
0.000000000000000000e+00,3.151020408163265341e-01,2.000000000000000000e+02,3.220000000000000000e+02,3.020000000000000000e+02,3.100000000000000000e+02,2.890000000000000000e+02
0.000000000000000000e+00,3.151020408163265341e-01,1.550000000000000000e+02,2.740000000000000000e+02,2.940000000000000000e+02,2.360000000000000000e+02,2.680000000000000000e+02
0.000000000000000000e+00,3.151020408163265341e-01,1.000000000000000000e+02,1.680000000000000000e+02,1.680000000000000000e+02,9.200000000000000000e+01,1.740000000000000000e+02
0.000000000000000000e+00,2.540816326530612179e-01,8.000000000000000000e+01,1.200000000000000000e+02,1.910000000000000000e+02,5.000000000000000000e+01,1.320000000000000000e+02
0.000000000000000000e+00,2.540816326530612179e-01,2.000000000000000000e+02,3.230000000000000000e+02,3.200000000000000000e+02,3.080000000000000000e+02,3.100000000000000000e+02
0.000000000000000000e+00,2.540816326530612179e-01,1.550000000000000000e+02,2.820000000000000000e+02,2.920000000000000000e+02,2.400000000000000000e+02,2.760000000000000000e+02
0.000000000000000000e+00,2.540816326530612179e-01,1.000000000000000000e+02,1.820000000000000000e+02,1.820000000000000000e+02,9.500000000000000000e+01,1.760000000000000000e+02
0.000000000000000000e+00,1.930612244897959295e-01,8.000000000000000000e+01,1.220000000000000000e+02,2.060000000000000000e+02,4.700000000000000000e+01,1.450000000000000000e+02
0.000000000000000000e+00,1.930612244897959295e-01,2.000000000000000000e+02,3.300000000000000000e+02,3.390000000000000000e+02,3.160000000000000000e+02,3.290000000000000000e+02
0.000000000000000000e+00,1.930612244897959295e-01,1.550000000000000000e+02,2.860000000000000000e+02,3.030000000000000000e+02,2.440000000000000000e+02,2.850000000000000000e+02
0.000000000000000000e+00,1.930612244897959295e-01,1.000000000000000000e+02,1.880000000000000000e+02,1.880000000000000000e+02,9.700000000000000000e+01,1.710000000000000000e+02
0.000000000000000000e+00,1.320408163265306134e-01,8.000000000000000000e+01,1.340000000000000000e+02,2.260000000000000000e+02,6.200000000000000000e+01,1.640000000000000000e+02
0.000000000000000000e+00,1.320408163265306134e-01,2.000000000000000000e+02,3.330000000000000000e+02,3.330000000000000000e+02,3.180000000000000000e+02,3.150000000000000000e+02
0.000000000000000000e+00,1.320408163265306134e-01,1.550000000000000000e+02,2.870000000000000000e+02,3.120000000000000000e+02,2.530000000000000000e+02,2.910000000000000000e+02
0.000000000000000000e+00,1.320408163265306134e-01,1.000000000000000000e+02,2.000000000000000000e+02,2.000000000000000000e+02,1.180000000000000000e+02,1.930000000000000000e+02
0.000000000000000000e+00,7.102040816326531114e-02,8.000000000000000000e+01,1.400000000000000000e+02,2.340000000000000000e+02,6.500000000000000000e+01,1.750000000000000000e+02
0.000000000000000000e+00,7.102040816326531114e-02,2.000000000000000000e+02,3.350000000000000000e+02,3.360000000000000000e+02,3.230000000000000000e+02,3.230000000000000000e+02
0.000000000000000000e+00,7.102040816326531114e-02,1.550000000000000000e+02,3.010000000000000000e+02,3.150000000000000000e+02,2.700000000000000000e+02,2.910000000000000000e+02
0.000000000000000000e+00,7.102040816326531114e-02,1.000000000000000000e+02,2.090000000000000000e+02,2.090000000000000000e+02,1.280000000000000000e+02,2.150000000000000000e+02
0.000000000000000000e+00,1.000000000000000021e-02,8.000000000000000000e+01,1.760000000000000000e+02,2.510000000000000000e+02,9.700000000000000000e+01,1.800000000000000000e+02
0.000000000000000000e+00,1.000000000000000021e-02,2.000000000000000000e+02,3.380000000000000000e+02,3.350000000000000000e+02,3.290000000000000000e+02,3.260000000000000000e+02
0.000000000000000000e+00,1.000000000000000021e-02,1.550000000000000000e+02,2.890000000000000000e+02,3.220000000000000000e+02,2.640000000000000000e+02,3.010000000000000000e+02
0.000000000000000000e+00,1.000000000000000021e-02,1.000000000000000000e+02,2.420000000000000000e+02,2.420000000000000000e+02,1.570000000000000000e+02,2.320000000000000000e+02
