2.000000000000000000e+00,2.000000000000000000e+00,8.000000000000000000e+01,8.000000000000000000e+00,5.600000000000000000e+01,5.000000000000000000e+00,1.500000000000000000e+01
2.000000000000000000e+00,2.000000000000000000e+00,2.000000000000000000e+02,2.010000000000000000e+02,1.950000000000000000e+02,1.240000000000000000e+02,1.200000000000000000e+02
2.000000000000000000e+00,2.000000000000000000e+00,1.550000000000000000e+02,1.350000000000000000e+02,1.660000000000000000e+02,3.500000000000000000e+01,7.200000000000000000e+01
2.000000000000000000e+00,1.979808080808080684e+00,8.000000000000000000e+01,8.000000000000000000e+00,5.600000000000000000e+01,5.000000000000000000e+00,1.500000000000000000e+01
2.000000000000000000e+00,1.979808080808080684e+00,2.000000000000000000e+02,2.010000000000000000e+02,1.950000000000000000e+02,1.240000000000000000e+02,1.200000000000000000e+02
2.000000000000000000e+00,1.979808080808080684e+00,1.550000000000000000e+02,1.350000000000000000e+02,1.660000000000000000e+02,3.500000000000000000e+01,7.200000000000000000e+01
2.000000000000000000e+00,1.959616161616161367e+00,8.000000000000000000e+01,8.000000000000000000e+00,5.600000000000000000e+01,5.000000000000000000e+00,1.500000000000000000e+01
2.000000000000000000e+00,1.959616161616161367e+00,2.000000000000000000e+02,2.010000000000000000e+02,1.950000000000000000e+02,1.240000000000000000e+02,1.200000000000000000e+02
2.000000000000000000e+00,1.959616161616161367e+00,1.550000000000000000e+02,1.350000000000000000e+02,1.660000000000000000e+02,3.500000000000000000e+01,7.200000000000000000e+01
2.000000000000000000e+00,1.939424242424242273e+00,8.000000000000000000e+01,8.000000000000000000e+00,5.600000000000000000e+01,5.000000000000000000e+00,1.500000000000000000e+01
2.000000000000000000e+00,1.939424242424242273e+00,2.000000000000000000e+02,2.010000000000000000e+02,1.950000000000000000e+02,1.240000000000000000e+02,1.200000000000000000e+02
2.000000000000000000e+00,1.939424242424242273e+00,1.550000000000000000e+02,1.350000000000000000e+02,1.660000000000000000e+02,3.500000000000000000e+01,7.200000000000000000e+01
2.000000000000000000e+00,1.919232323232323179e+00,8.000000000000000000e+01,8.000000000000000000e+00,5.600000000000000000e+01,5.000000000000000000e+00,1.500000000000000000e+01
2.000000000000000000e+00,1.919232323232323179e+00,2.000000000000000000e+02,2.010000000000000000e+02,1.950000000000000000e+02,1.240000000000000000e+02,1.200000000000000000e+02
2.000000000000000000e+00,1.919232323232323179e+00,1.550000000000000000e+02,1.350000000000000000e+02,1.660000000000000000e+02,3.500000000000000000e+01,7.200000000000000000e+01
2.000000000000000000e+00,1.899040404040403862e+00,8.000000000000000000e+01,8.000000000000000000e+00,5.600000000000000000e+01,5.000000000000000000e+00,1.500000000000000000e+01
2.000000000000000000e+00,1.899040404040403862e+00,2.000000000000000000e+02,2.010000000000000000e+02,1.950000000000000000e+02,1.240000000000000000e+02,1.200000000000000000e+02
2.000000000000000000e+00,1.899040404040403862e+00,1.550000000000000000e+02,1.350000000000000000e+02,1.660000000000000000e+02,3.500000000000000000e+01,7.200000000000000000e+01
2.000000000000000000e+00,1.878848484848484768e+00,8.000000000000000000e+01,8.000000000000000000e+00,5.600000000000000000e+01,5.000000000000000000e+00,1.500000000000000000e+01
2.000000000000000000e+00,1.878848484848484768e+00,2.000000000000000000e+02,2.010000000000000000e+02,1.950000000000000000e+02,1.240000000000000000e+02,1.200000000000000000e+02
2.000000000000000000e+00,1.878848484848484768e+00,1.550000000000000000e+02,1.350000000000000000e+02,1.660000000000000000e+02,3.500000000000000000e+01,7.200000000000000000e+01
2.000000000000000000e+00,1.858656565656565451e+00,8.000000000000000000e+01,8.000000000000000000e+00,5.600000000000000000e+01,5.000000000000000000e+00,1.500000000000000000e+01
2.000000000000000000e+00,1.858656565656565451e+00,2.000000000000000000e+02,2.010000000000000000e+02,1.950000000000000000e+02,1.240000000000000000e+02,1.200000000000000000e+02
2.000000000000000000e+00,1.858656565656565451e+00,1.550000000000000000e+02,1.350000000000000000e+02,1.660000000000000000e+02,3.500000000000000000e+01,7.200000000000000000e+01
2.000000000000000000e+00,1.838464646464646357e+00,8.000000000000000000e+01,8.000000000000000000e+00,5.600000000000000000e+01,5.000000000000000000e+00,1.500000000000000000e+01
2.000000000000000000e+00,1.838464646464646357e+00,2.000000000000000000e+02,2.010000000000000000e+02,1.950000000000000000e+02,1.240000000000000000e+02,1.200000000000000000e+02
2.000000000000000000e+00,1.838464646464646357e+00,1.550000000000000000e+02,1.350000000000000000e+02,1.660000000000000000e+02,3.500000000000000000e+01,7.200000000000000000e+01
2.000000000000000000e+00,1.818272727272727041e+00,8.000000000000000000e+01,8.000000000000000000e+00,5.600000000000000000e+01,5.000000000000000000e+00,1.500000000000000000e+01
2.000000000000000000e+00,1.818272727272727041e+00,2.000000000000000000e+02,2.010000000000000000e+02,1.950000000000000000e+02,1.240000000000000000e+02,1.200000000000000000e+02
2.000000000000000000e+00,1.818272727272727041e+00,1.550000000000000000e+02,1.350000000000000000e+02,1.660000000000000000e+02,3.500000000000000000e+01,7.200000000000000000e+01
2.000000000000000000e+00,1.798080808080807946e+00,8.000000000000000000e+01,8.000000000000000000e+00,5.600000000000000000e+01,5.000000000000000000e+00,1.500000000000000000e+01
2.000000000000000000e+00,1.798080808080807946e+00,2.000000000000000000e+02,2.010000000000000000e+02,1.950000000000000000e+02,1.240000000000000000e+02,1.200000000000000000e+02
2.000000000000000000e+00,1.798080808080807946e+00,1.550000000000000000e+02,1.350000000000000000e+02,1.660000000000000000e+02,3.500000000000000000e+01,7.200000000000000000e+01
2.000000000000000000e+00,1.777888888888888630e+00,8.000000000000000000e+01,8.000000000000000000e+00,5.600000000000000000e+01,5.000000000000000000e+00,1.500000000000000000e+01
2.000000000000000000e+00,1.777888888888888630e+00,2.000000000000000000e+02,2.010000000000000000e+02,1.950000000000000000e+02,1.240000000000000000e+02,1.200000000000000000e+02
2.000000000000000000e+00,1.777888888888888630e+00,1.550000000000000000e+02,1.350000000000000000e+02,1.660000000000000000e+02,3.500000000000000000e+01,7.200000000000000000e+01
2.000000000000000000e+00,1.757696969696969536e+00,8.000000000000000000e+01,8.000000000000000000e+00,5.600000000000000000e+01,5.000000000000000000e+00,1.500000000000000000e+01
2.000000000000000000e+00,1.757696969696969536e+00,2.000000000000000000e+02,2.010000000000000000e+02,1.950000000000000000e+02,1.240000000000000000e+02,1.200000000000000000e+02
2.000000000000000000e+00,1.757696969696969536e+00,1.550000000000000000e+02,1.350000000000000000e+02,1.660000000000000000e+02,3.500000000000000000e+01,7.200000000000000000e+01
2.000000000000000000e+00,1.737505050505050441e+00,8.000000000000000000e+01,8.000000000000000000e+00,5.600000000000000000e+01,5.000000000000000000e+00,1.500000000000000000e+01
2.000000000000000000e+00,1.737505050505050441e+00,2.000000000000000000e+02,2.010000000000000000e+02,1.950000000000000000e+02,1.240000000000000000e+02,1.200000000000000000e+02
2.000000000000000000e+00,1.737505050505050441e+00,1.550000000000000000e+02,1.350000000000000000e+02,1.660000000000000000e+02,3.500000000000000000e+01,7.200000000000000000e+01
2.000000000000000000e+00,1.717313131313131125e+00,8.000000000000000000e+01,8.000000000000000000e+00,5.600000000000000000e+01,5.000000000000000000e+00,1.500000000000000000e+01
2.000000000000000000e+00,1.717313131313131125e+00,2.000000000000000000e+02,2.010000000000000000e+02,1.950000000000000000e+02,1.240000000000000000e+02,1.200000000000000000e+02
2.000000000000000000e+00,1.717313131313131125e+00,1.550000000000000000e+02,1.350000000000000000e+02,1.660000000000000000e+02,3.500000000000000000e+01,7.200000000000000000e+01
2.000000000000000000e+00,1.697121212121212031e+00,8.000000000000000000e+01,8.000000000000000000e+00,5.600000000000000000e+01,5.000000000000000000e+00,1.500000000000000000e+01
2.000000000000000000e+00,1.697121212121212031e+00,2.000000000000000000e+02,2.010000000000000000e+02,1.950000000000000000e+02,1.240000000000000000e+02,1.200000000000000000e+02
2.000000000000000000e+00,1.697121212121212031e+00,1.550000000000000000e+02,1.350000000000000000e+02,1.660000000000000000e+02,3.500000000000000000e+01,7.200000000000000000e+01
2.000000000000000000e+00,1.676929292929292714e+00,8.000000000000000000e+01,8.000000000000000000e+00,5.600000000000000000e+01,5.000000000000000000e+00,1.500000000000000000e+01
2.000000000000000000e+00,1.676929292929292714e+00,2.000000000000000000e+02,2.010000000000000000e+02,1.950000000000000000e+02,1.240000000000000000e+02,1.200000000000000000e+02
2.000000000000000000e+00,1.676929292929292714e+00,1.550000000000000000e+02,1.350000000000000000e+02,1.660000000000000000e+02,3.500000000000000000e+01,7.200000000000000000e+01
2.000000000000000000e+00,1.656737373737373620e+00,8.000000000000000000e+01,8.000000000000000000e+00,5.600000000000000000e+01,5.000000000000000000e+00,1.500000000000000000e+01
2.000000000000000000e+00,1.656737373737373620e+00,2.000000000000000000e+02,2.010000000000000000e+02,1.950000000000000000e+02,1.240000000000000000e+02,1.200000000000000000e+02
2.000000000000000000e+00,1.656737373737373620e+00,1.550000000000000000e+02,1.350000000000000000e+02,1.660000000000000000e+02,3.500000000000000000e+01,7.200000000000000000e+01
2.000000000000000000e+00,1.636545454545454303e+00,8.000000000000000000e+01,8.000000000000000000e+00,5.600000000000000000e+01,5.000000000000000000e+00,1.500000000000000000e+01
2.000000000000000000e+00,1.636545454545454303e+00,2.000000000000000000e+02,2.010000000000000000e+02,1.950000000000000000e+02,1.240000000000000000e+02,1.200000000000000000e+02
2.000000000000000000e+00,1.636545454545454303e+00,1.550000000000000000e+02,1.350000000000000000e+02,1.660000000000000000e+02,3.500000000000000000e+01,7.200000000000000000e+01
2.000000000000000000e+00,1.616353535353535209e+00,8.000000000000000000e+01,8.000000000000000000e+00,5.600000000000000000e+01,5.000000000000000000e+00,1.500000000000000000e+01
2.000000000000000000e+00,1.616353535353535209e+00,2.000000000000000000e+02,2.010000000000000000e+02,1.950000000000000000e+02,1.240000000000000000e+02,1.200000000000000000e+02
2.000000000000000000e+00,1.616353535353535209e+00,1.550000000000000000e+02,1.350000000000000000e+02,1.660000000000000000e+02,3.500000000000000000e+01,7.200000000000000000e+01
2.000000000000000000e+00,1.596161616161616115e+00,8.000000000000000000e+01,8.000000000000000000e+00,5.600000000000000000e+01,5.000000000000000000e+00,1.500000000000000000e+01
2.000000000000000000e+00,1.596161616161616115e+00,2.000000000000000000e+02,2.010000000000000000e+02,1.950000000000000000e+02,1.240000000000000000e+02,1.200000000000000000e+02
2.000000000000000000e+00,1.596161616161616115e+00,1.550000000000000000e+02,1.350000000000000000e+02,1.660000000000000000e+02,3.500000000000000000e+01,7.200000000000000000e+01
2.000000000000000000e+00,1.575969696969696798e+00,8.000000000000000000e+01,8.000000000000000000e+00,5.600000000000000000e+01,5.000000000000000000e+00,1.500000000000000000e+01
2.000000000000000000e+00,1.575969696969696798e+00,2.000000000000000000e+02,2.010000000000000000e+02,1.950000000000000000e+02,1.240000000000000000e+02,1.200000000000000000e+02
2.000000000000000000e+00,1.575969696969696798e+00,1.550000000000000000e+02,1.350000000000000000e+02,1.660000000000000000e+02,3.500000000000000000e+01,7.200000000000000000e+01
2.000000000000000000e+00,1.555777777777777704e+00,8.000000000000000000e+01,8.000000000000000000e+00,5.600000000000000000e+01,5.000000000000000000e+00,1.500000000000000000e+01
2.000000000000000000e+00,1.555777777777777704e+00,2.000000000000000000e+02,2.010000000000000000e+02,1.950000000000000000e+02,1.240000000000000000e+02,1.200000000000000000e+02
2.000000000000000000e+00,1.555777777777777704e+00,1.550000000000000000e+02,1.350000000000000000e+02,1.660000000000000000e+02,3.500000000000000000e+01,7.200000000000000000e+01
2.000000000000000000e+00,1.535585858585858388e+00,8.000000000000000000e+01,8.000000000000000000e+00,5.600000000000000000e+01,5.000000000000000000e+00,1.500000000000000000e+01
2.000000000000000000e+00,1.535585858585858388e+00,2.000000000000000000e+02,2.010000000000000000e+02,1.950000000000000000e+02,1.240000000000000000e+02,1.200000000000000000e+02
2.000000000000000000e+00,1.535585858585858388e+00,1.550000000000000000e+02,1.350000000000000000e+02,1.660000000000000000e+02,3.500000000000000000e+01,7.200000000000000000e+01
2.000000000000000000e+00,1.515393939393939293e+00,8.000000000000000000e+01,8.000000000000000000e+00,5.600000000000000000e+01,5.000000000000000000e+00,1.500000000000000000e+01
2.000000000000000000e+00,1.515393939393939293e+00,2.000000000000000000e+02,2.010000000000000000e+02,1.950000000000000000e+02,1.240000000000000000e+02,1.200000000000000000e+02
2.000000000000000000e+00,1.515393939393939293e+00,1.550000000000000000e+02,1.350000000000000000e+02,1.660000000000000000e+02,3.500000000000000000e+01,7.200000000000000000e+01
2.000000000000000000e+00,1.495202020202019977e+00,8.000000000000000000e+01,8.000000000000000000e+00,5.600000000000000000e+01,5.000000000000000000e+00,1.500000000000000000e+01
2.000000000000000000e+00,1.495202020202019977e+00,2.000000000000000000e+02,2.010000000000000000e+02,1.950000000000000000e+02,1.240000000000000000e+02,1.200000000000000000e+02
2.000000000000000000e+00,1.495202020202019977e+00,1.550000000000000000e+02,1.350000000000000000e+02,1.660000000000000000e+02,3.500000000000000000e+01,7.200000000000000000e+01
2.000000000000000000e+00,1.475010101010100882e+00,8.000000000000000000e+01,8.000000000000000000e+00,5.600000000000000000e+01,5.000000000000000000e+00,1.500000000000000000e+01
2.000000000000000000e+00,1.475010101010100882e+00,2.000000000000000000e+02,2.010000000000000000e+02,1.950000000000000000e+02,1.240000000000000000e+02,1.200000000000000000e+02
2.000000000000000000e+00,1.475010101010100882e+00,1.550000000000000000e+02,1.350000000000000000e+02,1.660000000000000000e+02,3.500000000000000000e+01,7.200000000000000000e+01
2.000000000000000000e+00,1.454818181818181788e+00,8.000000000000000000e+01,8.000000000000000000e+00,5.600000000000000000e+01,5.000000000000000000e+00,1.500000000000000000e+01
2.000000000000000000e+00,1.454818181818181788e+00,2.000000000000000000e+02,2.010000000000000000e+02,1.950000000000000000e+02,1.240000000000000000e+02,1.200000000000000000e+02
2.000000000000000000e+00,1.454818181818181788e+00,1.550000000000000000e+02,1.350000000000000000e+02,1.660000000000000000e+02,3.500000000000000000e+01,7.200000000000000000e+01
2.000000000000000000e+00,1.434626262626262472e+00,8.000000000000000000e+01,8.000000000000000000e+00,5.600000000000000000e+01,5.000000000000000000e+00,1.500000000000000000e+01
2.000000000000000000e+00,1.434626262626262472e+00,2.000000000000000000e+02,2.010000000000000000e+02,1.950000000000000000e+02,1.240000000000000000e+02,1.200000000000000000e+02
2.000000000000000000e+00,1.434626262626262472e+00,1.550000000000000000e+02,1.350000000000000000e+02,1.660000000000000000e+02,3.500000000000000000e+01,7.200000000000000000e+01
2.000000000000000000e+00,1.414434343434343377e+00,8.000000000000000000e+01,8.000000000000000000e+00,5.600000000000000000e+01,5.000000000000000000e+00,1.500000000000000000e+01
2.000000000000000000e+00,1.414434343434343377e+00,2.000000000000000000e+02,2.010000000000000000e+02,1.950000000000000000e+02,1.240000000000000000e+02,1.200000000000000000e+02
2.000000000000000000e+00,1.414434343434343377e+00,1.550000000000000000e+02,1.350000000000000000e+02,1.660000000000000000e+02,3.500000000000000000e+01,7.200000000000000000e+01
2.000000000000000000e+00,1.394242424242424061e+00,8.000000000000000000e+01,8.000000000000000000e+00,5.600000000000000000e+01,5.000000000000000000e+00,1.500000000000000000e+01
2.000000000000000000e+00,1.394242424242424061e+00,2.000000000000000000e+02,2.010000000000000000e+02,1.950000000000000000e+02,1.240000000000000000e+02,1.200000000000000000e+02
2.000000000000000000e+00,1.394242424242424061e+00,1.550000000000000000e+02,1.350000000000000000e+02,1.660000000000000000e+02,3.500000000000000000e+01,7.200000000000000000e+01
2.000000000000000000e+00,1.374050505050504967e+00,8.000000000000000000e+01,8.000000000000000000e+00,5.600000000000000000e+01,5.000000000000000000e+00,1.500000000000000000e+01
2.000000000000000000e+00,1.374050505050504967e+00,2.000000000000000000e+02,2.010000000000000000e+02,1.950000000000000000e+02,1.240000000000000000e+02,1.200000000000000000e+02
2.000000000000000000e+00,1.374050505050504967e+00,1.550000000000000000e+02,1.350000000000000000e+02,1.660000000000000000e+02,3.500000000000000000e+01,7.200000000000000000e+01
2.000000000000000000e+00,1.353858585858585650e+00,8.000000000000000000e+01,8.000000000000000000e+00,5.600000000000000000e+01,5.000000000000000000e+00,1.500000000000000000e+01
2.000000000000000000e+00,1.353858585858585650e+00,2.000000000000000000e+02,2.010000000000000000e+02,1.950000000000000000e+02,1.240000000000000000e+02,1.200000000000000000e+02
2.000000000000000000e+00,1.353858585858585650e+00,1.550000000000000000e+02,1.350000000000000000e+02,1.660000000000000000e+02,3.500000000000000000e+01,7.200000000000000000e+01
2.000000000000000000e+00,1.333666666666666556e+00,8.000000000000000000e+01,8.000000000000000000e+00,5.600000000000000000e+01,5.000000000000000000e+00,1.500000000000000000e+01
2.000000000000000000e+00,1.333666666666666556e+00,2.000000000000000000e+02,2.010000000000000000e+02,1.950000000000000000e+02,1.240000000000000000e+02,1.200000000000000000e+02
2.000000000000000000e+00,1.333666666666666556e+00,1.550000000000000000e+02,1.350000000000000000e+02,1.660000000000000000e+02,3.500000000000000000e+01,7.200000000000000000e+01
2.000000000000000000e+00,1.313474747474747240e+00,8.000000000000000000e+01,8.000000000000000000e+00,5.600000000000000000e+01,5.000000000000000000e+00,1.500000000000000000e+01
2.000000000000000000e+00,1.313474747474747240e+00,2.000000000000000000e+02,2.010000000000000000e+02,1.950000000000000000e+02,1.240000000000000000e+02,1.200000000000000000e+02
2.000000000000000000e+00,1.313474747474747240e+00,1.550000000000000000e+02,1.350000000000000000e+02,1.660000000000000000e+02,3.500000000000000000e+01,7.200000000000000000e+01
2.000000000000000000e+00,1.293282828282828145e+00,8.000000000000000000e+01,8.000000000000000000e+00,5.600000000000000000e+01,5.000000000000000000e+00,1.500000000000000000e+01
2.000000000000000000e+00,1.293282828282828145e+00,2.000000000000000000e+02,2.010000000000000000e+02,1.950000000000000000e+02,1.240000000000000000e+02,1.200000000000000000e+02
2.000000000000000000e+00,1.293282828282828145e+00,1.550000000000000000e+02,1.350000000000000000e+02,1.660000000000000000e+02,3.500000000000000000e+01,7.200000000000000000e+01
2.000000000000000000e+00,1.273090909090909051e+00,8.000000000000000000e+01,8.000000000000000000e+00,5.600000000000000000e+01,5.000000000000000000e+00,1.500000000000000000e+01
2.000000000000000000e+00,1.273090909090909051e+00,2.000000000000000000e+02,2.010000000000000000e+02,1.950000000000000000e+02,1.240000000000000000e+02,1.200000000000000000e+02
2.000000000000000000e+00,1.273090909090909051e+00,1.550000000000000000e+02,1.350000000000000000e+02,1.660000000000000000e+02,3.500000000000000000e+01,7.200000000000000000e+01
2.000000000000000000e+00,1.252898989898989734e+00,8.000000000000000000e+01,8.000000000000000000e+00,5.600000000000000000e+01,5.000000000000000000e+00,1.500000000000000000e+01
2.000000000000000000e+00,1.252898989898989734e+00,2.000000000000000000e+02,2.010000000000000000e+02,1.950000000000000000e+02,1.240000000000000000e+02,1.200000000000000000e+02
2.000000000000000000e+00,1.252898989898989734e+00,1.550000000000000000e+02,1.350000000000000000e+02,1.660000000000000000e+02,3.500000000000000000e+01,7.200000000000000000e+01
2.000000000000000000e+00,1.232707070707070640e+00,8.000000000000000000e+01,8.000000000000000000e+00,5.600000000000000000e+01,5.000000000000000000e+00,1.500000000000000000e+01
2.000000000000000000e+00,1.232707070707070640e+00,2.000000000000000000e+02,2.010000000000000000e+02,1.950000000000000000e+02,1.240000000000000000e+02,1.200000000000000000e+02
2.000000000000000000e+00,1.232707070707070640e+00,1.550000000000000000e+02,1.350000000000000000e+02,1.660000000000000000e+02,3.500000000000000000e+01,7.200000000000000000e+01
2.000000000000000000e+00,1.212515151515151324e+00,8.000000000000000000e+01,8.000000000000000000e+00,5.600000000000000000e+01,5.000000000000000000e+00,1.500000000000000000e+01
2.000000000000000000e+00,1.212515151515151324e+00,2.000000000000000000e+02,2.010000000000000000e+02,1.950000000000000000e+02,1.240000000000000000e+02,1.200000000000000000e+02
2.000000000000000000e+00,1.212515151515151324e+00,1.550000000000000000e+02,1.350000000000000000e+02,1.660000000000000000e+02,3.500000000000000000e+01,7.200000000000000000e+01
2.000000000000000000e+00,1.192323232323232229e+00,8.000000000000000000e+01,8.000000000000000000e+00,5.600000000000000000e+01,5.000000000000000000e+00,1.500000000000000000e+01
2.000000000000000000e+00,1.192323232323232229e+00,2.000000000000000000e+02,2.010000000000000000e+02,1.950000000000000000e+02,1.240000000000000000e+02,1.200000000000000000e+02
2.000000000000000000e+00,1.192323232323232229e+00,1.550000000000000000e+02,1.350000000000000000e+02,1.660000000000000000e+02,3.500000000000000000e+01,7.200000000000000000e+01
2.000000000000000000e+00,1.172131313131312913e+00,8.000000000000000000e+01,8.000000000000000000e+00,5.600000000000000000e+01,5.000000000000000000e+00,1.500000000000000000e+01
2.000000000000000000e+00,1.172131313131312913e+00,2.000000000000000000e+02,2.010000000000000000e+02,1.950000000000000000e+02,1.240000000000000000e+02,1.200000000000000000e+02
2.000000000000000000e+00,1.172131313131312913e+00,1.550000000000000000e+02,1.350000000000000000e+02,1.660000000000000000e+02,3.500000000000000000e+01,7.200000000000000000e+01
2.000000000000000000e+00,1.151939393939393819e+00,8.000000000000000000e+01,8.000000000000000000e+00,5.600000000000000000e+01,5.000000000000000000e+00,1.500000000000000000e+01
2.000000000000000000e+00,1.151939393939393819e+00,2.000000000000000000e+02,2.010000000000000000e+02,1.950000000000000000e+02,1.240000000000000000e+02,1.200000000000000000e+02
2.000000000000000000e+00,1.151939393939393819e+00,1.550000000000000000e+02,1.350000000000000000e+02,1.660000000000000000e+02,3.500000000000000000e+01,7.200000000000000000e+01
2.000000000000000000e+00,1.131747474747474502e+00,8.000000000000000000e+01,8.000000000000000000e+00,5.600000000000000000e+01,5.000000000000000000e+00,1.500000000000000000e+01
2.000000000000000000e+00,1.131747474747474502e+00,2.000000000000000000e+02,2.010000000000000000e+02,1.950000000000000000e+02,1.240000000000000000e+02,1.200000000000000000e+02
2.000000000000000000e+00,1.131747474747474502e+00,1.550000000000000000e+02,1.350000000000000000e+02,1.660000000000000000e+02,3.500000000000000000e+01,7.200000000000000000e+01
2.000000000000000000e+00,1.111555555555555408e+00,8.000000000000000000e+01,8.000000000000000000e+00,5.600000000000000000e+01,5.000000000000000000e+00,1.500000000000000000e+01
2.000000000000000000e+00,1.111555555555555408e+00,2.000000000000000000e+02,2.010000000000000000e+02,1.950000000000000000e+02,1.240000000000000000e+02,1.200000000000000000e+02
2.000000000000000000e+00,1.111555555555555408e+00,1.550000000000000000e+02,1.350000000000000000e+02,1.660000000000000000e+02,3.500000000000000000e+01,7.200000000000000000e+01
2.000000000000000000e+00,1.091363636363636314e+00,8.000000000000000000e+01,8.000000000000000000e+00,5.600000000000000000e+01,5.000000000000000000e+00,1.500000000000000000e+01
2.000000000000000000e+00,1.091363636363636314e+00,2.000000000000000000e+02,2.010000000000000000e+02,1.950000000000000000e+02,1.240000000000000000e+02,1.200000000000000000e+02
2.000000000000000000e+00,1.091363636363636314e+00,1.550000000000000000e+02,1.350000000000000000e+02,1.660000000000000000e+02,3.500000000000000000e+01,7.200000000000000000e+01
2.000000000000000000e+00,1.071171717171716997e+00,8.000000000000000000e+01,8.000000000000000000e+00,5.600000000000000000e+01,5.000000000000000000e+00,1.500000000000000000e+01
2.000000000000000000e+00,1.071171717171716997e+00,2.000000000000000000e+02,2.010000000000000000e+02,1.950000000000000000e+02,1.240000000000000000e+02,1.200000000000000000e+02
2.000000000000000000e+00,1.071171717171716997e+00,1.550000000000000000e+02,1.350000000000000000e+02,1.660000000000000000e+02,3.500000000000000000e+01,7.200000000000000000e+01
2.000000000000000000e+00,1.050979797979797903e+00,8.000000000000000000e+01,8.000000000000000000e+00,5.600000000000000000e+01,5.000000000000000000e+00,1.500000000000000000e+01
2.000000000000000000e+00,1.050979797979797903e+00,2.000000000000000000e+02,2.010000000000000000e+02,1.950000000000000000e+02,1.240000000000000000e+02,1.200000000000000000e+02
2.000000000000000000e+00,1.050979797979797903e+00,1.550000000000000000e+02,1.350000000000000000e+02,1.660000000000000000e+02,3.500000000000000000e+01,7.200000000000000000e+01
2.000000000000000000e+00,1.030787878787878586e+00,8.000000000000000000e+01,8.000000000000000000e+00,5.600000000000000000e+01,5.000000000000000000e+00,1.500000000000000000e+01
2.000000000000000000e+00,1.030787878787878586e+00,2.000000000000000000e+02,2.010000000000000000e+02,1.950000000000000000e+02,1.240000000000000000e+02,1.200000000000000000e+02
2.000000000000000000e+00,1.030787878787878586e+00,1.550000000000000000e+02,1.350000000000000000e+02,1.660000000000000000e+02,3.500000000000000000e+01,7.200000000000000000e+01
2.000000000000000000e+00,1.010595959595959492e+00,8.000000000000000000e+01,8.000000000000000000e+00,5.600000000000000000e+01,5.000000000000000000e+00,1.500000000000000000e+01
2.000000000000000000e+00,1.010595959595959492e+00,2.000000000000000000e+02,2.010000000000000000e+02,1.950000000000000000e+02,1.240000000000000000e+02,1.200000000000000000e+02
2.000000000000000000e+00,1.010595959595959492e+00,1.550000000000000000e+02,1.350000000000000000e+02,1.660000000000000000e+02,3.500000000000000000e+01,7.200000000000000000e+01
2.000000000000000000e+00,9.904040404040403978e-01,8.000000000000000000e+01,8.000000000000000000e+00,5.600000000000000000e+01,5.000000000000000000e+00,1.500000000000000000e+01
2.000000000000000000e+00,9.904040404040403978e-01,2.000000000000000000e+02,2.010000000000000000e+02,1.950000000000000000e+02,1.240000000000000000e+02,1.200000000000000000e+02
2.000000000000000000e+00,9.904040404040403978e-01,1.550000000000000000e+02,1.350000000000000000e+02,1.660000000000000000e+02,3.500000000000000000e+01,7.200000000000000000e+01
2.000000000000000000e+00,9.702121212121211924e-01,8.000000000000000000e+01,8.000000000000000000e+00,5.600000000000000000e+01,5.000000000000000000e+00,1.500000000000000000e+01
2.000000000000000000e+00,9.702121212121211924e-01,2.000000000000000000e+02,2.010000000000000000e+02,1.950000000000000000e+02,1.240000000000000000e+02,1.200000000000000000e+02
2.000000000000000000e+00,9.702121212121211924e-01,1.550000000000000000e+02,1.350000000000000000e+02,1.660000000000000000e+02,3.500000000000000000e+01,7.200000000000000000e+01
2.000000000000000000e+00,9.500202020202019870e-01,8.000000000000000000e+01,8.000000000000000000e+00,5.600000000000000000e+01,5.000000000000000000e+00,1.500000000000000000e+01
2.000000000000000000e+00,9.500202020202019870e-01,2.000000000000000000e+02,2.010000000000000000e+02,1.950000000000000000e+02,1.240000000000000000e+02,1.200000000000000000e+02
2.000000000000000000e+00,9.500202020202019870e-01,1.550000000000000000e+02,1.350000000000000000e+02,1.660000000000000000e+02,3.500000000000000000e+01,7.200000000000000000e+01
2.000000000000000000e+00,9.298282828282827817e-01,8.000000000000000000e+01,8.000000000000000000e+00,5.600000000000000000e+01,5.000000000000000000e+00,1.500000000000000000e+01
2.000000000000000000e+00,9.298282828282827817e-01,2.000000000000000000e+02,2.010000000000000000e+02,1.950000000000000000e+02,1.240000000000000000e+02,1.200000000000000000e+02
2.000000000000000000e+00,9.298282828282827817e-01,1.550000000000000000e+02,1.350000000000000000e+02,1.660000000000000000e+02,3.500000000000000000e+01,7.200000000000000000e+01
2.000000000000000000e+00,9.096363636363635763e-01,8.000000000000000000e+01,8.000000000000000000e+00,5.600000000000000000e+01,5.000000000000000000e+00,1.500000000000000000e+01
2.000000000000000000e+00,9.096363636363635763e-01,2.000000000000000000e+02,2.010000000000000000e+02,1.950000000000000000e+02,1.240000000000000000e+02,1.200000000000000000e+02
2.000000000000000000e+00,9.096363636363635763e-01,1.550000000000000000e+02,1.350000000000000000e+02,1.660000000000000000e+02,3.500000000000000000e+01,7.200000000000000000e+01
2.000000000000000000e+00,8.894444444444443709e-01,8.000000000000000000e+01,8.000000000000000000e+00,5.600000000000000000e+01,5.000000000000000000e+00,1.500000000000000000e+01
2.000000000000000000e+00,8.894444444444443709e-01,2.000000000000000000e+02,2.010000000000000000e+02,1.950000000000000000e+02,1.240000000000000000e+02,1.200000000000000000e+02
2.000000000000000000e+00,8.894444444444443709e-01,1.550000000000000000e+02,1.350000000000000000e+02,1.660000000000000000e+02,3.500000000000000000e+01,7.200000000000000000e+01
2.000000000000000000e+00,8.692525252525252766e-01,8.000000000000000000e+01,8.000000000000000000e+00,5.600000000000000000e+01,5.000000000000000000e+00,1.500000000000000000e+01
2.000000000000000000e+00,8.692525252525252766e-01,2.000000000000000000e+02,2.010000000000000000e+02,1.950000000000000000e+02,1.240000000000000000e+02,1.200000000000000000e+02
2.000000000000000000e+00,8.692525252525252766e-01,1.550000000000000000e+02,1.350000000000000000e+02,1.660000000000000000e+02,3.500000000000000000e+01,7.200000000000000000e+01
2.000000000000000000e+00,8.490606060606060712e-01,8.000000000000000000e+01,8.000000000000000000e+00,5.600000000000000000e+01,5.000000000000000000e+00,1.500000000000000000e+01
2.000000000000000000e+00,8.490606060606060712e-01,2.000000000000000000e+02,2.010000000000000000e+02,1.950000000000000000e+02,1.240000000000000000e+02,1.200000000000000000e+02
2.000000000000000000e+00,8.490606060606060712e-01,1.550000000000000000e+02,1.350000000000000000e+02,1.660000000000000000e+02,3.500000000000000000e+01,7.200000000000000000e+01
2.000000000000000000e+00,8.288686868686868658e-01,8.000000000000000000e+01,8.000000000000000000e+00,5.600000000000000000e+01,5.000000000000000000e+00,1.500000000000000000e+01
2.000000000000000000e+00,8.288686868686868658e-01,2.000000000000000000e+02,2.010000000000000000e+02,1.950000000000000000e+02,1.240000000000000000e+02,1.200000000000000000e+02
2.000000000000000000e+00,8.288686868686868658e-01,1.550000000000000000e+02,1.350000000000000000e+02,1.660000000000000000e+02,3.500000000000000000e+01,7.200000000000000000e+01
2.000000000000000000e+00,8.086767676767676605e-01,8.000000000000000000e+01,8.000000000000000000e+00,5.600000000000000000e+01,5.000000000000000000e+00,1.500000000000000000e+01
2.000000000000000000e+00,8.086767676767676605e-01,2.000000000000000000e+02,2.010000000000000000e+02,1.950000000000000000e+02,1.240000000000000000e+02,1.200000000000000000e+02
2.000000000000000000e+00,8.086767676767676605e-01,1.550000000000000000e+02,1.350000000000000000e+02,1.660000000000000000e+02,3.500000000000000000e+01,7.200000000000000000e+01
2.000000000000000000e+00,7.884848484848484551e-01,8.000000000000000000e+01,8.000000000000000000e+00,5.600000000000000000e+01,5.000000000000000000e+00,1.500000000000000000e+01
2.000000000000000000e+00,7.884848484848484551e-01,2.000000000000000000e+02,2.010000000000000000e+02,1.950000000000000000e+02,1.240000000000000000e+02,1.200000000000000000e+02
2.000000000000000000e+00,7.884848484848484551e-01,1.550000000000000000e+02,1.350000000000000000e+02,1.660000000000000000e+02,3.500000000000000000e+01,7.200000000000000000e+01
2.000000000000000000e+00,7.682929292929292497e-01,8.000000000000000000e+01,8.000000000000000000e+00,5.600000000000000000e+01,5.000000000000000000e+00,1.500000000000000000e+01
2.000000000000000000e+00,7.682929292929292497e-01,2.000000000000000000e+02,2.010000000000000000e+02,1.950000000000000000e+02,1.240000000000000000e+02,1.200000000000000000e+02
2.000000000000000000e+00,7.682929292929292497e-01,1.550000000000000000e+02,1.350000000000000000e+02,1.660000000000000000e+02,3.500000000000000000e+01,7.200000000000000000e+01
2.000000000000000000e+00,7.481010101010100444e-01,8.000000000000000000e+01,8.000000000000000000e+00,5.600000000000000000e+01,5.000000000000000000e+00,1.500000000000000000e+01
2.000000000000000000e+00,7.481010101010100444e-01,2.000000000000000000e+02,2.010000000000000000e+02,1.950000000000000000e+02,1.240000000000000000e+02,1.200000000000000000e+02
2.000000000000000000e+00,7.481010101010100444e-01,1.550000000000000000e+02,1.350000000000000000e+02,1.660000000000000000e+02,3.500000000000000000e+01,7.200000000000000000e+01
2.000000000000000000e+00,7.279090909090909500e-01,8.000000000000000000e+01,8.000000000000000000e+00,5.600000000000000000e+01,5.000000000000000000e+00,1.500000000000000000e+01
2.000000000000000000e+00,7.279090909090909500e-01,2.000000000000000000e+02,2.010000000000000000e+02,1.950000000000000000e+02,1.240000000000000000e+02,1.200000000000000000e+02
2.000000000000000000e+00,7.279090909090909500e-01,1.550000000000000000e+02,1.350000000000000000e+02,1.660000000000000000e+02,3.500000000000000000e+01,7.200000000000000000e+01
2.000000000000000000e+00,7.077171717171717447e-01,8.000000000000000000e+01,8.000000000000000000e+00,5.600000000000000000e+01,5.000000000000000000e+00,1.500000000000000000e+01
2.000000000000000000e+00,7.077171717171717447e-01,2.000000000000000000e+02,2.010000000000000000e+02,1.950000000000000000e+02,1.240000000000000000e+02,1.200000000000000000e+02
2.000000000000000000e+00,7.077171717171717447e-01,1.550000000000000000e+02,1.350000000000000000e+02,1.660000000000000000e+02,3.500000000000000000e+01,7.200000000000000000e+01
2.000000000000000000e+00,6.875252525252525393e-01,8.000000000000000000e+01,8.000000000000000000e+00,5.600000000000000000e+01,5.000000000000000000e+00,1.500000000000000000e+01
2.000000000000000000e+00,6.875252525252525393e-01,2.000000000000000000e+02,2.010000000000000000e+02,1.950000000000000000e+02,1.240000000000000000e+02,1.200000000000000000e+02
2.000000000000000000e+00,6.875252525252525393e-01,1.550000000000000000e+02,1.350000000000000000e+02,1.660000000000000000e+02,3.500000000000000000e+01,7.200000000000000000e+01
2.000000000000000000e+00,6.673333333333333339e-01,8.000000000000000000e+01,8.000000000000000000e+00,5.600000000000000000e+01,5.000000000000000000e+00,1.500000000000000000e+01
2.000000000000000000e+00,6.673333333333333339e-01,2.000000000000000000e+02,2.010000000000000000e+02,1.950000000000000000e+02,1.240000000000000000e+02,1.200000000000000000e+02
2.000000000000000000e+00,6.673333333333333339e-01,1.550000000000000000e+02,1.350000000000000000e+02,1.660000000000000000e+02,3.500000000000000000e+01,7.200000000000000000e+01
2.000000000000000000e+00,6.471414141414141286e-01,8.000000000000000000e+01,8.000000000000000000e+00,5.600000000000000000e+01,5.000000000000000000e+00,1.500000000000000000e+01
2.000000000000000000e+00,6.471414141414141286e-01,2.000000000000000000e+02,2.010000000000000000e+02,1.950000000000000000e+02,1.240000000000000000e+02,1.200000000000000000e+02
2.000000000000000000e+00,6.471414141414141286e-01,1.550000000000000000e+02,1.350000000000000000e+02,1.660000000000000000e+02,3.500000000000000000e+01,7.200000000000000000e+01
2.000000000000000000e+00,6.269494949494949232e-01,8.000000000000000000e+01,8.000000000000000000e+00,5.600000000000000000e+01,5.000000000000000000e+00,1.500000000000000000e+01
2.000000000000000000e+00,6.269494949494949232e-01,2.000000000000000000e+02,2.010000000000000000e+02,1.950000000000000000e+02,1.240000000000000000e+02,1.200000000000000000e+02
2.000000000000000000e+00,6.269494949494949232e-01,1.550000000000000000e+02,1.350000000000000000e+02,1.660000000000000000e+02,3.500000000000000000e+01,7.200000000000000000e+01
2.000000000000000000e+00,6.067575757575757178e-01,8.000000000000000000e+01,8.000000000000000000e+00,5.600000000000000000e+01,5.000000000000000000e+00,1.500000000000000000e+01
2.000000000000000000e+00,6.067575757575757178e-01,2.000000000000000000e+02,2.010000000000000000e+02,1.950000000000000000e+02,1.240000000000000000e+02,1.200000000000000000e+02
2.000000000000000000e+00,6.067575757575757178e-01,1.550000000000000000e+02,1.350000000000000000e+02,1.660000000000000000e+02,3.500000000000000000e+01,7.200000000000000000e+01
2.000000000000000000e+00,5.865656565656565125e-01,8.000000000000000000e+01,8.000000000000000000e+00,5.600000000000000000e+01,5.000000000000000000e+00,1.500000000000000000e+01
2.000000000000000000e+00,5.865656565656565125e-01,2.000000000000000000e+02,2.010000000000000000e+02,1.950000000000000000e+02,1.240000000000000000e+02,1.200000000000000000e+02
2.000000000000000000e+00,5.865656565656565125e-01,1.550000000000000000e+02,1.350000000000000000e+02,1.660000000000000000e+02,3.500000000000000000e+01,7.200000000000000000e+01
2.000000000000000000e+00,5.663737373737373071e-01,8.000000000000000000e+01,8.000000000000000000e+00,5.600000000000000000e+01,5.000000000000000000e+00,1.500000000000000000e+01
2.000000000000000000e+00,5.663737373737373071e-01,2.000000000000000000e+02,2.010000000000000000e+02,1.950000000000000000e+02,1.240000000000000000e+02,1.200000000000000000e+02
2.000000000000000000e+00,5.663737373737373071e-01,1.550000000000000000e+02,1.350000000000000000e+02,1.660000000000000000e+02,3.500000000000000000e+01,7.200000000000000000e+01
2.000000000000000000e+00,5.461818181818182127e-01,8.000000000000000000e+01,8.000000000000000000e+00,5.600000000000000000e+01,5.000000000000000000e+00,1.500000000000000000e+01
2.000000000000000000e+00,5.461818181818182127e-01,2.000000000000000000e+02,2.010000000000000000e+02,1.950000000000000000e+02,1.240000000000000000e+02,1.200000000000000000e+02
2.000000000000000000e+00,5.461818181818182127e-01,1.550000000000000000e+02,1.350000000000000000e+02,1.660000000000000000e+02,3.500000000000000000e+01,7.200000000000000000e+01
2.000000000000000000e+00,5.259898989898990074e-01,8.000000000000000000e+01,8.000000000000000000e+00,5.600000000000000000e+01,5.000000000000000000e+00,1.500000000000000000e+01
2.000000000000000000e+00,5.259898989898990074e-01,2.000000000000000000e+02,2.010000000000000000e+02,1.950000000000000000e+02,1.240000000000000000e+02,1.200000000000000000e+02
2.000000000000000000e+00,5.259898989898990074e-01,1.550000000000000000e+02,1.350000000000000000e+02,1.660000000000000000e+02,3.500000000000000000e+01,7.200000000000000000e+01
2.000000000000000000e+00,5.057979797979798020e-01,8.000000000000000000e+01,8.000000000000000000e+00,5.600000000000000000e+01,5.000000000000000000e+00,1.500000000000000000e+01
2.000000000000000000e+00,5.057979797979798020e-01,2.000000000000000000e+02,2.010000000000000000e+02,1.950000000000000000e+02,1.240000000000000000e+02,1.200000000000000000e+02
2.000000000000000000e+00,5.057979797979798020e-01,1.550000000000000000e+02,1.350000000000000000e+02,1.660000000000000000e+02,3.500000000000000000e+01,7.200000000000000000e+01
2.000000000000000000e+00,4.856060606060605966e-01,8.000000000000000000e+01,8.000000000000000000e+00,5.600000000000000000e+01,5.000000000000000000e+00,1.500000000000000000e+01
2.000000000000000000e+00,4.856060606060605966e-01,2.000000000000000000e+02,2.010000000000000000e+02,1.950000000000000000e+02,1.240000000000000000e+02,1.200000000000000000e+02
2.000000000000000000e+00,4.856060606060605966e-01,1.550000000000000000e+02,1.350000000000000000e+02,1.660000000000000000e+02,3.500000000000000000e+01,7.200000000000000000e+01
2.000000000000000000e+00,4.654141414141413913e-01,8.000000000000000000e+01,8.000000000000000000e+00,5.600000000000000000e+01,5.000000000000000000e+00,1.500000000000000000e+01
2.000000000000000000e+00,4.654141414141413913e-01,2.000000000000000000e+02,2.010000000000000000e+02,1.950000000000000000e+02,1.240000000000000000e+02,1.200000000000000000e+02
2.000000000000000000e+00,4.654141414141413913e-01,1.550000000000000000e+02,1.350000000000000000e+02,1.660000000000000000e+02,3.500000000000000000e+01,7.200000000000000000e+01
2.000000000000000000e+00,4.452222222222221859e-01,8.000000000000000000e+01,8.000000000000000000e+00,5.600000000000000000e+01,5.000000000000000000e+00,1.500000000000000000e+01
2.000000000000000000e+00,4.452222222222221859e-01,2.000000000000000000e+02,2.010000000000000000e+02,1.950000000000000000e+02,1.240000000000000000e+02,1.200000000000000000e+02
2.000000000000000000e+00,4.452222222222221859e-01,1.550000000000000000e+02,1.350000000000000000e+02,1.660000000000000000e+02,3.500000000000000000e+01,7.200000000000000000e+01
2.000000000000000000e+00,4.250303030303030360e-01,8.000000000000000000e+01,8.000000000000000000e+00,5.600000000000000000e+01,5.000000000000000000e+00,1.500000000000000000e+01
2.000000000000000000e+00,4.250303030303030360e-01,2.000000000000000000e+02,2.010000000000000000e+02,1.950000000000000000e+02,1.240000000000000000e+02,1.200000000000000000e+02
2.000000000000000000e+00,4.250303030303030360e-01,1.550000000000000000e+02,1.350000000000000000e+02,1.660000000000000000e+02,3.500000000000000000e+01,7.200000000000000000e+01
2.000000000000000000e+00,4.048383838383838307e-01,8.000000000000000000e+01,8.000000000000000000e+00,5.600000000000000000e+01,5.000000000000000000e+00,1.500000000000000000e+01
2.000000000000000000e+00,4.048383838383838307e-01,2.000000000000000000e+02,2.010000000000000000e+02,1.950000000000000000e+02,1.240000000000000000e+02,1.200000000000000000e+02
2.000000000000000000e+00,4.048383838383838307e-01,1.550000000000000000e+02,1.350000000000000000e+02,1.660000000000000000e+02,3.500000000000000000e+01,7.200000000000000000e+01
2.000000000000000000e+00,3.846464646464646253e-01,8.000000000000000000e+01,8.000000000000000000e+00,5.600000000000000000e+01,5.000000000000000000e+00,1.500000000000000000e+01
2.000000000000000000e+00,3.846464646464646253e-01,2.000000000000000000e+02,2.010000000000000000e+02,1.950000000000000000e+02,1.240000000000000000e+02,1.200000000000000000e+02
2.000000000000000000e+00,3.846464646464646253e-01,1.550000000000000000e+02,1.350000000000000000e+02,1.660000000000000000e+02,3.500000000000000000e+01,7.200000000000000000e+01
2.000000000000000000e+00,3.644545454545454755e-01,8.000000000000000000e+01,8.000000000000000000e+00,5.600000000000000000e+01,5.000000000000000000e+00,1.500000000000000000e+01
2.000000000000000000e+00,3.644545454545454755e-01,2.000000000000000000e+02,2.010000000000000000e+02,1.950000000000000000e+02,1.240000000000000000e+02,1.200000000000000000e+02
2.000000000000000000e+00,3.644545454545454755e-01,1.550000000000000000e+02,1.350000000000000000e+02,1.660000000000000000e+02,3.500000000000000000e+01,7.200000000000000000e+01
2.000000000000000000e+00,3.442626262626262701e-01,8.000000000000000000e+01,8.000000000000000000e+00,5.600000000000000000e+01,5.000000000000000000e+00,1.500000000000000000e+01
2.000000000000000000e+00,3.442626262626262701e-01,2.000000000000000000e+02,2.010000000000000000e+02,1.950000000000000000e+02,1.240000000000000000e+02,1.200000000000000000e+02
2.000000000000000000e+00,3.442626262626262701e-01,1.550000000000000000e+02,1.350000000000000000e+02,1.660000000000000000e+02,3.500000000000000000e+01,7.200000000000000000e+01
2.000000000000000000e+00,3.240707070707070647e-01,8.000000000000000000e+01,8.000000000000000000e+00,5.600000000000000000e+01,5.000000000000000000e+00,1.500000000000000000e+01
2.000000000000000000e+00,3.240707070707070647e-01,2.000000000000000000e+02,2.010000000000000000e+02,1.950000000000000000e+02,1.240000000000000000e+02,1.200000000000000000e+02
2.000000000000000000e+00,3.240707070707070647e-01,1.550000000000000000e+02,1.350000000000000000e+02,1.660000000000000000e+02,3.500000000000000000e+01,7.200000000000000000e+01
2.000000000000000000e+00,3.038787878787878594e-01,8.000000000000000000e+01,8.000000000000000000e+00,5.600000000000000000e+01,5.000000000000000000e+00,1.500000000000000000e+01
2.000000000000000000e+00,3.038787878787878594e-01,2.000000000000000000e+02,2.010000000000000000e+02,1.950000000000000000e+02,1.240000000000000000e+02,1.200000000000000000e+02
2.000000000000000000e+00,3.038787878787878594e-01,1.550000000000000000e+02,1.350000000000000000e+02,1.660000000000000000e+02,3.500000000000000000e+01,7.200000000000000000e+01
2.000000000000000000e+00,2.836868686868686540e-01,8.000000000000000000e+01,8.000000000000000000e+00,5.600000000000000000e+01,5.000000000000000000e+00,1.500000000000000000e+01
2.000000000000000000e+00,2.836868686868686540e-01,2.000000000000000000e+02,2.010000000000000000e+02,1.950000000000000000e+02,1.240000000000000000e+02,1.200000000000000000e+02
2.000000000000000000e+00,2.836868686868686540e-01,1.550000000000000000e+02,1.350000000000000000e+02,1.660000000000000000e+02,3.500000000000000000e+01,7.200000000000000000e+01
2.000000000000000000e+00,2.634949494949495041e-01,8.000000000000000000e+01,8.000000000000000000e+00,5.600000000000000000e+01,5.000000000000000000e+00,1.500000000000000000e+01
2.000000000000000000e+00,2.634949494949495041e-01,2.000000000000000000e+02,2.010000000000000000e+02,1.950000000000000000e+02,1.240000000000000000e+02,1.200000000000000000e+02
2.000000000000000000e+00,2.634949494949495041e-01,1.550000000000000000e+02,1.350000000000000000e+02,1.660000000000000000e+02,3.500000000000000000e+01,7.200000000000000000e+01
2.000000000000000000e+00,2.433030303030302988e-01,8.000000000000000000e+01,8.000000000000000000e+00,5.600000000000000000e+01,5.000000000000000000e+00,1.500000000000000000e+01
2.000000000000000000e+00,2.433030303030302988e-01,2.000000000000000000e+02,2.010000000000000000e+02,1.950000000000000000e+02,1.240000000000000000e+02,1.200000000000000000e+02
2.000000000000000000e+00,2.433030303030302988e-01,1.550000000000000000e+02,1.350000000000000000e+02,1.660000000000000000e+02,3.500000000000000000e+01,7.200000000000000000e+01
2.000000000000000000e+00,2.231111111111110934e-01,8.000000000000000000e+01,8.000000000000000000e+00,5.600000000000000000e+01,5.000000000000000000e+00,1.500000000000000000e+01
2.000000000000000000e+00,2.231111111111110934e-01,2.000000000000000000e+02,2.010000000000000000e+02,1.950000000000000000e+02,1.240000000000000000e+02,1.200000000000000000e+02
2.000000000000000000e+00,2.231111111111110934e-01,1.550000000000000000e+02,1.350000000000000000e+02,1.660000000000000000e+02,3.500000000000000000e+01,7.200000000000000000e+01
2.000000000000000000e+00,2.029191919191919158e-01,8.000000000000000000e+01,8.000000000000000000e+00,5.600000000000000000e+01,5.000000000000000000e+00,1.500000000000000000e+01
2.000000000000000000e+00,2.029191919191919158e-01,2.000000000000000000e+02,2.010000000000000000e+02,1.950000000000000000e+02,1.240000000000000000e+02,1.200000000000000000e+02
2.000000000000000000e+00,2.029191919191919158e-01,1.550000000000000000e+02,1.350000000000000000e+02,1.660000000000000000e+02,3.500000000000000000e+01,7.200000000000000000e+01
2.000000000000000000e+00,1.827272727272727382e-01,8.000000000000000000e+01,8.000000000000000000e+00,5.600000000000000000e+01,5.000000000000000000e+00,1.500000000000000000e+01
2.000000000000000000e+00,1.827272727272727382e-01,2.000000000000000000e+02,2.010000000000000000e+02,1.950000000000000000e+02,1.240000000000000000e+02,1.200000000000000000e+02
2.000000000000000000e+00,1.827272727272727382e-01,1.550000000000000000e+02,1.350000000000000000e+02,1.660000000000000000e+02,3.500000000000000000e+01,7.200000000000000000e+01
2.000000000000000000e+00,1.625353535353535328e-01,8.000000000000000000e+01,8.000000000000000000e+00,5.600000000000000000e+01,5.000000000000000000e+00,1.500000000000000000e+01
2.000000000000000000e+00,1.625353535353535328e-01,2.000000000000000000e+02,2.010000000000000000e+02,1.950000000000000000e+02,1.240000000000000000e+02,1.200000000000000000e+02
2.000000000000000000e+00,1.625353535353535328e-01,1.550000000000000000e+02,1.350000000000000000e+02,1.660000000000000000e+02,3.500000000000000000e+01,7.200000000000000000e+01
2.000000000000000000e+00,1.423434343434343274e-01,8.000000000000000000e+01,8.000000000000000000e+00,5.600000000000000000e+01,5.000000000000000000e+00,1.500000000000000000e+01
2.000000000000000000e+00,1.423434343434343274e-01,2.000000000000000000e+02,2.010000000000000000e+02,1.950000000000000000e+02,1.240000000000000000e+02,1.200000000000000000e+02
2.000000000000000000e+00,1.423434343434343274e-01,1.550000000000000000e+02,1.350000000000000000e+02,1.660000000000000000e+02,3.500000000000000000e+01,7.200000000000000000e+01
2.000000000000000000e+00,1.221515151515151498e-01,8.000000000000000000e+01,8.000000000000000000e+00,5.600000000000000000e+01,5.000000000000000000e+00,1.500000000000000000e+01
2.000000000000000000e+00,1.221515151515151498e-01,2.000000000000000000e+02,2.010000000000000000e+02,1.950000000000000000e+02,1.240000000000000000e+02,1.200000000000000000e+02
2.000000000000000000e+00,1.221515151515151498e-01,1.550000000000000000e+02,1.350000000000000000e+02,1.660000000000000000e+02,3.500000000000000000e+01,7.200000000000000000e+01
2.000000000000000000e+00,1.019595959595959583e-01,8.000000000000000000e+01,8.000000000000000000e+00,5.600000000000000000e+01,5.000000000000000000e+00,1.500000000000000000e+01
2.000000000000000000e+00,1.019595959595959583e-01,2.000000000000000000e+02,2.010000000000000000e+02,1.950000000000000000e+02,1.240000000000000000e+02,1.200000000000000000e+02
2.000000000000000000e+00,1.019595959595959583e-01,1.550000000000000000e+02,1.350000000000000000e+02,1.660000000000000000e+02,3.500000000000000000e+01,7.200000000000000000e+01
2.000000000000000000e+00,8.176767676767676685e-02,8.000000000000000000e+01,8.000000000000000000e+00,5.600000000000000000e+01,5.000000000000000000e+00,1.500000000000000000e+01
2.000000000000000000e+00,8.176767676767676685e-02,2.000000000000000000e+02,2.010000000000000000e+02,1.950000000000000000e+02,1.240000000000000000e+02,1.200000000000000000e+02
2.000000000000000000e+00,8.176767676767676685e-02,1.550000000000000000e+02,1.350000000000000000e+02,1.660000000000000000e+02,3.500000000000000000e+01,7.200000000000000000e+01
2.000000000000000000e+00,6.157575757575757536e-02,8.000000000000000000e+01,8.000000000000000000e+00,5.600000000000000000e+01,5.000000000000000000e+00,1.500000000000000000e+01
2.000000000000000000e+00,6.157575757575757536e-02,2.000000000000000000e+02,2.010000000000000000e+02,1.950000000000000000e+02,1.240000000000000000e+02,1.200000000000000000e+02
2.000000000000000000e+00,6.157575757575757536e-02,1.550000000000000000e+02,1.350000000000000000e+02,1.660000000000000000e+02,3.500000000000000000e+01,7.200000000000000000e+01
2.000000000000000000e+00,4.138383838383838387e-02,8.000000000000000000e+01,8.000000000000000000e+00,5.600000000000000000e+01,5.000000000000000000e+00,1.500000000000000000e+01
2.000000000000000000e+00,4.138383838383838387e-02,2.000000000000000000e+02,2.010000000000000000e+02,1.950000000000000000e+02,1.240000000000000000e+02,1.200000000000000000e+02
2.000000000000000000e+00,4.138383838383838387e-02,1.550000000000000000e+02,1.350000000000000000e+02,1.660000000000000000e+02,3.500000000000000000e+01,7.200000000000000000e+01
2.000000000000000000e+00,2.119191919191919238e-02,8.000000000000000000e+01,8.000000000000000000e+00,5.600000000000000000e+01,5.000000000000000000e+00,1.500000000000000000e+01
2.000000000000000000e+00,2.119191919191919238e-02,2.000000000000000000e+02,2.010000000000000000e+02,1.950000000000000000e+02,1.240000000000000000e+02,1.200000000000000000e+02
2.000000000000000000e+00,2.119191919191919238e-02,1.550000000000000000e+02,1.350000000000000000e+02,1.660000000000000000e+02,3.500000000000000000e+01,7.200000000000000000e+01
2.000000000000000000e+00,1.000000000000000021e-03,8.000000000000000000e+01,8.000000000000000000e+00,5.600000000000000000e+01,5.000000000000000000e+00,1.500000000000000000e+01
2.000000000000000000e+00,1.000000000000000021e-03,2.000000000000000000e+02,2.010000000000000000e+02,1.950000000000000000e+02,1.240000000000000000e+02,1.200000000000000000e+02
2.000000000000000000e+00,1.000000000000000021e-03,1.550000000000000000e+02,1.350000000000000000e+02,1.660000000000000000e+02,3.500000000000000000e+01,7.200000000000000000e+01
1.000000000000000000e+00,1.200000000000000000e+01,8.000000000000000000e+01,8.000000000000000000e+00,5.600000000000000000e+01,5.000000000000000000e+00,1.500000000000000000e+01
1.000000000000000000e+00,1.200000000000000000e+01,2.000000000000000000e+02,2.010000000000000000e+02,1.950000000000000000e+02,1.240000000000000000e+02,1.200000000000000000e+02
1.000000000000000000e+00,1.200000000000000000e+01,1.550000000000000000e+02,1.350000000000000000e+02,1.660000000000000000e+02,3.500000000000000000e+01,7.200000000000000000e+01
1.000000000000000000e+00,1.193288590604026922e+01,8.000000000000000000e+01,8.000000000000000000e+00,5.600000000000000000e+01,5.000000000000000000e+00,1.500000000000000000e+01
1.000000000000000000e+00,1.193288590604026922e+01,2.000000000000000000e+02,2.010000000000000000e+02,1.950000000000000000e+02,1.240000000000000000e+02,1.200000000000000000e+02
1.000000000000000000e+00,1.193288590604026922e+01,1.550000000000000000e+02,1.350000000000000000e+02,1.660000000000000000e+02,3.500000000000000000e+01,7.200000000000000000e+01
1.000000000000000000e+00,1.186577181208053666e+01,8.000000000000000000e+01,8.000000000000000000e+00,5.600000000000000000e+01,5.000000000000000000e+00,1.500000000000000000e+01
1.000000000000000000e+00,1.186577181208053666e+01,2.000000000000000000e+02,2.010000000000000000e+02,1.950000000000000000e+02,1.240000000000000000e+02,1.200000000000000000e+02
1.000000000000000000e+00,1.186577181208053666e+01,1.550000000000000000e+02,1.350000000000000000e+02,1.660000000000000000e+02,3.500000000000000000e+01,7.200000000000000000e+01
1.000000000000000000e+00,1.179865771812080588e+01,8.000000000000000000e+01,8.000000000000000000e+00,5.600000000000000000e+01,5.000000000000000000e+00,1.500000000000000000e+01
1.000000000000000000e+00,1.179865771812080588e+01,2.000000000000000000e+02,2.010000000000000000e+02,1.950000000000000000e+02,1.240000000000000000e+02,1.200000000000000000e+02
1.000000000000000000e+00,1.179865771812080588e+01,1.550000000000000000e+02,1.350000000000000000e+02,1.660000000000000000e+02,3.500000000000000000e+01,7.200000000000000000e+01
1.000000000000000000e+00,1.173154362416107332e+01,8.000000000000000000e+01,8.000000000000000000e+00,5.600000000000000000e+01,5.000000000000000000e+00,1.500000000000000000e+01
1.000000000000000000e+00,1.173154362416107332e+01,2.000000000000000000e+02,2.010000000000000000e+02,1.950000000000000000e+02,1.240000000000000000e+02,1.200000000000000000e+02
1.000000000000000000e+00,1.173154362416107332e+01,1.550000000000000000e+02,1.350000000000000000e+02,1.660000000000000000e+02,3.500000000000000000e+01,7.200000000000000000e+01
1.000000000000000000e+00,1.166442953020134254e+01,8.000000000000000000e+01,8.000000000000000000e+00,5.600000000000000000e+01,5.000000000000000000e+00,1.500000000000000000e+01
1.000000000000000000e+00,1.166442953020134254e+01,2.000000000000000000e+02,2.010000000000000000e+02,1.950000000000000000e+02,1.240000000000000000e+02,1.200000000000000000e+02
1.000000000000000000e+00,1.166442953020134254e+01,1.550000000000000000e+02,1.350000000000000000e+02,1.660000000000000000e+02,3.500000000000000000e+01,7.200000000000000000e+01
1.000000000000000000e+00,1.159731543624160999e+01,8.000000000000000000e+01,8.000000000000000000e+00,5.600000000000000000e+01,5.000000000000000000e+00,1.500000000000000000e+01
1.000000000000000000e+00,1.159731543624160999e+01,2.000000000000000000e+02,2.010000000000000000e+02,1.950000000000000000e+02,1.240000000000000000e+02,1.200000000000000000e+02
1.000000000000000000e+00,1.159731543624160999e+01,1.550000000000000000e+02,1.350000000000000000e+02,1.660000000000000000e+02,3.500000000000000000e+01,7.200000000000000000e+01
1.000000000000000000e+00,1.153020134228187921e+01,8.000000000000000000e+01,8.000000000000000000e+00,5.600000000000000000e+01,5.000000000000000000e+00,1.500000000000000000e+01
1.000000000000000000e+00,1.153020134228187921e+01,2.000000000000000000e+02,2.010000000000000000e+02,1.950000000000000000e+02,1.240000000000000000e+02,1.200000000000000000e+02
1.000000000000000000e+00,1.153020134228187921e+01,1.550000000000000000e+02,1.350000000000000000e+02,1.660000000000000000e+02,3.500000000000000000e+01,7.200000000000000000e+01
1.000000000000000000e+00,1.146308724832214843e+01,8.000000000000000000e+01,8.000000000000000000e+00,5.600000000000000000e+01,5.000000000000000000e+00,1.500000000000000000e+01
1.000000000000000000e+00,1.146308724832214843e+01,2.000000000000000000e+02,2.010000000000000000e+02,1.950000000000000000e+02,1.240000000000000000e+02,1.200000000000000000e+02
1.000000000000000000e+00,1.146308724832214843e+01,1.550000000000000000e+02,1.350000000000000000e+02,1.660000000000000000e+02,3.500000000000000000e+01,7.200000000000000000e+01
1.000000000000000000e+00,1.139597315436241587e+01,8.000000000000000000e+01,8.000000000000000000e+00,5.600000000000000000e+01,5.000000000000000000e+00,1.500000000000000000e+01
1.000000000000000000e+00,1.139597315436241587e+01,2.000000000000000000e+02,2.010000000000000000e+02,1.950000000000000000e+02,1.240000000000000000e+02,1.200000000000000000e+02
1.000000000000000000e+00,1.139597315436241587e+01,1.550000000000000000e+02,1.350000000000000000e+02,1.660000000000000000e+02,3.500000000000000000e+01,7.200000000000000000e+01
1.000000000000000000e+00,1.132885906040268509e+01,8.000000000000000000e+01,8.000000000000000000e+00,5.600000000000000000e+01,5.000000000000000000e+00,1.500000000000000000e+01
1.000000000000000000e+00,1.132885906040268509e+01,2.000000000000000000e+02,2.010000000000000000e+02,1.950000000000000000e+02,1.240000000000000000e+02,1.200000000000000000e+02
1.000000000000000000e+00,1.132885906040268509e+01,1.550000000000000000e+02,1.350000000000000000e+02,1.660000000000000000e+02,3.500000000000000000e+01,7.200000000000000000e+01
1.000000000000000000e+00,1.126174496644295253e+01,8.000000000000000000e+01,8.000000000000000000e+00,5.600000000000000000e+01,5.000000000000000000e+00,1.500000000000000000e+01
1.000000000000000000e+00,1.126174496644295253e+01,2.000000000000000000e+02,2.010000000000000000e+02,1.950000000000000000e+02,1.240000000000000000e+02,1.200000000000000000e+02
1.000000000000000000e+00,1.126174496644295253e+01,1.550000000000000000e+02,1.350000000000000000e+02,1.660000000000000000e+02,3.500000000000000000e+01,7.200000000000000000e+01
1.000000000000000000e+00,1.119463087248322175e+01,8.000000000000000000e+01,8.000000000000000000e+00,5.600000000000000000e+01,5.000000000000000000e+00,1.500000000000000000e+01
1.000000000000000000e+00,1.119463087248322175e+01,2.000000000000000000e+02,2.010000000000000000e+02,1.950000000000000000e+02,1.240000000000000000e+02,1.200000000000000000e+02
1.000000000000000000e+00,1.119463087248322175e+01,1.550000000000000000e+02,1.350000000000000000e+02,1.660000000000000000e+02,3.500000000000000000e+01,7.200000000000000000e+01
1.000000000000000000e+00,1.112751677852348919e+01,8.000000000000000000e+01,8.000000000000000000e+00,5.600000000000000000e+01,5.000000000000000000e+00,1.500000000000000000e+01
1.000000000000000000e+00,1.112751677852348919e+01,2.000000000000000000e+02,2.010000000000000000e+02,1.950000000000000000e+02,1.240000000000000000e+02,1.200000000000000000e+02
1.000000000000000000e+00,1.112751677852348919e+01,1.550000000000000000e+02,1.350000000000000000e+02,1.660000000000000000e+02,3.500000000000000000e+01,7.200000000000000000e+01
1.000000000000000000e+00,1.106040268456375841e+01,8.000000000000000000e+01,8.000000000000000000e+00,5.600000000000000000e+01,5.000000000000000000e+00,1.500000000000000000e+01
1.000000000000000000e+00,1.106040268456375841e+01,2.000000000000000000e+02,2.010000000000000000e+02,1.950000000000000000e+02,1.240000000000000000e+02,1.200000000000000000e+02
1.000000000000000000e+00,1.106040268456375841e+01,1.550000000000000000e+02,1.350000000000000000e+02,1.660000000000000000e+02,3.500000000000000000e+01,7.200000000000000000e+01
1.000000000000000000e+00,1.099328859060402763e+01,8.000000000000000000e+01,8.000000000000000000e+00,5.600000000000000000e+01,5.000000000000000000e+00,1.500000000000000000e+01
1.000000000000000000e+00,1.099328859060402763e+01,2.000000000000000000e+02,2.010000000000000000e+02,1.950000000000000000e+02,1.240000000000000000e+02,1.200000000000000000e+02
1.000000000000000000e+00,1.099328859060402763e+01,1.550000000000000000e+02,1.350000000000000000e+02,1.660000000000000000e+02,3.500000000000000000e+01,7.200000000000000000e+01
1.000000000000000000e+00,1.092617449664429508e+01,8.000000000000000000e+01,8.000000000000000000e+00,5.600000000000000000e+01,5.000000000000000000e+00,1.500000000000000000e+01
1.000000000000000000e+00,1.092617449664429508e+01,2.000000000000000000e+02,2.010000000000000000e+02,1.950000000000000000e+02,1.240000000000000000e+02,1.200000000000000000e+02
1.000000000000000000e+00,1.092617449664429508e+01,1.550000000000000000e+02,1.350000000000000000e+02,1.660000000000000000e+02,3.500000000000000000e+01,7.200000000000000000e+01
1.000000000000000000e+00,1.085906040268456429e+01,8.000000000000000000e+01,8.000000000000000000e+00,5.600000000000000000e+01,5.000000000000000000e+00,1.500000000000000000e+01
1.000000000000000000e+00,1.085906040268456429e+01,2.000000000000000000e+02,2.010000000000000000e+02,1.950000000000000000e+02,1.240000000000000000e+02,1.200000000000000000e+02
1.000000000000000000e+00,1.085906040268456429e+01,1.550000000000000000e+02,1.350000000000000000e+02,1.660000000000000000e+02,3.500000000000000000e+01,7.200000000000000000e+01
1.000000000000000000e+00,1.079194630872483174e+01,8.000000000000000000e+01,8.000000000000000000e+00,5.600000000000000000e+01,5.000000000000000000e+00,1.500000000000000000e+01
1.000000000000000000e+00,1.079194630872483174e+01,2.000000000000000000e+02,2.010000000000000000e+02,1.950000000000000000e+02,1.240000000000000000e+02,1.200000000000000000e+02
1.000000000000000000e+00,1.079194630872483174e+01,1.550000000000000000e+02,1.350000000000000000e+02,1.660000000000000000e+02,3.500000000000000000e+01,7.200000000000000000e+01
1.000000000000000000e+00,1.072483221476510096e+01,8.000000000000000000e+01,8.000000000000000000e+00,5.600000000000000000e+01,5.000000000000000000e+00,1.500000000000000000e+01
1.000000000000000000e+00,1.072483221476510096e+01,2.000000000000000000e+02,2.010000000000000000e+02,1.950000000000000000e+02,1.240000000000000000e+02,1.200000000000000000e+02
1.000000000000000000e+00,1.072483221476510096e+01,1.550000000000000000e+02,1.350000000000000000e+02,1.660000000000000000e+02,3.500000000000000000e+01,7.200000000000000000e+01
1.000000000000000000e+00,1.065771812080536840e+01,8.000000000000000000e+01,8.000000000000000000e+00,5.600000000000000000e+01,5.000000000000000000e+00,1.500000000000000000e+01
1.000000000000000000e+00,1.065771812080536840e+01,2.000000000000000000e+02,2.010000000000000000e+02,1.950000000000000000e+02,1.240000000000000000e+02,1.200000000000000000e+02
1.000000000000000000e+00,1.065771812080536840e+01,1.550000000000000000e+02,1.350000000000000000e+02,1.660000000000000000e+02,3.500000000000000000e+01,7.200000000000000000e+01
1.000000000000000000e+00,1.059060402684563762e+01,8.000000000000000000e+01,8.000000000000000000e+00,5.600000000000000000e+01,5.000000000000000000e+00,1.500000000000000000e+01
1.000000000000000000e+00,1.059060402684563762e+01,2.000000000000000000e+02,2.010000000000000000e+02,1.950000000000000000e+02,1.240000000000000000e+02,1.200000000000000000e+02
1.000000000000000000e+00,1.059060402684563762e+01,1.550000000000000000e+02,1.350000000000000000e+02,1.660000000000000000e+02,3.500000000000000000e+01,7.200000000000000000e+01
1.000000000000000000e+00,1.052348993288590684e+01,8.000000000000000000e+01,8.000000000000000000e+00,5.600000000000000000e+01,5.000000000000000000e+00,1.500000000000000000e+01
1.000000000000000000e+00,1.052348993288590684e+01,2.000000000000000000e+02,2.010000000000000000e+02,1.950000000000000000e+02,1.240000000000000000e+02,1.200000000000000000e+02
1.000000000000000000e+00,1.052348993288590684e+01,1.550000000000000000e+02,1.350000000000000000e+02,1.660000000000000000e+02,3.500000000000000000e+01,7.200000000000000000e+01
1.000000000000000000e+00,1.045637583892617428e+01,8.000000000000000000e+01,8.000000000000000000e+00,5.600000000000000000e+01,5.000000000000000000e+00,1.500000000000000000e+01
1.000000000000000000e+00,1.045637583892617428e+01,2.000000000000000000e+02,2.010000000000000000e+02,1.950000000000000000e+02,1.240000000000000000e+02,1.200000000000000000e+02
1.000000000000000000e+00,1.045637583892617428e+01,1.550000000000000000e+02,1.350000000000000000e+02,1.660000000000000000e+02,3.500000000000000000e+01,7.200000000000000000e+01
1.000000000000000000e+00,1.038926174496644350e+01,8.000000000000000000e+01,8.000000000000000000e+00,5.600000000000000000e+01,5.000000000000000000e+00,1.500000000000000000e+01
1.000000000000000000e+00,1.038926174496644350e+01,2.000000000000000000e+02,2.010000000000000000e+02,1.950000000000000000e+02,1.240000000000000000e+02,1.200000000000000000e+02
1.000000000000000000e+00,1.038926174496644350e+01,1.550000000000000000e+02,1.350000000000000000e+02,1.660000000000000000e+02,3.500000000000000000e+01,7.200000000000000000e+01
1.000000000000000000e+00,1.032214765100671094e+01,8.000000000000000000e+01,8.000000000000000000e+00,5.600000000000000000e+01,5.000000000000000000e+00,1.500000000000000000e+01
1.000000000000000000e+00,1.032214765100671094e+01,2.000000000000000000e+02,2.010000000000000000e+02,1.950000000000000000e+02,1.240000000000000000e+02,1.200000000000000000e+02
1.000000000000000000e+00,1.032214765100671094e+01,1.550000000000000000e+02,1.350000000000000000e+02,1.660000000000000000e+02,3.500000000000000000e+01,7.200000000000000000e+01
1.000000000000000000e+00,1.025503355704698016e+01,8.000000000000000000e+01,8.000000000000000000e+00,5.600000000000000000e+01,5.000000000000000000e+00,1.500000000000000000e+01
1.000000000000000000e+00,1.025503355704698016e+01,2.000000000000000000e+02,2.010000000000000000e+02,1.950000000000000000e+02,1.240000000000000000e+02,1.200000000000000000e+02
1.000000000000000000e+00,1.025503355704698016e+01,1.550000000000000000e+02,1.350000000000000000e+02,1.660000000000000000e+02,3.500000000000000000e+01,7.200000000000000000e+01
1.000000000000000000e+00,1.018791946308724761e+01,8.000000000000000000e+01,8.000000000000000000e+00,5.600000000000000000e+01,5.000000000000000000e+00,1.500000000000000000e+01
1.000000000000000000e+00,1.018791946308724761e+01,2.000000000000000000e+02,2.010000000000000000e+02,1.950000000000000000e+02,1.240000000000000000e+02,1.200000000000000000e+02
1.000000000000000000e+00,1.018791946308724761e+01,1.550000000000000000e+02,1.350000000000000000e+02,1.660000000000000000e+02,3.500000000000000000e+01,7.200000000000000000e+01
1.000000000000000000e+00,1.012080536912751683e+01,8.000000000000000000e+01,8.000000000000000000e+00,5.600000000000000000e+01,5.000000000000000000e+00,1.500000000000000000e+01
1.000000000000000000e+00,1.012080536912751683e+01,2.000000000000000000e+02,2.010000000000000000e+02,1.950000000000000000e+02,1.240000000000000000e+02,1.200000000000000000e+02
1.000000000000000000e+00,1.012080536912751683e+01,1.550000000000000000e+02,1.350000000000000000e+02,1.660000000000000000e+02,3.500000000000000000e+01,7.200000000000000000e+01
1.000000000000000000e+00,1.005369127516778605e+01,8.000000000000000000e+01,8.000000000000000000e+00,5.600000000000000000e+01,5.000000000000000000e+00,1.500000000000000000e+01
1.000000000000000000e+00,1.005369127516778605e+01,2.000000000000000000e+02,2.010000000000000000e+02,1.950000000000000000e+02,1.240000000000000000e+02,1.200000000000000000e+02
1.000000000000000000e+00,1.005369127516778605e+01,1.550000000000000000e+02,1.350000000000000000e+02,1.660000000000000000e+02,3.500000000000000000e+01,7.200000000000000000e+01
1.000000000000000000e+00,9.986577181208053489e+00,8.000000000000000000e+01,8.000000000000000000e+00,5.600000000000000000e+01,5.000000000000000000e+00,1.500000000000000000e+01
1.000000000000000000e+00,9.986577181208053489e+00,2.000000000000000000e+02,2.010000000000000000e+02,1.950000000000000000e+02,1.240000000000000000e+02,1.200000000000000000e+02
1.000000000000000000e+00,9.986577181208053489e+00,1.550000000000000000e+02,1.350000000000000000e+02,1.660000000000000000e+02,3.500000000000000000e+01,7.200000000000000000e+01
1.000000000000000000e+00,9.919463087248320932e+00,8.000000000000000000e+01,8.000000000000000000e+00,5.600000000000000000e+01,5.000000000000000000e+00,1.500000000000000000e+01
1.000000000000000000e+00,9.919463087248320932e+00,2.000000000000000000e+02,2.010000000000000000e+02,1.950000000000000000e+02,1.240000000000000000e+02,1.200000000000000000e+02
1.000000000000000000e+00,9.919463087248320932e+00,1.550000000000000000e+02,1.350000000000000000e+02,1.660000000000000000e+02,3.500000000000000000e+01,7.200000000000000000e+01
1.000000000000000000e+00,9.852348993288590151e+00,8.000000000000000000e+01,8.000000000000000000e+00,5.600000000000000000e+01,5.000000000000000000e+00,1.500000000000000000e+01
1.000000000000000000e+00,9.852348993288590151e+00,2.000000000000000000e+02,2.010000000000000000e+02,1.950000000000000000e+02,1.240000000000000000e+02,1.200000000000000000e+02
1.000000000000000000e+00,9.852348993288590151e+00,1.550000000000000000e+02,1.350000000000000000e+02,1.660000000000000000e+02,3.500000000000000000e+01,7.200000000000000000e+01
1.000000000000000000e+00,9.785234899328859370e+00,8.000000000000000000e+01,8.000000000000000000e+00,5.600000000000000000e+01,5.000000000000000000e+00,1.500000000000000000e+01
1.000000000000000000e+00,9.785234899328859370e+00,2.000000000000000000e+02,2.010000000000000000e+02,1.950000000000000000e+02,1.240000000000000000e+02,1.200000000000000000e+02
1.000000000000000000e+00,9.785234899328859370e+00,1.550000000000000000e+02,1.350000000000000000e+02,1.660000000000000000e+02,3.500000000000000000e+01,7.200000000000000000e+01
1.000000000000000000e+00,9.718120805369128590e+00,8.000000000000000000e+01,8.000000000000000000e+00,5.600000000000000000e+01,5.000000000000000000e+00,1.500000000000000000e+01
1.000000000000000000e+00,9.718120805369128590e+00,2.000000000000000000e+02,2.010000000000000000e+02,1.950000000000000000e+02,1.240000000000000000e+02,1.200000000000000000e+02
1.000000000000000000e+00,9.718120805369128590e+00,1.550000000000000000e+02,1.350000000000000000e+02,1.660000000000000000e+02,3.500000000000000000e+01,7.200000000000000000e+01
1.000000000000000000e+00,9.651006711409396033e+00,8.000000000000000000e+01,8.000000000000000000e+00,5.600000000000000000e+01,5.000000000000000000e+00,1.500000000000000000e+01
1.000000000000000000e+00,9.651006711409396033e+00,2.000000000000000000e+02,2.010000000000000000e+02,1.950000000000000000e+02,1.240000000000000000e+02,1.200000000000000000e+02
1.000000000000000000e+00,9.651006711409396033e+00,1.550000000000000000e+02,1.350000000000000000e+02,1.660000000000000000e+02,3.500000000000000000e+01,7.200000000000000000e+01
1.000000000000000000e+00,9.583892617449663476e+00,8.000000000000000000e+01,8.000000000000000000e+00,5.600000000000000000e+01,5.000000000000000000e+00,1.500000000000000000e+01
1.000000000000000000e+00,9.583892617449663476e+00,2.000000000000000000e+02,2.010000000000000000e+02,1.950000000000000000e+02,1.240000000000000000e+02,1.200000000000000000e+02
1.000000000000000000e+00,9.583892617449663476e+00,1.550000000000000000e+02,1.350000000000000000e+02,1.660000000000000000e+02,3.500000000000000000e+01,7.200000000000000000e+01
1.000000000000000000e+00,9.516778523489932695e+00,8.000000000000000000e+01,8.000000000000000000e+00,5.600000000000000000e+01,5.000000000000000000e+00,1.500000000000000000e+01
1.000000000000000000e+00,9.516778523489932695e+00,2.000000000000000000e+02,2.010000000000000000e+02,1.950000000000000000e+02,1.240000000000000000e+02,1.200000000000000000e+02
1.000000000000000000e+00,9.516778523489932695e+00,1.550000000000000000e+02,1.350000000000000000e+02,1.660000000000000000e+02,3.500000000000000000e+01,7.200000000000000000e+01
1.000000000000000000e+00,9.449664429530201915e+00,8.000000000000000000e+01,8.000000000000000000e+00,5.600000000000000000e+01,5.000000000000000000e+00,1.500000000000000000e+01
1.000000000000000000e+00,9.449664429530201915e+00,2.000000000000000000e+02,2.010000000000000000e+02,1.950000000000000000e+02,1.240000000000000000e+02,1.200000000000000000e+02
1.000000000000000000e+00,9.449664429530201915e+00,1.550000000000000000e+02,1.350000000000000000e+02,1.660000000000000000e+02,3.500000000000000000e+01,7.200000000000000000e+01
1.000000000000000000e+00,9.382550335570471134e+00,8.000000000000000000e+01,8.000000000000000000e+00,5.600000000000000000e+01,5.000000000000000000e+00,1.500000000000000000e+01
1.000000000000000000e+00,9.382550335570471134e+00,2.000000000000000000e+02,2.010000000000000000e+02,1.950000000000000000e+02,1.240000000000000000e+02,1.200000000000000000e+02
1.000000000000000000e+00,9.382550335570471134e+00,1.550000000000000000e+02,1.350000000000000000e+02,1.660000000000000000e+02,3.500000000000000000e+01,7.200000000000000000e+01
1.000000000000000000e+00,9.315436241610738577e+00,8.000000000000000000e+01,8.000000000000000000e+00,5.600000000000000000e+01,5.000000000000000000e+00,1.500000000000000000e+01
1.000000000000000000e+00,9.315436241610738577e+00,2.000000000000000000e+02,2.010000000000000000e+02,1.950000000000000000e+02,1.240000000000000000e+02,1.200000000000000000e+02
1.000000000000000000e+00,9.315436241610738577e+00,1.550000000000000000e+02,1.350000000000000000e+02,1.660000000000000000e+02,3.500000000000000000e+01,7.200000000000000000e+01
1.000000000000000000e+00,9.248322147651006020e+00,8.000000000000000000e+01,8.000000000000000000e+00,5.600000000000000000e+01,5.000000000000000000e+00,1.500000000000000000e+01
1.000000000000000000e+00,9.248322147651006020e+00,2.000000000000000000e+02,2.010000000000000000e+02,1.950000000000000000e+02,1.240000000000000000e+02,1.200000000000000000e+02
1.000000000000000000e+00,9.248322147651006020e+00,1.550000000000000000e+02,1.350000000000000000e+02,1.660000000000000000e+02,3.500000000000000000e+01,7.200000000000000000e+01
1.000000000000000000e+00,9.181208053691275239e+00,8.000000000000000000e+01,8.000000000000000000e+00,5.600000000000000000e+01,5.000000000000000000e+00,1.500000000000000000e+01
1.000000000000000000e+00,9.181208053691275239e+00,2.000000000000000000e+02,2.010000000000000000e+02,1.950000000000000000e+02,1.240000000000000000e+02,1.200000000000000000e+02
1.000000000000000000e+00,9.181208053691275239e+00,1.550000000000000000e+02,1.350000000000000000e+02,1.660000000000000000e+02,3.500000000000000000e+01,7.200000000000000000e+01
1.000000000000000000e+00,9.114093959731544459e+00,8.000000000000000000e+01,8.000000000000000000e+00,5.600000000000000000e+01,5.000000000000000000e+00,1.500000000000000000e+01
1.000000000000000000e+00,9.114093959731544459e+00,2.000000000000000000e+02,2.010000000000000000e+02,1.950000000000000000e+02,1.240000000000000000e+02,1.200000000000000000e+02
1.000000000000000000e+00,9.114093959731544459e+00,1.550000000000000000e+02,1.350000000000000000e+02,1.660000000000000000e+02,3.500000000000000000e+01,7.200000000000000000e+01
1.000000000000000000e+00,9.046979865771811902e+00,8.000000000000000000e+01,8.000000000000000000e+00,5.600000000000000000e+01,5.000000000000000000e+00,1.500000000000000000e+01
1.000000000000000000e+00,9.046979865771811902e+00,2.000000000000000000e+02,2.010000000000000000e+02,1.950000000000000000e+02,1.240000000000000000e+02,1.200000000000000000e+02
1.000000000000000000e+00,9.046979865771811902e+00,1.550000000000000000e+02,1.350000000000000000e+02,1.660000000000000000e+02,3.500000000000000000e+01,7.200000000000000000e+01
1.000000000000000000e+00,8.979865771812079345e+00,8.000000000000000000e+01,8.000000000000000000e+00,5.600000000000000000e+01,5.000000000000000000e+00,1.500000000000000000e+01
1.000000000000000000e+00,8.979865771812079345e+00,2.000000000000000000e+02,2.010000000000000000e+02,1.950000000000000000e+02,1.240000000000000000e+02,1.200000000000000000e+02
1.000000000000000000e+00,8.979865771812079345e+00,1.550000000000000000e+02,1.350000000000000000e+02,1.660000000000000000e+02,3.500000000000000000e+01,7.200000000000000000e+01
1.000000000000000000e+00,8.912751677852348564e+00,8.000000000000000000e+01,8.000000000000000000e+00,5.600000000000000000e+01,5.000000000000000000e+00,1.500000000000000000e+01
1.000000000000000000e+00,8.912751677852348564e+00,2.000000000000000000e+02,2.010000000000000000e+02,1.950000000000000000e+02,1.240000000000000000e+02,1.200000000000000000e+02
1.000000000000000000e+00,8.912751677852348564e+00,1.550000000000000000e+02,1.350000000000000000e+02,1.660000000000000000e+02,3.500000000000000000e+01,7.200000000000000000e+01
1.000000000000000000e+00,8.845637583892617783e+00,8.000000000000000000e+01,8.000000000000000000e+00,5.600000000000000000e+01,5.000000000000000000e+00,1.500000000000000000e+01
1.000000000000000000e+00,8.845637583892617783e+00,2.000000000000000000e+02,2.010000000000000000e+02,1.950000000000000000e+02,1.240000000000000000e+02,1.200000000000000000e+02
1.000000000000000000e+00,8.845637583892617783e+00,1.550000000000000000e+02,1.350000000000000000e+02,1.660000000000000000e+02,3.500000000000000000e+01,7.200000000000000000e+01
1.000000000000000000e+00,8.778523489932887003e+00,8.000000000000000000e+01,8.000000000000000000e+00,5.600000000000000000e+01,5.000000000000000000e+00,1.500000000000000000e+01
1.000000000000000000e+00,8.778523489932887003e+00,2.000000000000000000e+02,2.010000000000000000e+02,1.950000000000000000e+02,1.240000000000000000e+02,1.200000000000000000e+02
1.000000000000000000e+00,8.778523489932887003e+00,1.550000000000000000e+02,1.350000000000000000e+02,1.660000000000000000e+02,3.500000000000000000e+01,7.200000000000000000e+01
1.000000000000000000e+00,8.711409395973154446e+00,8.000000000000000000e+01,8.000000000000000000e+00,5.600000000000000000e+01,5.000000000000000000e+00,1.500000000000000000e+01
1.000000000000000000e+00,8.711409395973154446e+00,2.000000000000000000e+02,2.010000000000000000e+02,1.950000000000000000e+02,1.240000000000000000e+02,1.200000000000000000e+02
1.000000000000000000e+00,8.711409395973154446e+00,1.550000000000000000e+02,1.350000000000000000e+02,1.660000000000000000e+02,3.500000000000000000e+01,7.200000000000000000e+01
1.000000000000000000e+00,8.644295302013421889e+00,8.000000000000000000e+01,8.000000000000000000e+00,5.600000000000000000e+01,5.000000000000000000e+00,1.500000000000000000e+01
1.000000000000000000e+00,8.644295302013421889e+00,2.000000000000000000e+02,2.010000000000000000e+02,1.950000000000000000e+02,1.240000000000000000e+02,1.200000000000000000e+02
1.000000000000000000e+00,8.644295302013421889e+00,1.550000000000000000e+02,1.350000000000000000e+02,1.660000000000000000e+02,3.500000000000000000e+01,7.200000000000000000e+01
1.000000000000000000e+00,8.577181208053691108e+00,8.000000000000000000e+01,8.000000000000000000e+00,5.600000000000000000e+01,5.000000000000000000e+00,1.500000000000000000e+01
1.000000000000000000e+00,8.577181208053691108e+00,2.000000000000000000e+02,2.010000000000000000e+02,1.950000000000000000e+02,1.240000000000000000e+02,1.200000000000000000e+02
1.000000000000000000e+00,8.577181208053691108e+00,1.550000000000000000e+02,1.350000000000000000e+02,1.660000000000000000e+02,3.500000000000000000e+01,7.200000000000000000e+01
1.000000000000000000e+00,8.510067114093960328e+00,8.000000000000000000e+01,8.000000000000000000e+00,5.600000000000000000e+01,5.000000000000000000e+00,1.500000000000000000e+01
1.000000000000000000e+00,8.510067114093960328e+00,2.000000000000000000e+02,2.010000000000000000e+02,1.950000000000000000e+02,1.240000000000000000e+02,1.200000000000000000e+02
1.000000000000000000e+00,8.510067114093960328e+00,1.550000000000000000e+02,1.350000000000000000e+02,1.660000000000000000e+02,3.500000000000000000e+01,7.200000000000000000e+01
1.000000000000000000e+00,8.442953020134227771e+00,8.000000000000000000e+01,8.000000000000000000e+00,5.600000000000000000e+01,5.000000000000000000e+00,1.500000000000000000e+01
1.000000000000000000e+00,8.442953020134227771e+00,2.000000000000000000e+02,2.010000000000000000e+02,1.950000000000000000e+02,1.240000000000000000e+02,1.200000000000000000e+02
1.000000000000000000e+00,8.442953020134227771e+00,1.550000000000000000e+02,1.350000000000000000e+02,1.660000000000000000e+02,3.500000000000000000e+01,7.200000000000000000e+01
1.000000000000000000e+00,8.375838926174496990e+00,8.000000000000000000e+01,8.000000000000000000e+00,5.600000000000000000e+01,5.000000000000000000e+00,1.500000000000000000e+01
1.000000000000000000e+00,8.375838926174496990e+00,2.000000000000000000e+02,2.010000000000000000e+02,1.950000000000000000e+02,1.240000000000000000e+02,1.200000000000000000e+02
1.000000000000000000e+00,8.375838926174496990e+00,1.550000000000000000e+02,1.350000000000000000e+02,1.660000000000000000e+02,3.500000000000000000e+01,7.200000000000000000e+01
1.000000000000000000e+00,8.308724832214764433e+00,8.000000000000000000e+01,8.000000000000000000e+00,5.600000000000000000e+01,5.000000000000000000e+00,1.500000000000000000e+01
1.000000000000000000e+00,8.308724832214764433e+00,2.000000000000000000e+02,2.010000000000000000e+02,1.950000000000000000e+02,1.240000000000000000e+02,1.200000000000000000e+02
1.000000000000000000e+00,8.308724832214764433e+00,1.550000000000000000e+02,1.350000000000000000e+02,1.660000000000000000e+02,3.500000000000000000e+01,7.200000000000000000e+01
1.000000000000000000e+00,8.241610738255033652e+00,8.000000000000000000e+01,8.000000000000000000e+00,5.600000000000000000e+01,5.000000000000000000e+00,1.500000000000000000e+01
1.000000000000000000e+00,8.241610738255033652e+00,2.000000000000000000e+02,2.010000000000000000e+02,1.950000000000000000e+02,1.240000000000000000e+02,1.200000000000000000e+02
1.000000000000000000e+00,8.241610738255033652e+00,1.550000000000000000e+02,1.350000000000000000e+02,1.660000000000000000e+02,3.500000000000000000e+01,7.200000000000000000e+01
1.000000000000000000e+00,8.174496644295302872e+00,8.000000000000000000e+01,8.000000000000000000e+00,5.600000000000000000e+01,5.000000000000000000e+00,1.500000000000000000e+01
1.000000000000000000e+00,8.174496644295302872e+00,2.000000000000000000e+02,2.010000000000000000e+02,1.950000000000000000e+02,1.240000000000000000e+02,1.200000000000000000e+02
1.000000000000000000e+00,8.174496644295302872e+00,1.550000000000000000e+02,1.350000000000000000e+02,1.660000000000000000e+02,3.500000000000000000e+01,7.200000000000000000e+01
1.000000000000000000e+00,8.107382550335570315e+00,8.000000000000000000e+01,8.000000000000000000e+00,5.600000000000000000e+01,5.000000000000000000e+00,1.500000000000000000e+01
1.000000000000000000e+00,8.107382550335570315e+00,2.000000000000000000e+02,2.010000000000000000e+02,1.950000000000000000e+02,1.240000000000000000e+02,1.200000000000000000e+02
1.000000000000000000e+00,8.107382550335570315e+00,1.550000000000000000e+02,1.350000000000000000e+02,1.660000000000000000e+02,3.500000000000000000e+01,7.200000000000000000e+01
1.000000000000000000e+00,8.040268456375837758e+00,8.000000000000000000e+01,8.000000000000000000e+00,5.600000000000000000e+01,5.000000000000000000e+00,1.500000000000000000e+01
1.000000000000000000e+00,8.040268456375837758e+00,2.000000000000000000e+02,2.010000000000000000e+02,1.950000000000000000e+02,1.240000000000000000e+02,1.200000000000000000e+02
1.000000000000000000e+00,8.040268456375837758e+00,1.550000000000000000e+02,1.350000000000000000e+02,1.660000000000000000e+02,3.500000000000000000e+01,7.200000000000000000e+01
1.000000000000000000e+00,7.973154362416106977e+00,8.000000000000000000e+01,8.000000000000000000e+00,5.600000000000000000e+01,5.000000000000000000e+00,1.500000000000000000e+01
1.000000000000000000e+00,7.973154362416106977e+00,2.000000000000000000e+02,2.010000000000000000e+02,1.950000000000000000e+02,1.240000000000000000e+02,1.200000000000000000e+02
1.000000000000000000e+00,7.973154362416106977e+00,1.550000000000000000e+02,1.350000000000000000e+02,1.660000000000000000e+02,3.500000000000000000e+01,7.200000000000000000e+01
1.000000000000000000e+00,7.906040268456376197e+00,8.000000000000000000e+01,8.000000000000000000e+00,5.600000000000000000e+01,5.000000000000000000e+00,1.500000000000000000e+01
1.000000000000000000e+00,7.906040268456376197e+00,2.000000000000000000e+02,2.010000000000000000e+02,1.950000000000000000e+02,1.240000000000000000e+02,1.200000000000000000e+02
1.000000000000000000e+00,7.906040268456376197e+00,1.550000000000000000e+02,1.350000000000000000e+02,1.660000000000000000e+02,3.500000000000000000e+01,7.200000000000000000e+01
1.000000000000000000e+00,7.838926174496644528e+00,8.000000000000000000e+01,8.000000000000000000e+00,5.600000000000000000e+01,5.000000000000000000e+00,1.500000000000000000e+01
1.000000000000000000e+00,7.838926174496644528e+00,2.000000000000000000e+02,2.010000000000000000e+02,1.950000000000000000e+02,1.240000000000000000e+02,1.200000000000000000e+02
1.000000000000000000e+00,7.838926174496644528e+00,1.550000000000000000e+02,1.350000000000000000e+02,1.660000000000000000e+02,3.500000000000000000e+01,7.200000000000000000e+01
1.000000000000000000e+00,7.771812080536912859e+00,8.000000000000000000e+01,8.000000000000000000e+00,5.600000000000000000e+01,5.000000000000000000e+00,1.500000000000000000e+01
1.000000000000000000e+00,7.771812080536912859e+00,2.000000000000000000e+02,2.010000000000000000e+02,1.950000000000000000e+02,1.240000000000000000e+02,1.200000000000000000e+02
1.000000000000000000e+00,7.771812080536912859e+00,1.550000000000000000e+02,1.350000000000000000e+02,1.660000000000000000e+02,3.500000000000000000e+01,7.200000000000000000e+01
1.000000000000000000e+00,7.704697986577181190e+00,8.000000000000000000e+01,8.000000000000000000e+00,5.600000000000000000e+01,5.000000000000000000e+00,1.500000000000000000e+01
1.000000000000000000e+00,7.704697986577181190e+00,2.000000000000000000e+02,2.010000000000000000e+02,1.950000000000000000e+02,1.240000000000000000e+02,1.200000000000000000e+02
1.000000000000000000e+00,7.704697986577181190e+00,1.550000000000000000e+02,1.350000000000000000e+02,1.660000000000000000e+02,3.500000000000000000e+01,7.200000000000000000e+01
1.000000000000000000e+00,7.637583892617449521e+00,8.000000000000000000e+01,8.000000000000000000e+00,5.600000000000000000e+01,5.000000000000000000e+00,1.500000000000000000e+01
1.000000000000000000e+00,7.637583892617449521e+00,2.000000000000000000e+02,2.010000000000000000e+02,1.950000000000000000e+02,1.240000000000000000e+02,1.200000000000000000e+02
1.000000000000000000e+00,7.637583892617449521e+00,1.550000000000000000e+02,1.350000000000000000e+02,1.660000000000000000e+02,3.500000000000000000e+01,7.200000000000000000e+01
1.000000000000000000e+00,7.570469798657717853e+00,8.000000000000000000e+01,8.000000000000000000e+00,5.600000000000000000e+01,5.000000000000000000e+00,1.500000000000000000e+01
1.000000000000000000e+00,7.570469798657717853e+00,2.000000000000000000e+02,2.010000000000000000e+02,1.950000000000000000e+02,1.240000000000000000e+02,1.200000000000000000e+02
1.000000000000000000e+00,7.570469798657717853e+00,1.550000000000000000e+02,1.350000000000000000e+02,1.660000000000000000e+02,3.500000000000000000e+01,7.200000000000000000e+01
1.000000000000000000e+00,7.503355704697986184e+00,8.000000000000000000e+01,8.000000000000000000e+00,5.600000000000000000e+01,5.000000000000000000e+00,1.500000000000000000e+01
1.000000000000000000e+00,7.503355704697986184e+00,2.000000000000000000e+02,2.010000000000000000e+02,1.950000000000000000e+02,1.240000000000000000e+02,1.200000000000000000e+02
1.000000000000000000e+00,7.503355704697986184e+00,1.550000000000000000e+02,1.350000000000000000e+02,1.660000000000000000e+02,3.500000000000000000e+01,7.200000000000000000e+01
1.000000000000000000e+00,7.436241610738255403e+00,8.000000000000000000e+01,8.000000000000000000e+00,5.600000000000000000e+01,5.000000000000000000e+00,1.500000000000000000e+01
1.000000000000000000e+00,7.436241610738255403e+00,2.000000000000000000e+02,2.010000000000000000e+02,1.950000000000000000e+02,1.240000000000000000e+02,1.200000000000000000e+02
1.000000000000000000e+00,7.436241610738255403e+00,1.550000000000000000e+02,1.350000000000000000e+02,1.660000000000000000e+02,3.500000000000000000e+01,7.200000000000000000e+01
1.000000000000000000e+00,7.369127516778523734e+00,8.000000000000000000e+01,8.000000000000000000e+00,5.600000000000000000e+01,5.000000000000000000e+00,1.500000000000000000e+01
1.000000000000000000e+00,7.369127516778523734e+00,2.000000000000000000e+02,2.010000000000000000e+02,1.950000000000000000e+02,1.240000000000000000e+02,1.200000000000000000e+02
1.000000000000000000e+00,7.369127516778523734e+00,1.550000000000000000e+02,1.350000000000000000e+02,1.660000000000000000e+02,3.500000000000000000e+01,7.200000000000000000e+01
1.000000000000000000e+00,7.302013422818792066e+00,8.000000000000000000e+01,8.000000000000000000e+00,5.600000000000000000e+01,5.000000000000000000e+00,1.500000000000000000e+01
1.000000000000000000e+00,7.302013422818792066e+00,2.000000000000000000e+02,2.010000000000000000e+02,1.950000000000000000e+02,1.240000000000000000e+02,1.200000000000000000e+02
1.000000000000000000e+00,7.302013422818792066e+00,1.550000000000000000e+02,1.350000000000000000e+02,1.660000000000000000e+02,3.500000000000000000e+01,7.200000000000000000e+01
1.000000000000000000e+00,7.234899328859060397e+00,8.000000000000000000e+01,8.000000000000000000e+00,5.600000000000000000e+01,5.000000000000000000e+00,1.500000000000000000e+01
1.000000000000000000e+00,7.234899328859060397e+00,2.000000000000000000e+02,2.010000000000000000e+02,1.950000000000000000e+02,1.240000000000000000e+02,1.200000000000000000e+02
1.000000000000000000e+00,7.234899328859060397e+00,1.550000000000000000e+02,1.350000000000000000e+02,1.660000000000000000e+02,3.500000000000000000e+01,7.200000000000000000e+01
1.000000000000000000e+00,7.167785234899328728e+00,8.000000000000000000e+01,8.000000000000000000e+00,5.600000000000000000e+01,5.000000000000000000e+00,1.500000000000000000e+01
1.000000000000000000e+00,7.167785234899328728e+00,2.000000000000000000e+02,2.010000000000000000e+02,1.950000000000000000e+02,1.240000000000000000e+02,1.200000000000000000e+02
1.000000000000000000e+00,7.167785234899328728e+00,1.550000000000000000e+02,1.350000000000000000e+02,1.660000000000000000e+02,3.500000000000000000e+01,7.200000000000000000e+01
1.000000000000000000e+00,7.100671140939597059e+00,8.000000000000000000e+01,8.000000000000000000e+00,5.600000000000000000e+01,5.000000000000000000e+00,1.500000000000000000e+01
1.000000000000000000e+00,7.100671140939597059e+00,2.000000000000000000e+02,2.010000000000000000e+02,1.950000000000000000e+02,1.240000000000000000e+02,1.200000000000000000e+02
1.000000000000000000e+00,7.100671140939597059e+00,1.550000000000000000e+02,1.350000000000000000e+02,1.660000000000000000e+02,3.500000000000000000e+01,7.200000000000000000e+01
1.000000000000000000e+00,7.033557046979865390e+00,8.000000000000000000e+01,8.000000000000000000e+00,5.600000000000000000e+01,5.000000000000000000e+00,1.500000000000000000e+01
1.000000000000000000e+00,7.033557046979865390e+00,2.000000000000000000e+02,2.010000000000000000e+02,1.950000000000000000e+02,1.240000000000000000e+02,1.200000000000000000e+02
1.000000000000000000e+00,7.033557046979865390e+00,1.550000000000000000e+02,1.350000000000000000e+02,1.660000000000000000e+02,3.500000000000000000e+01,7.200000000000000000e+01
1.000000000000000000e+00,6.966442953020134610e+00,8.000000000000000000e+01,8.000000000000000000e+00,5.600000000000000000e+01,5.000000000000000000e+00,1.500000000000000000e+01
1.000000000000000000e+00,6.966442953020134610e+00,2.000000000000000000e+02,2.010000000000000000e+02,1.950000000000000000e+02,1.240000000000000000e+02,1.200000000000000000e+02
1.000000000000000000e+00,6.966442953020134610e+00,1.550000000000000000e+02,1.350000000000000000e+02,1.660000000000000000e+02,3.500000000000000000e+01,7.200000000000000000e+01
1.000000000000000000e+00,6.899328859060402941e+00,8.000000000000000000e+01,8.000000000000000000e+00,5.600000000000000000e+01,5.000000000000000000e+00,1.500000000000000000e+01
1.000000000000000000e+00,6.899328859060402941e+00,2.000000000000000000e+02,2.010000000000000000e+02,1.950000000000000000e+02,1.240000000000000000e+02,1.200000000000000000e+02
1.000000000000000000e+00,6.899328859060402941e+00,1.550000000000000000e+02,1.350000000000000000e+02,1.660000000000000000e+02,3.500000000000000000e+01,7.200000000000000000e+01
1.000000000000000000e+00,6.832214765100671272e+00,8.000000000000000000e+01,8.000000000000000000e+00,5.600000000000000000e+01,5.000000000000000000e+00,1.500000000000000000e+01
1.000000000000000000e+00,6.832214765100671272e+00,2.000000000000000000e+02,2.010000000000000000e+02,1.950000000000000000e+02,1.240000000000000000e+02,1.200000000000000000e+02
1.000000000000000000e+00,6.832214765100671272e+00,1.550000000000000000e+02,1.350000000000000000e+02,1.660000000000000000e+02,3.500000000000000000e+01,7.200000000000000000e+01
1.000000000000000000e+00,6.765100671140939603e+00,8.000000000000000000e+01,8.000000000000000000e+00,5.600000000000000000e+01,5.000000000000000000e+00,1.500000000000000000e+01
1.000000000000000000e+00,6.765100671140939603e+00,2.000000000000000000e+02,2.010000000000000000e+02,1.950000000000000000e+02,1.240000000000000000e+02,1.200000000000000000e+02
1.000000000000000000e+00,6.765100671140939603e+00,1.550000000000000000e+02,1.350000000000000000e+02,1.660000000000000000e+02,3.500000000000000000e+01,7.200000000000000000e+01
1.000000000000000000e+00,6.697986577181207934e+00,8.000000000000000000e+01,8.000000000000000000e+00,5.600000000000000000e+01,5.000000000000000000e+00,1.500000000000000000e+01
1.000000000000000000e+00,6.697986577181207934e+00,2.000000000000000000e+02,2.010000000000000000e+02,1.950000000000000000e+02,1.240000000000000000e+02,1.200000000000000000e+02
1.000000000000000000e+00,6.697986577181207934e+00,1.550000000000000000e+02,1.350000000000000000e+02,1.660000000000000000e+02,3.500000000000000000e+01,7.200000000000000000e+01
1.000000000000000000e+00,6.630872483221476266e+00,8.000000000000000000e+01,8.000000000000000000e+00,5.600000000000000000e+01,5.000000000000000000e+00,1.500000000000000000e+01
1.000000000000000000e+00,6.630872483221476266e+00,2.000000000000000000e+02,2.010000000000000000e+02,1.950000000000000000e+02,1.240000000000000000e+02,1.200000000000000000e+02
1.000000000000000000e+00,6.630872483221476266e+00,1.550000000000000000e+02,1.350000000000000000e+02,1.660000000000000000e+02,3.500000000000000000e+01,7.200000000000000000e+01
1.000000000000000000e+00,6.563758389261744597e+00,8.000000000000000000e+01,8.000000000000000000e+00,5.600000000000000000e+01,5.000000000000000000e+00,1.500000000000000000e+01
1.000000000000000000e+00,6.563758389261744597e+00,2.000000000000000000e+02,2.010000000000000000e+02,1.950000000000000000e+02,1.240000000000000000e+02,1.200000000000000000e+02
1.000000000000000000e+00,6.563758389261744597e+00,1.550000000000000000e+02,1.350000000000000000e+02,1.660000000000000000e+02,3.500000000000000000e+01,7.200000000000000000e+01
1.000000000000000000e+00,6.496644295302013816e+00,8.000000000000000000e+01,8.000000000000000000e+00,5.600000000000000000e+01,5.000000000000000000e+00,1.500000000000000000e+01
1.000000000000000000e+00,6.496644295302013816e+00,2.000000000000000000e+02,2.010000000000000000e+02,1.950000000000000000e+02,1.240000000000000000e+02,1.200000000000000000e+02
1.000000000000000000e+00,6.496644295302013816e+00,1.550000000000000000e+02,1.350000000000000000e+02,1.660000000000000000e+02,3.500000000000000000e+01,7.200000000000000000e+01
1.000000000000000000e+00,6.429530201342282147e+00,8.000000000000000000e+01,8.000000000000000000e+00,5.600000000000000000e+01,5.000000000000000000e+00,1.500000000000000000e+01
1.000000000000000000e+00,6.429530201342282147e+00,2.000000000000000000e+02,2.010000000000000000e+02,1.950000000000000000e+02,1.240000000000000000e+02,1.200000000000000000e+02
1.000000000000000000e+00,6.429530201342282147e+00,1.550000000000000000e+02,1.350000000000000000e+02,1.660000000000000000e+02,3.500000000000000000e+01,7.200000000000000000e+01
1.000000000000000000e+00,6.362416107382550479e+00,8.000000000000000000e+01,8.000000000000000000e+00,5.600000000000000000e+01,5.000000000000000000e+00,1.500000000000000000e+01
1.000000000000000000e+00,6.362416107382550479e+00,2.000000000000000000e+02,2.010000000000000000e+02,1.950000000000000000e+02,1.240000000000000000e+02,1.200000000000000000e+02
1.000000000000000000e+00,6.362416107382550479e+00,1.550000000000000000e+02,1.350000000000000000e+02,1.660000000000000000e+02,3.500000000000000000e+01,7.200000000000000000e+01
1.000000000000000000e+00,6.295302013422818810e+00,8.000000000000000000e+01,8.000000000000000000e+00,5.600000000000000000e+01,5.000000000000000000e+00,1.500000000000000000e+01
1.000000000000000000e+00,6.295302013422818810e+00,2.000000000000000000e+02,2.010000000000000000e+02,1.950000000000000000e+02,1.240000000000000000e+02,1.200000000000000000e+02
1.000000000000000000e+00,6.295302013422818810e+00,1.550000000000000000e+02,1.350000000000000000e+02,1.660000000000000000e+02,3.500000000000000000e+01,7.200000000000000000e+01
1.000000000000000000e+00,6.228187919463087141e+00,8.000000000000000000e+01,8.000000000000000000e+00,5.600000000000000000e+01,5.000000000000000000e+00,1.500000000000000000e+01
1.000000000000000000e+00,6.228187919463087141e+00,2.000000000000000000e+02,2.010000000000000000e+02,1.950000000000000000e+02,1.240000000000000000e+02,1.200000000000000000e+02
1.000000000000000000e+00,6.228187919463087141e+00,1.550000000000000000e+02,1.350000000000000000e+02,1.660000000000000000e+02,3.500000000000000000e+01,7.200000000000000000e+01
1.000000000000000000e+00,6.161073825503355472e+00,8.000000000000000000e+01,9.000000000000000000e+00,5.800000000000000000e+01,7.000000000000000000e+00,9.000000000000000000e+00
1.000000000000000000e+00,6.161073825503355472e+00,2.000000000000000000e+02,2.080000000000000000e+02,1.930000000000000000e+02,1.300000000000000000e+02,1.230000000000000000e+02
1.000000000000000000e+00,6.161073825503355472e+00,1.550000000000000000e+02,1.440000000000000000e+02,1.740000000000000000e+02,3.900000000000000000e+01,8.300000000000000000e+01
1.000000000000000000e+00,6.093959731543623803e+00,8.000000000000000000e+01,3.000000000000000000e+00,5.300000000000000000e+01,2.000000000000000000e+00,9.000000000000000000e+00
1.000000000000000000e+00,6.093959731543623803e+00,2.000000000000000000e+02,2.110000000000000000e+02,1.880000000000000000e+02,1.280000000000000000e+02,1.210000000000000000e+02
1.000000000000000000e+00,6.093959731543623803e+00,1.550000000000000000e+02,1.480000000000000000e+02,1.700000000000000000e+02,4.300000000000000000e+01,8.100000000000000000e+01
1.000000000000000000e+00,6.026845637583893023e+00,8.000000000000000000e+01,5.000000000000000000e+00,5.700000000000000000e+01,2.000000000000000000e+00,1.500000000000000000e+01
1.000000000000000000e+00,6.026845637583893023e+00,2.000000000000000000e+02,2.150000000000000000e+02,2.010000000000000000e+02,1.240000000000000000e+02,1.250000000000000000e+02
1.000000000000000000e+00,6.026845637583893023e+00,1.550000000000000000e+02,1.490000000000000000e+02,1.780000000000000000e+02,4.700000000000000000e+01,8.200000000000000000e+01
1.000000000000000000e+00,5.959731543624160466e+00,8.000000000000000000e+01,8.000000000000000000e+00,6.500000000000000000e+01,3.000000000000000000e+00,1.600000000000000000e+01
1.000000000000000000e+00,5.959731543624160466e+00,2.000000000000000000e+02,2.160000000000000000e+02,2.110000000000000000e+02,1.280000000000000000e+02,1.410000000000000000e+02
1.000000000000000000e+00,5.959731543624160466e+00,1.550000000000000000e+02,1.480000000000000000e+02,1.740000000000000000e+02,4.400000000000000000e+01,9.400000000000000000e+01
1.000000000000000000e+00,5.892617449664429685e+00,8.000000000000000000e+01,6.000000000000000000e+00,5.300000000000000000e+01,5.000000000000000000e+00,1.300000000000000000e+01
1.000000000000000000e+00,5.892617449664429685e+00,2.000000000000000000e+02,2.190000000000000000e+02,2.070000000000000000e+02,1.350000000000000000e+02,1.440000000000000000e+02
1.000000000000000000e+00,5.892617449664429685e+00,1.550000000000000000e+02,1.500000000000000000e+02,1.570000000000000000e+02,4.500000000000000000e+01,8.600000000000000000e+01
1.000000000000000000e+00,5.825503355704698016e+00,8.000000000000000000e+01,4.000000000000000000e+00,6.700000000000000000e+01,3.000000000000000000e+00,1.900000000000000000e+01
1.000000000000000000e+00,5.825503355704698016e+00,2.000000000000000000e+02,2.130000000000000000e+02,1.900000000000000000e+02,1.350000000000000000e+02,1.140000000000000000e+02
1.000000000000000000e+00,5.825503355704698016e+00,1.550000000000000000e+02,1.470000000000000000e+02,1.870000000000000000e+02,4.500000000000000000e+01,9.400000000000000000e+01
1.000000000000000000e+00,5.758389261744966348e+00,8.000000000000000000e+01,7.000000000000000000e+00,6.800000000000000000e+01,3.000000000000000000e+00,1.300000000000000000e+01
1.000000000000000000e+00,5.758389261744966348e+00,2.000000000000000000e+02,2.160000000000000000e+02,1.990000000000000000e+02,1.350000000000000000e+02,1.350000000000000000e+02
1.000000000000000000e+00,5.758389261744966348e+00,1.550000000000000000e+02,1.520000000000000000e+02,1.620000000000000000e+02,5.300000000000000000e+01,8.200000000000000000e+01
1.000000000000000000e+00,5.691275167785235567e+00,8.000000000000000000e+01,4.000000000000000000e+00,6.000000000000000000e+01,1.000000000000000000e+00,1.500000000000000000e+01
1.000000000000000000e+00,5.691275167785235567e+00,2.000000000000000000e+02,2.140000000000000000e+02,2.010000000000000000e+02,1.310000000000000000e+02,1.400000000000000000e+02
1.000000000000000000e+00,5.691275167785235567e+00,1.550000000000000000e+02,1.600000000000000000e+02,1.740000000000000000e+02,5.400000000000000000e+01,9.800000000000000000e+01
1.000000000000000000e+00,5.624161073825503010e+00,8.000000000000000000e+01,9.000000000000000000e+00,7.200000000000000000e+01,6.000000000000000000e+00,2.100000000000000000e+01
1.000000000000000000e+00,5.624161073825503010e+00,2.000000000000000000e+02,2.190000000000000000e+02,2.020000000000000000e+02,1.320000000000000000e+02,1.400000000000000000e+02
1.000000000000000000e+00,5.624161073825503010e+00,1.550000000000000000e+02,1.590000000000000000e+02,1.720000000000000000e+02,5.000000000000000000e+01,9.700000000000000000e+01
1.000000000000000000e+00,5.557046979865772229e+00,8.000000000000000000e+01,7.000000000000000000e+00,7.400000000000000000e+01,4.000000000000000000e+00,2.000000000000000000e+01
1.000000000000000000e+00,5.557046979865772229e+00,2.000000000000000000e+02,2.190000000000000000e+02,2.010000000000000000e+02,1.380000000000000000e+02,1.460000000000000000e+02
1.000000000000000000e+00,5.557046979865772229e+00,1.550000000000000000e+02,1.550000000000000000e+02,1.690000000000000000e+02,5.100000000000000000e+01,8.600000000000000000e+01
1.000000000000000000e+00,5.489932885906039672e+00,8.000000000000000000e+01,7.000000000000000000e+00,6.500000000000000000e+01,5.000000000000000000e+00,1.600000000000000000e+01
1.000000000000000000e+00,5.489932885906039672e+00,2.000000000000000000e+02,2.260000000000000000e+02,2.040000000000000000e+02,1.370000000000000000e+02,1.420000000000000000e+02
1.000000000000000000e+00,5.489932885906039672e+00,1.550000000000000000e+02,1.580000000000000000e+02,1.710000000000000000e+02,5.400000000000000000e+01,9.600000000000000000e+01
1.000000000000000000e+00,5.422818791946308892e+00,8.000000000000000000e+01,8.000000000000000000e+00,5.600000000000000000e+01,4.000000000000000000e+00,1.600000000000000000e+01
1.000000000000000000e+00,5.422818791946308892e+00,2.000000000000000000e+02,2.270000000000000000e+02,1.880000000000000000e+02,1.390000000000000000e+02,1.370000000000000000e+02
1.000000000000000000e+00,5.422818791946308892e+00,1.550000000000000000e+02,1.550000000000000000e+02,1.770000000000000000e+02,5.000000000000000000e+01,1.020000000000000000e+02
1.000000000000000000e+00,5.355704697986577223e+00,8.000000000000000000e+01,1.000000000000000000e+01,6.400000000000000000e+01,5.000000000000000000e+00,1.600000000000000000e+01
1.000000000000000000e+00,5.355704697986577223e+00,2.000000000000000000e+02,2.260000000000000000e+02,2.120000000000000000e+02,1.420000000000000000e+02,1.510000000000000000e+02
1.000000000000000000e+00,5.355704697986577223e+00,1.550000000000000000e+02,1.550000000000000000e+02,1.710000000000000000e+02,5.400000000000000000e+01,1.000000000000000000e+02
1.000000000000000000e+00,5.288590604026845554e+00,8.000000000000000000e+01,1.300000000000000000e+01,7.600000000000000000e+01,7.000000000000000000e+00,1.800000000000000000e+01
1.000000000000000000e+00,5.288590604026845554e+00,2.000000000000000000e+02,2.250000000000000000e+02,2.100000000000000000e+02,1.420000000000000000e+02,1.520000000000000000e+02
1.000000000000000000e+00,5.288590604026845554e+00,1.550000000000000000e+02,1.540000000000000000e+02,1.780000000000000000e+02,4.900000000000000000e+01,1.040000000000000000e+02
1.000000000000000000e+00,5.221476510067113885e+00,8.000000000000000000e+01,1.100000000000000000e+01,7.000000000000000000e+01,6.000000000000000000e+00,2.300000000000000000e+01
1.000000000000000000e+00,5.221476510067113885e+00,2.000000000000000000e+02,2.290000000000000000e+02,2.080000000000000000e+02,1.430000000000000000e+02,1.500000000000000000e+02
1.000000000000000000e+00,5.221476510067113885e+00,1.550000000000000000e+02,1.520000000000000000e+02,1.950000000000000000e+02,4.600000000000000000e+01,1.050000000000000000e+02
1.000000000000000000e+00,5.154362416107382217e+00,8.000000000000000000e+01,8.000000000000000000e+00,6.000000000000000000e+01,5.000000000000000000e+00,1.200000000000000000e+01
1.000000000000000000e+00,5.154362416107382217e+00,2.000000000000000000e+02,2.290000000000000000e+02,2.080000000000000000e+02,1.430000000000000000e+02,1.600000000000000000e+02
1.000000000000000000e+00,5.154362416107382217e+00,1.550000000000000000e+02,1.630000000000000000e+02,1.830000000000000000e+02,4.800000000000000000e+01,1.080000000000000000e+02
1.000000000000000000e+00,5.087248322147651436e+00,8.000000000000000000e+01,9.000000000000000000e+00,7.500000000000000000e+01,6.000000000000000000e+00,1.700000000000000000e+01
1.000000000000000000e+00,5.087248322147651436e+00,2.000000000000000000e+02,2.290000000000000000e+02,2.180000000000000000e+02,1.490000000000000000e+02,1.530000000000000000e+02
1.000000000000000000e+00,5.087248322147651436e+00,1.550000000000000000e+02,1.660000000000000000e+02,1.870000000000000000e+02,4.600000000000000000e+01,1.060000000000000000e+02
1.000000000000000000e+00,5.020134228187918879e+00,8.000000000000000000e+01,1.100000000000000000e+01,8.000000000000000000e+01,6.000000000000000000e+00,1.900000000000000000e+01
1.000000000000000000e+00,5.020134228187918879e+00,2.000000000000000000e+02,2.310000000000000000e+02,2.120000000000000000e+02,1.520000000000000000e+02,1.510000000000000000e+02
1.000000000000000000e+00,5.020134228187918879e+00,1.550000000000000000e+02,1.660000000000000000e+02,1.850000000000000000e+02,5.000000000000000000e+01,1.120000000000000000e+02
1.000000000000000000e+00,4.953020134228188098e+00,8.000000000000000000e+01,1.000000000000000000e+01,7.200000000000000000e+01,6.000000000000000000e+00,2.600000000000000000e+01
1.000000000000000000e+00,4.953020134228188098e+00,2.000000000000000000e+02,2.360000000000000000e+02,2.220000000000000000e+02,1.540000000000000000e+02,1.630000000000000000e+02
1.000000000000000000e+00,4.953020134228188098e+00,1.550000000000000000e+02,1.730000000000000000e+02,1.980000000000000000e+02,6.200000000000000000e+01,1.140000000000000000e+02
1.000000000000000000e+00,4.885906040268456429e+00,8.000000000000000000e+01,6.000000000000000000e+00,7.600000000000000000e+01,4.000000000000000000e+00,2.200000000000000000e+01
1.000000000000000000e+00,4.885906040268456429e+00,2.000000000000000000e+02,2.350000000000000000e+02,2.200000000000000000e+02,1.560000000000000000e+02,1.630000000000000000e+02
1.000000000000000000e+00,4.885906040268456429e+00,1.550000000000000000e+02,1.770000000000000000e+02,1.900000000000000000e+02,6.800000000000000000e+01,1.110000000000000000e+02
1.000000000000000000e+00,4.818791946308724761e+00,8.000000000000000000e+01,5.000000000000000000e+00,8.100000000000000000e+01,2.000000000000000000e+00,2.200000000000000000e+01
1.000000000000000000e+00,4.818791946308724761e+00,2.000000000000000000e+02,2.410000000000000000e+02,2.170000000000000000e+02,1.680000000000000000e+02,1.630000000000000000e+02
1.000000000000000000e+00,4.818791946308724761e+00,1.550000000000000000e+02,1.810000000000000000e+02,2.010000000000000000e+02,7.100000000000000000e+01,1.270000000000000000e+02
1.000000000000000000e+00,4.751677852348993092e+00,8.000000000000000000e+01,6.000000000000000000e+00,8.600000000000000000e+01,3.000000000000000000e+00,1.400000000000000000e+01
1.000000000000000000e+00,4.751677852348993092e+00,2.000000000000000000e+02,2.430000000000000000e+02,2.210000000000000000e+02,1.800000000000000000e+02,1.750000000000000000e+02
1.000000000000000000e+00,4.751677852348993092e+00,1.550000000000000000e+02,1.810000000000000000e+02,2.040000000000000000e+02,7.800000000000000000e+01,1.320000000000000000e+02
1.000000000000000000e+00,4.684563758389261423e+00,8.000000000000000000e+01,9.000000000000000000e+00,7.400000000000000000e+01,3.000000000000000000e+00,1.900000000000000000e+01
1.000000000000000000e+00,4.684563758389261423e+00,2.000000000000000000e+02,2.400000000000000000e+02,2.220000000000000000e+02,1.780000000000000000e+02,1.680000000000000000e+02
1.000000000000000000e+00,4.684563758389261423e+00,1.550000000000000000e+02,1.810000000000000000e+02,1.790000000000000000e+02,8.100000000000000000e+01,1.100000000000000000e+02
1.000000000000000000e+00,4.617449664429530642e+00,8.000000000000000000e+01,8.000000000000000000e+00,8.000000000000000000e+01,3.000000000000000000e+00,2.200000000000000000e+01
1.000000000000000000e+00,4.617449664429530642e+00,2.000000000000000000e+02,2.420000000000000000e+02,2.230000000000000000e+02,1.780000000000000000e+02,1.740000000000000000e+02
1.000000000000000000e+00,4.617449664429530642e+00,1.550000000000000000e+02,1.810000000000000000e+02,2.010000000000000000e+02,8.300000000000000000e+01,1.310000000000000000e+02
1.000000000000000000e+00,4.550335570469798085e+00,8.000000000000000000e+01,6.000000000000000000e+00,8.600000000000000000e+01,0.000000000000000000e+00,2.400000000000000000e+01
1.000000000000000000e+00,4.550335570469798085e+00,2.000000000000000000e+02,2.420000000000000000e+02,2.140000000000000000e+02,1.770000000000000000e+02,1.660000000000000000e+02
1.000000000000000000e+00,4.550335570469798085e+00,1.550000000000000000e+02,1.870000000000000000e+02,1.990000000000000000e+02,8.300000000000000000e+01,1.220000000000000000e+02
1.000000000000000000e+00,4.483221476510067305e+00,8.000000000000000000e+01,1.000000000000000000e+01,8.500000000000000000e+01,2.000000000000000000e+00,2.100000000000000000e+01
1.000000000000000000e+00,4.483221476510067305e+00,2.000000000000000000e+02,2.430000000000000000e+02,2.260000000000000000e+02,1.750000000000000000e+02,1.810000000000000000e+02
1.000000000000000000e+00,4.483221476510067305e+00,1.550000000000000000e+02,1.930000000000000000e+02,2.070000000000000000e+02,9.400000000000000000e+01,1.340000000000000000e+02
1.000000000000000000e+00,4.416107382550335636e+00,8.000000000000000000e+01,1.000000000000000000e+01,7.100000000000000000e+01,3.000000000000000000e+00,1.300000000000000000e+01
1.000000000000000000e+00,4.416107382550335636e+00,2.000000000000000000e+02,2.470000000000000000e+02,2.460000000000000000e+02,1.830000000000000000e+02,1.830000000000000000e+02
1.000000000000000000e+00,4.416107382550335636e+00,1.550000000000000000e+02,1.960000000000000000e+02,2.080000000000000000e+02,9.400000000000000000e+01,1.340000000000000000e+02
1.000000000000000000e+00,4.348993288590603967e+00,8.000000000000000000e+01,8.000000000000000000e+00,7.800000000000000000e+01,1.000000000000000000e+00,2.500000000000000000e+01
1.000000000000000000e+00,4.348993288590603967e+00,2.000000000000000000e+02,2.470000000000000000e+02,2.360000000000000000e+02,1.850000000000000000e+02,1.850000000000000000e+02
1.000000000000000000e+00,4.348993288590603967e+00,1.550000000000000000e+02,1.970000000000000000e+02,2.000000000000000000e+02,8.500000000000000000e+01,1.340000000000000000e+02
1.000000000000000000e+00,4.281879194630872298e+00,8.000000000000000000e+01,8.000000000000000000e+00,8.800000000000000000e+01,3.000000000000000000e+00,2.500000000000000000e+01
1.000000000000000000e+00,4.281879194630872298e+00,2.000000000000000000e+02,2.590000000000000000e+02,2.320000000000000000e+02,1.920000000000000000e+02,1.880000000000000000e+02
1.000000000000000000e+00,4.281879194630872298e+00,1.550000000000000000e+02,1.930000000000000000e+02,2.100000000000000000e+02,8.000000000000000000e+01,1.360000000000000000e+02
1.000000000000000000e+00,4.214765100671140630e+00,8.000000000000000000e+01,1.000000000000000000e+01,9.100000000000000000e+01,4.000000000000000000e+00,3.100000000000000000e+01
1.000000000000000000e+00,4.214765100671140630e+00,2.000000000000000000e+02,2.550000000000000000e+02,2.500000000000000000e+02,2.050000000000000000e+02,1.930000000000000000e+02
1.000000000000000000e+00,4.214765100671140630e+00,1.550000000000000000e+02,2.010000000000000000e+02,2.420000000000000000e+02,9.200000000000000000e+01,1.630000000000000000e+02
1.000000000000000000e+00,4.147651006711409849e+00,8.000000000000000000e+01,9.000000000000000000e+00,9.900000000000000000e+01,3.000000000000000000e+00,3.600000000000000000e+01
1.000000000000000000e+00,4.147651006711409849e+00,2.000000000000000000e+02,2.520000000000000000e+02,2.400000000000000000e+02,1.990000000000000000e+02,1.830000000000000000e+02
1.000000000000000000e+00,4.147651006711409849e+00,1.550000000000000000e+02,1.960000000000000000e+02,2.100000000000000000e+02,9.500000000000000000e+01,1.460000000000000000e+02
1.000000000000000000e+00,4.080536912751677292e+00,8.000000000000000000e+01,1.000000000000000000e+01,8.700000000000000000e+01,8.000000000000000000e+00,2.800000000000000000e+01
1.000000000000000000e+00,4.080536912751677292e+00,2.000000000000000000e+02,2.580000000000000000e+02,2.600000000000000000e+02,1.980000000000000000e+02,2.010000000000000000e+02
1.000000000000000000e+00,4.080536912751677292e+00,1.550000000000000000e+02,1.900000000000000000e+02,2.070000000000000000e+02,9.300000000000000000e+01,1.400000000000000000e+02
1.000000000000000000e+00,4.013422818791946511e+00,8.000000000000000000e+01,4.000000000000000000e+00,1.010000000000000000e+02,4.000000000000000000e+00,3.500000000000000000e+01
1.000000000000000000e+00,4.013422818791946511e+00,2.000000000000000000e+02,2.590000000000000000e+02,2.310000000000000000e+02,2.080000000000000000e+02,1.870000000000000000e+02
1.000000000000000000e+00,4.013422818791946511e+00,1.550000000000000000e+02,1.930000000000000000e+02,2.080000000000000000e+02,9.600000000000000000e+01,1.390000000000000000e+02
1.000000000000000000e+00,3.946308724832214843e+00,8.000000000000000000e+01,8.000000000000000000e+00,9.700000000000000000e+01,4.000000000000000000e+00,2.500000000000000000e+01
1.000000000000000000e+00,3.946308724832214843e+00,2.000000000000000000e+02,2.600000000000000000e+02,2.460000000000000000e+02,2.070000000000000000e+02,1.960000000000000000e+02
1.000000000000000000e+00,3.946308724832214843e+00,1.550000000000000000e+02,1.940000000000000000e+02,2.090000000000000000e+02,1.040000000000000000e+02,1.270000000000000000e+02
1.000000000000000000e+00,3.879194630872483174e+00,8.000000000000000000e+01,7.000000000000000000e+00,1.050000000000000000e+02,4.000000000000000000e+00,3.600000000000000000e+01
1.000000000000000000e+00,3.879194630872483174e+00,2.000000000000000000e+02,2.620000000000000000e+02,2.440000000000000000e+02,2.120000000000000000e+02,1.880000000000000000e+02
1.000000000000000000e+00,3.879194630872483174e+00,1.550000000000000000e+02,1.980000000000000000e+02,2.140000000000000000e+02,1.020000000000000000e+02,1.470000000000000000e+02
1.000000000000000000e+00,3.812080536912751505e+00,8.000000000000000000e+01,1.100000000000000000e+01,1.090000000000000000e+02,7.000000000000000000e+00,3.500000000000000000e+01
1.000000000000000000e+00,3.812080536912751505e+00,2.000000000000000000e+02,2.660000000000000000e+02,2.440000000000000000e+02,2.130000000000000000e+02,1.920000000000000000e+02
1.000000000000000000e+00,3.812080536912751505e+00,1.550000000000000000e+02,2.020000000000000000e+02,2.290000000000000000e+02,1.130000000000000000e+02,1.440000000000000000e+02
1.000000000000000000e+00,3.744966442953019836e+00,8.000000000000000000e+01,8.000000000000000000e+00,1.090000000000000000e+02,3.000000000000000000e+00,3.600000000000000000e+01
1.000000000000000000e+00,3.744966442953019836e+00,2.000000000000000000e+02,2.640000000000000000e+02,2.510000000000000000e+02,2.060000000000000000e+02,1.940000000000000000e+02
1.000000000000000000e+00,3.744966442953019836e+00,1.550000000000000000e+02,2.060000000000000000e+02,2.220000000000000000e+02,1.130000000000000000e+02,1.540000000000000000e+02
1.000000000000000000e+00,3.677852348993288611e+00,8.000000000000000000e+01,9.000000000000000000e+00,1.060000000000000000e+02,2.000000000000000000e+00,4.200000000000000000e+01
1.000000000000000000e+00,3.677852348993288611e+00,2.000000000000000000e+02,2.680000000000000000e+02,2.510000000000000000e+02,2.080000000000000000e+02,1.950000000000000000e+02
1.000000000000000000e+00,3.677852348993288611e+00,1.550000000000000000e+02,2.060000000000000000e+02,2.270000000000000000e+02,1.160000000000000000e+02,1.560000000000000000e+02
1.000000000000000000e+00,3.610738255033556943e+00,8.000000000000000000e+01,7.000000000000000000e+00,1.030000000000000000e+02,1.000000000000000000e+00,3.400000000000000000e+01
1.000000000000000000e+00,3.610738255033556943e+00,2.000000000000000000e+02,2.660000000000000000e+02,2.570000000000000000e+02,2.050000000000000000e+02,2.110000000000000000e+02
1.000000000000000000e+00,3.610738255033556943e+00,1.550000000000000000e+02,2.110000000000000000e+02,2.160000000000000000e+02,1.180000000000000000e+02,1.500000000000000000e+02
1.000000000000000000e+00,3.543624161073825718e+00,8.000000000000000000e+01,6.000000000000000000e+00,9.900000000000000000e+01,2.000000000000000000e+00,3.700000000000000000e+01
1.000000000000000000e+00,3.543624161073825718e+00,2.000000000000000000e+02,2.710000000000000000e+02,2.430000000000000000e+02,2.080000000000000000e+02,1.910000000000000000e+02
1.000000000000000000e+00,3.543624161073825718e+00,1.550000000000000000e+02,2.100000000000000000e+02,2.140000000000000000e+02,1.230000000000000000e+02,1.410000000000000000e+02
1.000000000000000000e+00,3.476510067114094049e+00,8.000000000000000000e+01,3.000000000000000000e+00,1.010000000000000000e+02,1.000000000000000000e+00,3.100000000000000000e+01
1.000000000000000000e+00,3.476510067114094049e+00,2.000000000000000000e+02,2.750000000000000000e+02,2.580000000000000000e+02,2.090000000000000000e+02,2.150000000000000000e+02
1.000000000000000000e+00,3.476510067114094049e+00,1.550000000000000000e+02,2.030000000000000000e+02,2.250000000000000000e+02,1.190000000000000000e+02,1.600000000000000000e+02
1.000000000000000000e+00,3.409395973154362380e+00,8.000000000000000000e+01,5.000000000000000000e+00,9.400000000000000000e+01,1.000000000000000000e+00,3.500000000000000000e+01
1.000000000000000000e+00,3.409395973154362380e+00,2.000000000000000000e+02,2.780000000000000000e+02,2.560000000000000000e+02,2.110000000000000000e+02,2.100000000000000000e+02
1.000000000000000000e+00,3.409395973154362380e+00,1.550000000000000000e+02,2.050000000000000000e+02,2.260000000000000000e+02,1.200000000000000000e+02,1.680000000000000000e+02
1.000000000000000000e+00,3.342281879194630712e+00,8.000000000000000000e+01,3.000000000000000000e+00,1.060000000000000000e+02,2.000000000000000000e+00,4.400000000000000000e+01
1.000000000000000000e+00,3.342281879194630712e+00,2.000000000000000000e+02,2.750000000000000000e+02,2.560000000000000000e+02,2.110000000000000000e+02,2.130000000000000000e+02
1.000000000000000000e+00,3.342281879194630712e+00,1.550000000000000000e+02,2.100000000000000000e+02,2.330000000000000000e+02,1.220000000000000000e+02,1.590000000000000000e+02
1.000000000000000000e+00,3.275167785234899043e+00,8.000000000000000000e+01,4.000000000000000000e+00,1.110000000000000000e+02,0.000000000000000000e+00,4.700000000000000000e+01
1.000000000000000000e+00,3.275167785234899043e+00,2.000000000000000000e+02,2.740000000000000000e+02,2.580000000000000000e+02,2.090000000000000000e+02,2.190000000000000000e+02
1.000000000000000000e+00,3.275167785234899043e+00,1.550000000000000000e+02,2.120000000000000000e+02,2.110000000000000000e+02,1.240000000000000000e+02,1.590000000000000000e+02
1.000000000000000000e+00,3.208053691275167818e+00,8.000000000000000000e+01,6.000000000000000000e+00,1.130000000000000000e+02,2.000000000000000000e+00,4.700000000000000000e+01
1.000000000000000000e+00,3.208053691275167818e+00,2.000000000000000000e+02,2.710000000000000000e+02,2.670000000000000000e+02,2.010000000000000000e+02,2.280000000000000000e+02
1.000000000000000000e+00,3.208053691275167818e+00,1.550000000000000000e+02,2.130000000000000000e+02,2.290000000000000000e+02,1.270000000000000000e+02,1.700000000000000000e+02
1.000000000000000000e+00,3.140939597315436149e+00,8.000000000000000000e+01,8.000000000000000000e+00,1.130000000000000000e+02,5.000000000000000000e+00,4.400000000000000000e+01
1.000000000000000000e+00,3.140939597315436149e+00,2.000000000000000000e+02,2.740000000000000000e+02,2.570000000000000000e+02,2.060000000000000000e+02,2.120000000000000000e+02
1.000000000000000000e+00,3.140939597315436149e+00,1.550000000000000000e+02,2.180000000000000000e+02,2.240000000000000000e+02,1.370000000000000000e+02,1.590000000000000000e+02
1.000000000000000000e+00,3.073825503355704925e+00,8.000000000000000000e+01,9.000000000000000000e+00,1.150000000000000000e+02,5.000000000000000000e+00,4.200000000000000000e+01
1.000000000000000000e+00,3.073825503355704925e+00,2.000000000000000000e+02,2.790000000000000000e+02,2.540000000000000000e+02,2.220000000000000000e+02,2.160000000000000000e+02
1.000000000000000000e+00,3.073825503355704925e+00,1.550000000000000000e+02,2.200000000000000000e+02,2.340000000000000000e+02,1.380000000000000000e+02,1.590000000000000000e+02
1.000000000000000000e+00,3.006711409395973256e+00,8.000000000000000000e+01,8.000000000000000000e+00,1.130000000000000000e+02,5.000000000000000000e+00,4.600000000000000000e+01
1.000000000000000000e+00,3.006711409395973256e+00,2.000000000000000000e+02,2.810000000000000000e+02,2.650000000000000000e+02,2.270000000000000000e+02,2.210000000000000000e+02
1.000000000000000000e+00,3.006711409395973256e+00,1.550000000000000000e+02,2.240000000000000000e+02,2.130000000000000000e+02,1.460000000000000000e+02,1.610000000000000000e+02
1.000000000000000000e+00,2.939597315436241587e+00,8.000000000000000000e+01,1.200000000000000000e+01,1.190000000000000000e+02,5.000000000000000000e+00,4.900000000000000000e+01
1.000000000000000000e+00,2.939597315436241587e+00,2.000000000000000000e+02,2.830000000000000000e+02,2.450000000000000000e+02,2.320000000000000000e+02,2.070000000000000000e+02
1.000000000000000000e+00,2.939597315436241587e+00,1.550000000000000000e+02,2.300000000000000000e+02,2.320000000000000000e+02,1.500000000000000000e+02,1.720000000000000000e+02
1.000000000000000000e+00,2.872483221476509918e+00,8.000000000000000000e+01,1.600000000000000000e+01,1.180000000000000000e+02,3.000000000000000000e+00,4.100000000000000000e+01
1.000000000000000000e+00,2.872483221476509918e+00,2.000000000000000000e+02,2.840000000000000000e+02,2.610000000000000000e+02,2.340000000000000000e+02,2.230000000000000000e+02
1.000000000000000000e+00,2.872483221476509918e+00,1.550000000000000000e+02,2.280000000000000000e+02,2.310000000000000000e+02,1.600000000000000000e+02,1.650000000000000000e+02
1.000000000000000000e+00,2.805369127516778249e+00,8.000000000000000000e+01,1.300000000000000000e+01,1.140000000000000000e+02,2.000000000000000000e+00,4.200000000000000000e+01
1.000000000000000000e+00,2.805369127516778249e+00,2.000000000000000000e+02,2.890000000000000000e+02,2.700000000000000000e+02,2.400000000000000000e+02,2.430000000000000000e+02
1.000000000000000000e+00,2.805369127516778249e+00,1.550000000000000000e+02,2.260000000000000000e+02,2.240000000000000000e+02,1.560000000000000000e+02,1.730000000000000000e+02
1.000000000000000000e+00,2.738255033557047025e+00,8.000000000000000000e+01,1.400000000000000000e+01,1.050000000000000000e+02,2.000000000000000000e+00,4.900000000000000000e+01
1.000000000000000000e+00,2.738255033557047025e+00,2.000000000000000000e+02,2.940000000000000000e+02,2.740000000000000000e+02,2.440000000000000000e+02,2.410000000000000000e+02
1.000000000000000000e+00,2.738255033557047025e+00,1.550000000000000000e+02,2.280000000000000000e+02,2.370000000000000000e+02,1.560000000000000000e+02,1.930000000000000000e+02
1.000000000000000000e+00,2.671140939597315356e+00,8.000000000000000000e+01,1.600000000000000000e+01,1.240000000000000000e+02,4.000000000000000000e+00,5.600000000000000000e+01
1.000000000000000000e+00,2.671140939597315356e+00,2.000000000000000000e+02,2.950000000000000000e+02,2.780000000000000000e+02,2.470000000000000000e+02,2.460000000000000000e+02
1.000000000000000000e+00,2.671140939597315356e+00,1.550000000000000000e+02,2.300000000000000000e+02,2.420000000000000000e+02,1.540000000000000000e+02,1.830000000000000000e+02
1.000000000000000000e+00,2.604026845637584131e+00,8.000000000000000000e+01,1.400000000000000000e+01,1.220000000000000000e+02,5.000000000000000000e+00,5.200000000000000000e+01
1.000000000000000000e+00,2.604026845637584131e+00,2.000000000000000000e+02,2.940000000000000000e+02,2.780000000000000000e+02,2.430000000000000000e+02,2.450000000000000000e+02
1.000000000000000000e+00,2.604026845637584131e+00,1.550000000000000000e+02,2.360000000000000000e+02,2.430000000000000000e+02,1.590000000000000000e+02,1.940000000000000000e+02
1.000000000000000000e+00,2.536912751677852462e+00,8.000000000000000000e+01,1.900000000000000000e+01,1.250000000000000000e+02,6.000000000000000000e+00,5.500000000000000000e+01
1.000000000000000000e+00,2.536912751677852462e+00,2.000000000000000000e+02,2.940000000000000000e+02,2.770000000000000000e+02,2.480000000000000000e+02,2.460000000000000000e+02
1.000000000000000000e+00,2.536912751677852462e+00,1.550000000000000000e+02,2.370000000000000000e+02,2.430000000000000000e+02,1.570000000000000000e+02,1.890000000000000000e+02
1.000000000000000000e+00,2.469798657718120793e+00,8.000000000000000000e+01,1.900000000000000000e+01,1.320000000000000000e+02,5.000000000000000000e+00,6.000000000000000000e+01
1.000000000000000000e+00,2.469798657718120793e+00,2.000000000000000000e+02,2.950000000000000000e+02,2.820000000000000000e+02,2.560000000000000000e+02,2.500000000000000000e+02
1.000000000000000000e+00,2.469798657718120793e+00,1.550000000000000000e+02,2.440000000000000000e+02,2.620000000000000000e+02,1.630000000000000000e+02,2.010000000000000000e+02
1.000000000000000000e+00,2.402684563758389125e+00,8.000000000000000000e+01,2.200000000000000000e+01,1.350000000000000000e+02,5.000000000000000000e+00,5.600000000000000000e+01
1.000000000000000000e+00,2.402684563758389125e+00,2.000000000000000000e+02,2.900000000000000000e+02,2.720000000000000000e+02,2.550000000000000000e+02,2.370000000000000000e+02
1.000000000000000000e+00,2.402684563758389125e+00,1.550000000000000000e+02,2.450000000000000000e+02,2.520000000000000000e+02,1.720000000000000000e+02,1.930000000000000000e+02
1.000000000000000000e+00,2.335570469798657900e+00,8.000000000000000000e+01,2.400000000000000000e+01,1.310000000000000000e+02,6.000000000000000000e+00,5.600000000000000000e+01
1.000000000000000000e+00,2.335570469798657900e+00,2.000000000000000000e+02,2.950000000000000000e+02,2.830000000000000000e+02,2.640000000000000000e+02,2.470000000000000000e+02
1.000000000000000000e+00,2.335570469798657900e+00,1.550000000000000000e+02,2.530000000000000000e+02,2.660000000000000000e+02,1.780000000000000000e+02,2.130000000000000000e+02
1.000000000000000000e+00,2.268456375838926231e+00,8.000000000000000000e+01,2.300000000000000000e+01,1.340000000000000000e+02,6.000000000000000000e+00,6.000000000000000000e+01
1.000000000000000000e+00,2.268456375838926231e+00,2.000000000000000000e+02,2.970000000000000000e+02,2.880000000000000000e+02,2.630000000000000000e+02,2.540000000000000000e+02
1.000000000000000000e+00,2.268456375838926231e+00,1.550000000000000000e+02,2.470000000000000000e+02,2.530000000000000000e+02,1.710000000000000000e+02,1.980000000000000000e+02
1.000000000000000000e+00,2.201342281879194562e+00,8.000000000000000000e+01,2.100000000000000000e+01,1.480000000000000000e+02,5.000000000000000000e+00,7.100000000000000000e+01
1.000000000000000000e+00,2.201342281879194562e+00,2.000000000000000000e+02,3.010000000000000000e+02,2.890000000000000000e+02,2.650000000000000000e+02,2.570000000000000000e+02
1.000000000000000000e+00,2.201342281879194562e+00,1.550000000000000000e+02,2.490000000000000000e+02,2.590000000000000000e+02,1.750000000000000000e+02,2.100000000000000000e+02
1.000000000000000000e+00,2.134228187919462894e+00,8.000000000000000000e+01,2.600000000000000000e+01,1.670000000000000000e+02,5.000000000000000000e+00,7.900000000000000000e+01
1.000000000000000000e+00,2.134228187919462894e+00,2.000000000000000000e+02,3.020000000000000000e+02,2.880000000000000000e+02,2.710000000000000000e+02,2.570000000000000000e+02
1.000000000000000000e+00,2.134228187919462894e+00,1.550000000000000000e+02,2.440000000000000000e+02,2.600000000000000000e+02,1.710000000000000000e+02,2.080000000000000000e+02
1.000000000000000000e+00,2.067114093959731669e+00,8.000000000000000000e+01,2.800000000000000000e+01,1.380000000000000000e+02,6.000000000000000000e+00,6.100000000000000000e+01
1.000000000000000000e+00,2.067114093959731669e+00,2.000000000000000000e+02,3.040000000000000000e+02,3.010000000000000000e+02,2.670000000000000000e+02,2.640000000000000000e+02
1.000000000000000000e+00,2.067114093959731669e+00,1.550000000000000000e+02,2.490000000000000000e+02,2.600000000000000000e+02,1.860000000000000000e+02,2.010000000000000000e+02
1.000000000000000000e+00,2.000000000000000000e+00,8.000000000000000000e+01,3.300000000000000000e+01,1.450000000000000000e+02,9.000000000000000000e+00,6.800000000000000000e+01
1.000000000000000000e+00,2.000000000000000000e+00,2.000000000000000000e+02,3.050000000000000000e+02,2.880000000000000000e+02,2.750000000000000000e+02,2.620000000000000000e+02
1.000000000000000000e+00,2.000000000000000000e+00,1.550000000000000000e+02,2.490000000000000000e+02,2.670000000000000000e+02,1.860000000000000000e+02,2.140000000000000000e+02
0.000000000000000000e+00,3.000000000000000000e+00,8.000000000000000000e+01,7.000000000000000000e+00,6.400000000000000000e+01,2.000000000000000000e+00,1.500000000000000000e+01
0.000000000000000000e+00,3.000000000000000000e+00,2.000000000000000000e+02,2.060000000000000000e+02,1.720000000000000000e+02,1.310000000000000000e+02,1.160000000000000000e+02
0.000000000000000000e+00,3.000000000000000000e+00,1.550000000000000000e+02,1.420000000000000000e+02,1.530000000000000000e+02,5.000000000000000000e+01,8.000000000000000000e+01
0.000000000000000000e+00,2.969797979797979881e+00,8.000000000000000000e+01,9.000000000000000000e+00,6.100000000000000000e+01,2.000000000000000000e+00,1.700000000000000000e+01
0.000000000000000000e+00,2.969797979797979881e+00,2.000000000000000000e+02,2.060000000000000000e+02,1.590000000000000000e+02,1.340000000000000000e+02,1.130000000000000000e+02
0.000000000000000000e+00,2.969797979797979881e+00,1.550000000000000000e+02,1.400000000000000000e+02,1.450000000000000000e+02,5.300000000000000000e+01,7.400000000000000000e+01
0.000000000000000000e+00,2.939595959595959762e+00,8.000000000000000000e+01,8.000000000000000000e+00,6.300000000000000000e+01,2.000000000000000000e+00,1.900000000000000000e+01
0.000000000000000000e+00,2.939595959595959762e+00,2.000000000000000000e+02,2.080000000000000000e+02,1.790000000000000000e+02,1.350000000000000000e+02,1.230000000000000000e+02
0.000000000000000000e+00,2.939595959595959762e+00,1.550000000000000000e+02,1.430000000000000000e+02,1.430000000000000000e+02,5.500000000000000000e+01,8.200000000000000000e+01
0.000000000000000000e+00,2.909393939393939643e+00,8.000000000000000000e+01,6.000000000000000000e+00,5.500000000000000000e+01,5.000000000000000000e+00,1.300000000000000000e+01
0.000000000000000000e+00,2.909393939393939643e+00,2.000000000000000000e+02,2.070000000000000000e+02,1.680000000000000000e+02,1.360000000000000000e+02,1.110000000000000000e+02
0.000000000000000000e+00,2.909393939393939643e+00,1.550000000000000000e+02,1.410000000000000000e+02,1.530000000000000000e+02,5.400000000000000000e+01,8.400000000000000000e+01
0.000000000000000000e+00,2.879191919191919524e+00,8.000000000000000000e+01,8.000000000000000000e+00,6.100000000000000000e+01,6.000000000000000000e+00,1.600000000000000000e+01
0.000000000000000000e+00,2.879191919191919524e+00,2.000000000000000000e+02,2.080000000000000000e+02,1.800000000000000000e+02,1.350000000000000000e+02,1.270000000000000000e+02
0.000000000000000000e+00,2.879191919191919524e+00,1.550000000000000000e+02,1.420000000000000000e+02,1.510000000000000000e+02,4.900000000000000000e+01,9.100000000000000000e+01
0.000000000000000000e+00,2.848989898989898961e+00,8.000000000000000000e+01,5.000000000000000000e+00,5.800000000000000000e+01,3.000000000000000000e+00,1.700000000000000000e+01
0.000000000000000000e+00,2.848989898989898961e+00,2.000000000000000000e+02,2.110000000000000000e+02,1.820000000000000000e+02,1.370000000000000000e+02,1.320000000000000000e+02
0.000000000000000000e+00,2.848989898989898961e+00,1.550000000000000000e+02,1.470000000000000000e+02,1.480000000000000000e+02,5.200000000000000000e+01,8.700000000000000000e+01
0.000000000000000000e+00,2.818787878787878842e+00,8.000000000000000000e+01,6.000000000000000000e+00,6.500000000000000000e+01,2.000000000000000000e+00,1.700000000000000000e+01
0.000000000000000000e+00,2.818787878787878842e+00,2.000000000000000000e+02,2.110000000000000000e+02,1.890000000000000000e+02,1.370000000000000000e+02,1.370000000000000000e+02
0.000000000000000000e+00,2.818787878787878842e+00,1.550000000000000000e+02,1.560000000000000000e+02,1.400000000000000000e+02,6.000000000000000000e+01,8.700000000000000000e+01
0.000000000000000000e+00,2.788585858585858723e+00,8.000000000000000000e+01,7.000000000000000000e+00,6.900000000000000000e+01,3.000000000000000000e+00,1.500000000000000000e+01
0.000000000000000000e+00,2.788585858585858723e+00,2.000000000000000000e+02,2.160000000000000000e+02,1.790000000000000000e+02,1.410000000000000000e+02,1.360000000000000000e+02
0.000000000000000000e+00,2.788585858585858723e+00,1.550000000000000000e+02,1.550000000000000000e+02,1.480000000000000000e+02,6.000000000000000000e+01,9.600000000000000000e+01
0.000000000000000000e+00,2.758383838383838604e+00,8.000000000000000000e+01,6.000000000000000000e+00,7.100000000000000000e+01,2.000000000000000000e+00,1.600000000000000000e+01
0.000000000000000000e+00,2.758383838383838604e+00,2.000000000000000000e+02,2.170000000000000000e+02,1.890000000000000000e+02,1.440000000000000000e+02,1.530000000000000000e+02
0.000000000000000000e+00,2.758383838383838604e+00,1.550000000000000000e+02,1.600000000000000000e+02,1.520000000000000000e+02,6.300000000000000000e+01,7.900000000000000000e+01
0.000000000000000000e+00,2.728181818181818485e+00,8.000000000000000000e+01,7.000000000000000000e+00,7.200000000000000000e+01,5.000000000000000000e+00,1.500000000000000000e+01
0.000000000000000000e+00,2.728181818181818485e+00,2.000000000000000000e+02,2.180000000000000000e+02,1.940000000000000000e+02,1.430000000000000000e+02,1.470000000000000000e+02
0.000000000000000000e+00,2.728181818181818485e+00,1.550000000000000000e+02,1.630000000000000000e+02,1.560000000000000000e+02,7.100000000000000000e+01,1.030000000000000000e+02
0.000000000000000000e+00,2.697979797979797922e+00,8.000000000000000000e+01,4.000000000000000000e+00,7.400000000000000000e+01,3.000000000000000000e+00,2.200000000000000000e+01
0.000000000000000000e+00,2.697979797979797922e+00,2.000000000000000000e+02,2.200000000000000000e+02,1.960000000000000000e+02,1.470000000000000000e+02,1.440000000000000000e+02
0.000000000000000000e+00,2.697979797979797922e+00,1.550000000000000000e+02,1.700000000000000000e+02,1.430000000000000000e+02,7.500000000000000000e+01,8.400000000000000000e+01
0.000000000000000000e+00,2.667777777777777803e+00,8.000000000000000000e+01,4.000000000000000000e+00,6.900000000000000000e+01,2.000000000000000000e+00,1.600000000000000000e+01
0.000000000000000000e+00,2.667777777777777803e+00,2.000000000000000000e+02,2.210000000000000000e+02,1.900000000000000000e+02,1.530000000000000000e+02,1.400000000000000000e+02
0.000000000000000000e+00,2.667777777777777803e+00,1.550000000000000000e+02,1.670000000000000000e+02,1.490000000000000000e+02,7.500000000000000000e+01,8.300000000000000000e+01
0.000000000000000000e+00,2.637575757575757684e+00,8.000000000000000000e+01,4.000000000000000000e+00,7.100000000000000000e+01,2.000000000000000000e+00,1.900000000000000000e+01
0.000000000000000000e+00,2.637575757575757684e+00,2.000000000000000000e+02,2.220000000000000000e+02,1.940000000000000000e+02,1.550000000000000000e+02,1.350000000000000000e+02
0.000000000000000000e+00,2.637575757575757684e+00,1.550000000000000000e+02,1.660000000000000000e+02,1.570000000000000000e+02,7.700000000000000000e+01,8.600000000000000000e+01
0.000000000000000000e+00,2.607373737373737566e+00,8.000000000000000000e+01,3.000000000000000000e+00,7.200000000000000000e+01,2.000000000000000000e+00,2.400000000000000000e+01
0.000000000000000000e+00,2.607373737373737566e+00,2.000000000000000000e+02,2.230000000000000000e+02,1.770000000000000000e+02,1.530000000000000000e+02,1.370000000000000000e+02
0.000000000000000000e+00,2.607373737373737566e+00,1.550000000000000000e+02,1.680000000000000000e+02,1.500000000000000000e+02,8.200000000000000000e+01,9.300000000000000000e+01
0.000000000000000000e+00,2.577171717171717447e+00,8.000000000000000000e+01,5.000000000000000000e+00,7.900000000000000000e+01,3.000000000000000000e+00,2.100000000000000000e+01
0.000000000000000000e+00,2.577171717171717447e+00,2.000000000000000000e+02,2.230000000000000000e+02,1.910000000000000000e+02,1.560000000000000000e+02,1.510000000000000000e+02
0.000000000000000000e+00,2.577171717171717447e+00,1.550000000000000000e+02,1.740000000000000000e+02,1.550000000000000000e+02,8.800000000000000000e+01,9.300000000000000000e+01
0.000000000000000000e+00,2.546969696969696884e+00,8.000000000000000000e+01,3.000000000000000000e+00,7.500000000000000000e+01,2.000000000000000000e+00,2.000000000000000000e+01
0.000000000000000000e+00,2.546969696969696884e+00,2.000000000000000000e+02,2.240000000000000000e+02,1.990000000000000000e+02,1.580000000000000000e+02,1.460000000000000000e+02
0.000000000000000000e+00,2.546969696969696884e+00,1.550000000000000000e+02,1.720000000000000000e+02,1.560000000000000000e+02,8.400000000000000000e+01,1.070000000000000000e+02
0.000000000000000000e+00,2.516767676767676765e+00,8.000000000000000000e+01,4.000000000000000000e+00,6.400000000000000000e+01,3.000000000000000000e+00,1.900000000000000000e+01
0.000000000000000000e+00,2.516767676767676765e+00,2.000000000000000000e+02,2.230000000000000000e+02,1.860000000000000000e+02,1.600000000000000000e+02,1.430000000000000000e+02
0.000000000000000000e+00,2.516767676767676765e+00,1.550000000000000000e+02,1.730000000000000000e+02,1.560000000000000000e+02,8.200000000000000000e+01,1.010000000000000000e+02
0.000000000000000000e+00,2.486565656565656646e+00,8.000000000000000000e+01,7.000000000000000000e+00,7.300000000000000000e+01,5.000000000000000000e+00,2.000000000000000000e+01
0.000000000000000000e+00,2.486565656565656646e+00,2.000000000000000000e+02,2.270000000000000000e+02,1.840000000000000000e+02,1.670000000000000000e+02,1.450000000000000000e+02
0.000000000000000000e+00,2.486565656565656646e+00,1.550000000000000000e+02,1.770000000000000000e+02,1.530000000000000000e+02,8.500000000000000000e+01,8.700000000000000000e+01
0.000000000000000000e+00,2.456363636363636527e+00,8.000000000000000000e+01,7.000000000000000000e+00,6.700000000000000000e+01,4.000000000000000000e+00,1.600000000000000000e+01
0.000000000000000000e+00,2.456363636363636527e+00,2.000000000000000000e+02,2.230000000000000000e+02,1.880000000000000000e+02,1.600000000000000000e+02,1.520000000000000000e+02
0.000000000000000000e+00,2.456363636363636527e+00,1.550000000000000000e+02,1.770000000000000000e+02,1.660000000000000000e+02,8.800000000000000000e+01,9.600000000000000000e+01
0.000000000000000000e+00,2.426161616161616408e+00,8.000000000000000000e+01,7.000000000000000000e+00,7.200000000000000000e+01,3.000000000000000000e+00,2.500000000000000000e+01
0.000000000000000000e+00,2.426161616161616408e+00,2.000000000000000000e+02,2.290000000000000000e+02,2.020000000000000000e+02,1.660000000000000000e+02,1.380000000000000000e+02
0.000000000000000000e+00,2.426161616161616408e+00,1.550000000000000000e+02,1.780000000000000000e+02,1.690000000000000000e+02,8.300000000000000000e+01,1.060000000000000000e+02
0.000000000000000000e+00,2.395959595959595845e+00,8.000000000000000000e+01,8.000000000000000000e+00,7.500000000000000000e+01,4.000000000000000000e+00,1.800000000000000000e+01
0.000000000000000000e+00,2.395959595959595845e+00,2.000000000000000000e+02,2.270000000000000000e+02,2.060000000000000000e+02,1.680000000000000000e+02,1.510000000000000000e+02
0.000000000000000000e+00,2.395959595959595845e+00,1.550000000000000000e+02,1.800000000000000000e+02,1.510000000000000000e+02,8.300000000000000000e+01,9.500000000000000000e+01
0.000000000000000000e+00,2.365757575757575726e+00,8.000000000000000000e+01,6.000000000000000000e+00,7.000000000000000000e+01,3.000000000000000000e+00,1.900000000000000000e+01
0.000000000000000000e+00,2.365757575757575726e+00,2.000000000000000000e+02,2.250000000000000000e+02,1.870000000000000000e+02,1.630000000000000000e+02,1.470000000000000000e+02
0.000000000000000000e+00,2.365757575757575726e+00,1.550000000000000000e+02,1.820000000000000000e+02,1.690000000000000000e+02,8.400000000000000000e+01,9.600000000000000000e+01
0.000000000000000000e+00,2.335555555555555607e+00,8.000000000000000000e+01,7.000000000000000000e+00,7.900000000000000000e+01,4.000000000000000000e+00,2.900000000000000000e+01
0.000000000000000000e+00,2.335555555555555607e+00,2.000000000000000000e+02,2.280000000000000000e+02,1.950000000000000000e+02,1.680000000000000000e+02,1.550000000000000000e+02
0.000000000000000000e+00,2.335555555555555607e+00,1.550000000000000000e+02,1.770000000000000000e+02,1.750000000000000000e+02,8.200000000000000000e+01,1.170000000000000000e+02
0.000000000000000000e+00,2.305353535353535488e+00,8.000000000000000000e+01,7.000000000000000000e+00,8.100000000000000000e+01,4.000000000000000000e+00,2.900000000000000000e+01
0.000000000000000000e+00,2.305353535353535488e+00,2.000000000000000000e+02,2.290000000000000000e+02,1.950000000000000000e+02,1.720000000000000000e+02,1.560000000000000000e+02
0.000000000000000000e+00,2.305353535353535488e+00,1.550000000000000000e+02,1.780000000000000000e+02,1.790000000000000000e+02,8.800000000000000000e+01,1.200000000000000000e+02
0.000000000000000000e+00,2.275151515151515369e+00,8.000000000000000000e+01,8.000000000000000000e+00,7.300000000000000000e+01,4.000000000000000000e+00,2.500000000000000000e+01
0.000000000000000000e+00,2.275151515151515369e+00,2.000000000000000000e+02,2.310000000000000000e+02,1.960000000000000000e+02,1.760000000000000000e+02,1.500000000000000000e+02
0.000000000000000000e+00,2.275151515151515369e+00,1.550000000000000000e+02,1.780000000000000000e+02,1.790000000000000000e+02,8.800000000000000000e+01,1.160000000000000000e+02
0.000000000000000000e+00,2.244949494949494806e+00,8.000000000000000000e+01,7.000000000000000000e+00,7.800000000000000000e+01,3.000000000000000000e+00,2.400000000000000000e+01
0.000000000000000000e+00,2.244949494949494806e+00,2.000000000000000000e+02,2.350000000000000000e+02,2.020000000000000000e+02,1.790000000000000000e+02,1.630000000000000000e+02
0.000000000000000000e+00,2.244949494949494806e+00,1.550000000000000000e+02,1.760000000000000000e+02,1.730000000000000000e+02,8.900000000000000000e+01,1.130000000000000000e+02
0.000000000000000000e+00,2.214747474747474687e+00,8.000000000000000000e+01,6.000000000000000000e+00,7.900000000000000000e+01,3.000000000000000000e+00,2.700000000000000000e+01
0.000000000000000000e+00,2.214747474747474687e+00,2.000000000000000000e+02,2.370000000000000000e+02,2.080000000000000000e+02,1.830000000000000000e+02,1.700000000000000000e+02
0.000000000000000000e+00,2.214747474747474687e+00,1.550000000000000000e+02,1.780000000000000000e+02,1.670000000000000000e+02,9.200000000000000000e+01,1.040000000000000000e+02
0.000000000000000000e+00,2.184545454545454568e+00,8.000000000000000000e+01,6.000000000000000000e+00,8.700000000000000000e+01,3.000000000000000000e+00,3.200000000000000000e+01
0.000000000000000000e+00,2.184545454545454568e+00,2.000000000000000000e+02,2.320000000000000000e+02,1.930000000000000000e+02,1.810000000000000000e+02,1.510000000000000000e+02
0.000000000000000000e+00,2.184545454545454568e+00,1.550000000000000000e+02,1.780000000000000000e+02,1.770000000000000000e+02,9.500000000000000000e+01,1.230000000000000000e+02
0.000000000000000000e+00,2.154343434343434449e+00,8.000000000000000000e+01,7.000000000000000000e+00,7.700000000000000000e+01,3.000000000000000000e+00,2.300000000000000000e+01
0.000000000000000000e+00,2.154343434343434449e+00,2.000000000000000000e+02,2.380000000000000000e+02,1.990000000000000000e+02,1.860000000000000000e+02,1.640000000000000000e+02
0.000000000000000000e+00,2.154343434343434449e+00,1.550000000000000000e+02,1.770000000000000000e+02,1.920000000000000000e+02,1.000000000000000000e+02,1.300000000000000000e+02
0.000000000000000000e+00,2.124141414141414330e+00,8.000000000000000000e+01,7.000000000000000000e+00,8.500000000000000000e+01,4.000000000000000000e+00,3.300000000000000000e+01
0.000000000000000000e+00,2.124141414141414330e+00,2.000000000000000000e+02,2.390000000000000000e+02,2.110000000000000000e+02,1.860000000000000000e+02,1.710000000000000000e+02
0.000000000000000000e+00,2.124141414141414330e+00,1.550000000000000000e+02,1.740000000000000000e+02,1.730000000000000000e+02,9.400000000000000000e+01,1.080000000000000000e+02
0.000000000000000000e+00,2.093939393939393767e+00,8.000000000000000000e+01,8.000000000000000000e+00,9.000000000000000000e+01,4.000000000000000000e+00,3.300000000000000000e+01
0.000000000000000000e+00,2.093939393939393767e+00,2.000000000000000000e+02,2.410000000000000000e+02,2.090000000000000000e+02,1.870000000000000000e+02,1.700000000000000000e+02
0.000000000000000000e+00,2.093939393939393767e+00,1.550000000000000000e+02,1.710000000000000000e+02,1.770000000000000000e+02,9.000000000000000000e+01,1.230000000000000000e+02
0.000000000000000000e+00,2.063737373737373648e+00,8.000000000000000000e+01,5.000000000000000000e+00,7.700000000000000000e+01,3.000000000000000000e+00,2.100000000000000000e+01
0.000000000000000000e+00,2.063737373737373648e+00,2.000000000000000000e+02,2.420000000000000000e+02,2.080000000000000000e+02,1.880000000000000000e+02,1.770000000000000000e+02
0.000000000000000000e+00,2.063737373737373648e+00,1.550000000000000000e+02,1.690000000000000000e+02,1.760000000000000000e+02,9.500000000000000000e+01,1.230000000000000000e+02
0.000000000000000000e+00,2.033535353535353529e+00,8.000000000000000000e+01,9.000000000000000000e+00,9.300000000000000000e+01,4.000000000000000000e+00,3.000000000000000000e+01
0.000000000000000000e+00,2.033535353535353529e+00,2.000000000000000000e+02,2.400000000000000000e+02,2.190000000000000000e+02,1.900000000000000000e+02,1.790000000000000000e+02
0.000000000000000000e+00,2.033535353535353529e+00,1.550000000000000000e+02,1.730000000000000000e+02,1.730000000000000000e+02,9.600000000000000000e+01,1.160000000000000000e+02
0.000000000000000000e+00,2.003333333333333410e+00,8.000000000000000000e+01,7.000000000000000000e+00,7.500000000000000000e+01,3.000000000000000000e+00,2.900000000000000000e+01
0.000000000000000000e+00,2.003333333333333410e+00,2.000000000000000000e+02,2.440000000000000000e+02,2.040000000000000000e+02,1.940000000000000000e+02,1.660000000000000000e+02
0.000000000000000000e+00,2.003333333333333410e+00,1.550000000000000000e+02,1.710000000000000000e+02,1.800000000000000000e+02,1.020000000000000000e+02,1.270000000000000000e+02
0.000000000000000000e+00,1.973131313131313291e+00,8.000000000000000000e+01,8.000000000000000000e+00,8.700000000000000000e+01,3.000000000000000000e+00,3.500000000000000000e+01
0.000000000000000000e+00,1.973131313131313291e+00,2.000000000000000000e+02,2.420000000000000000e+02,2.040000000000000000e+02,1.900000000000000000e+02,1.660000000000000000e+02
0.000000000000000000e+00,1.973131313131313291e+00,1.550000000000000000e+02,1.670000000000000000e+02,1.860000000000000000e+02,1.010000000000000000e+02,1.300000000000000000e+02
0.000000000000000000e+00,1.942929292929293172e+00,8.000000000000000000e+01,6.000000000000000000e+00,8.600000000000000000e+01,4.000000000000000000e+00,2.800000000000000000e+01
0.000000000000000000e+00,1.942929292929293172e+00,2.000000000000000000e+02,2.450000000000000000e+02,2.300000000000000000e+02,1.940000000000000000e+02,1.880000000000000000e+02
0.000000000000000000e+00,1.942929292929293172e+00,1.550000000000000000e+02,1.750000000000000000e+02,1.760000000000000000e+02,1.100000000000000000e+02,1.180000000000000000e+02
0.000000000000000000e+00,1.912727272727273053e+00,8.000000000000000000e+01,7.000000000000000000e+00,1.030000000000000000e+02,2.000000000000000000e+00,3.200000000000000000e+01
0.000000000000000000e+00,1.912727272727273053e+00,2.000000000000000000e+02,2.460000000000000000e+02,2.240000000000000000e+02,1.940000000000000000e+02,1.830000000000000000e+02
0.000000000000000000e+00,1.912727272727273053e+00,1.550000000000000000e+02,1.720000000000000000e+02,2.010000000000000000e+02,1.030000000000000000e+02,1.430000000000000000e+02
0.000000000000000000e+00,1.882525252525252712e+00,8.000000000000000000e+01,1.000000000000000000e+01,1.090000000000000000e+02,5.000000000000000000e+00,4.100000000000000000e+01
0.000000000000000000e+00,1.882525252525252712e+00,2.000000000000000000e+02,2.490000000000000000e+02,2.240000000000000000e+02,1.990000000000000000e+02,1.850000000000000000e+02
0.000000000000000000e+00,1.882525252525252712e+00,1.550000000000000000e+02,1.680000000000000000e+02,1.810000000000000000e+02,9.500000000000000000e+01,1.360000000000000000e+02
0.000000000000000000e+00,1.852323232323232594e+00,8.000000000000000000e+01,7.000000000000000000e+00,1.050000000000000000e+02,6.000000000000000000e+00,4.400000000000000000e+01
0.000000000000000000e+00,1.852323232323232594e+00,2.000000000000000000e+02,2.540000000000000000e+02,2.170000000000000000e+02,2.060000000000000000e+02,1.860000000000000000e+02
0.000000000000000000e+00,1.852323232323232594e+00,1.550000000000000000e+02,1.720000000000000000e+02,1.830000000000000000e+02,1.020000000000000000e+02,1.340000000000000000e+02
0.000000000000000000e+00,1.822121212121212253e+00,8.000000000000000000e+01,9.000000000000000000e+00,9.200000000000000000e+01,5.000000000000000000e+00,4.200000000000000000e+01
0.000000000000000000e+00,1.822121212121212253e+00,2.000000000000000000e+02,2.560000000000000000e+02,2.310000000000000000e+02,2.080000000000000000e+02,1.910000000000000000e+02
0.000000000000000000e+00,1.822121212121212253e+00,1.550000000000000000e+02,1.730000000000000000e+02,1.990000000000000000e+02,1.040000000000000000e+02,1.420000000000000000e+02
0.000000000000000000e+00,1.791919191919192134e+00,8.000000000000000000e+01,9.000000000000000000e+00,9.500000000000000000e+01,4.000000000000000000e+00,3.500000000000000000e+01
0.000000000000000000e+00,1.791919191919192134e+00,2.000000000000000000e+02,2.600000000000000000e+02,2.370000000000000000e+02,2.130000000000000000e+02,1.930000000000000000e+02
0.000000000000000000e+00,1.791919191919192134e+00,1.550000000000000000e+02,1.730000000000000000e+02,1.890000000000000000e+02,1.020000000000000000e+02,1.400000000000000000e+02
0.000000000000000000e+00,1.761717171717172015e+00,8.000000000000000000e+01,1.400000000000000000e+01,9.700000000000000000e+01,6.000000000000000000e+00,3.900000000000000000e+01
0.000000000000000000e+00,1.761717171717172015e+00,2.000000000000000000e+02,2.590000000000000000e+02,2.270000000000000000e+02,2.160000000000000000e+02,1.850000000000000000e+02
0.000000000000000000e+00,1.761717171717172015e+00,1.550000000000000000e+02,1.710000000000000000e+02,1.970000000000000000e+02,1.040000000000000000e+02,1.320000000000000000e+02
0.000000000000000000e+00,1.731515151515151674e+00,8.000000000000000000e+01,1.300000000000000000e+01,1.060000000000000000e+02,3.000000000000000000e+00,4.200000000000000000e+01
0.000000000000000000e+00,1.731515151515151674e+00,2.000000000000000000e+02,2.670000000000000000e+02,2.200000000000000000e+02,2.240000000000000000e+02,1.740000000000000000e+02
0.000000000000000000e+00,1.731515151515151674e+00,1.550000000000000000e+02,1.730000000000000000e+02,2.020000000000000000e+02,1.010000000000000000e+02,1.480000000000000000e+02
0.000000000000000000e+00,1.701313131313131555e+00,8.000000000000000000e+01,1.200000000000000000e+01,1.100000000000000000e+02,3.000000000000000000e+00,4.700000000000000000e+01
0.000000000000000000e+00,1.701313131313131555e+00,2.000000000000000000e+02,2.680000000000000000e+02,2.280000000000000000e+02,2.270000000000000000e+02,1.990000000000000000e+02
0.000000000000000000e+00,1.701313131313131555e+00,1.550000000000000000e+02,1.740000000000000000e+02,2.000000000000000000e+02,1.010000000000000000e+02,1.450000000000000000e+02
0.000000000000000000e+00,1.671111111111111214e+00,8.000000000000000000e+01,1.400000000000000000e+01,1.060000000000000000e+02,3.000000000000000000e+00,4.300000000000000000e+01
0.000000000000000000e+00,1.671111111111111214e+00,2.000000000000000000e+02,2.670000000000000000e+02,2.430000000000000000e+02,2.270000000000000000e+02,2.060000000000000000e+02
0.000000000000000000e+00,1.671111111111111214e+00,1.550000000000000000e+02,1.780000000000000000e+02,2.170000000000000000e+02,1.140000000000000000e+02,1.530000000000000000e+02
0.000000000000000000e+00,1.640909090909091095e+00,8.000000000000000000e+01,1.100000000000000000e+01,1.040000000000000000e+02,3.000000000000000000e+00,3.400000000000000000e+01
0.000000000000000000e+00,1.640909090909091095e+00,2.000000000000000000e+02,2.680000000000000000e+02,2.370000000000000000e+02,2.280000000000000000e+02,1.970000000000000000e+02
0.000000000000000000e+00,1.640909090909091095e+00,1.550000000000000000e+02,1.820000000000000000e+02,2.070000000000000000e+02,1.180000000000000000e+02,1.450000000000000000e+02
0.000000000000000000e+00,1.610707070707070976e+00,8.000000000000000000e+01,1.500000000000000000e+01,9.700000000000000000e+01,5.000000000000000000e+00,4.000000000000000000e+01
0.000000000000000000e+00,1.610707070707070976e+00,2.000000000000000000e+02,2.660000000000000000e+02,2.320000000000000000e+02,2.280000000000000000e+02,1.910000000000000000e+02
0.000000000000000000e+00,1.610707070707070976e+00,1.550000000000000000e+02,1.830000000000000000e+02,2.060000000000000000e+02,1.180000000000000000e+02,1.420000000000000000e+02
0.000000000000000000e+00,1.580505050505050635e+00,8.000000000000000000e+01,2.000000000000000000e+01,1.060000000000000000e+02,4.000000000000000000e+00,4.200000000000000000e+01
0.000000000000000000e+00,1.580505050505050635e+00,2.000000000000000000e+02,2.670000000000000000e+02,2.460000000000000000e+02,2.280000000000000000e+02,2.050000000000000000e+02
0.000000000000000000e+00,1.580505050505050635e+00,1.550000000000000000e+02,1.840000000000000000e+02,1.990000000000000000e+02,1.190000000000000000e+02,1.460000000000000000e+02
0.000000000000000000e+00,1.550303030303030516e+00,8.000000000000000000e+01,1.900000000000000000e+01,1.150000000000000000e+02,2.000000000000000000e+00,5.300000000000000000e+01
0.000000000000000000e+00,1.550303030303030516e+00,2.000000000000000000e+02,2.710000000000000000e+02,2.480000000000000000e+02,2.310000000000000000e+02,2.100000000000000000e+02
0.000000000000000000e+00,1.550303030303030516e+00,1.550000000000000000e+02,1.870000000000000000e+02,2.200000000000000000e+02,1.250000000000000000e+02,1.600000000000000000e+02
0.000000000000000000e+00,1.520101010101010397e+00,8.000000000000000000e+01,2.000000000000000000e+01,1.070000000000000000e+02,4.000000000000000000e+00,5.100000000000000000e+01
0.000000000000000000e+00,1.520101010101010397e+00,2.000000000000000000e+02,2.690000000000000000e+02,2.450000000000000000e+02,2.320000000000000000e+02,2.130000000000000000e+02
0.000000000000000000e+00,1.520101010101010397e+00,1.550000000000000000e+02,1.850000000000000000e+02,2.260000000000000000e+02,1.270000000000000000e+02,1.630000000000000000e+02
0.000000000000000000e+00,1.489898989898990056e+00,8.000000000000000000e+01,2.100000000000000000e+01,1.160000000000000000e+02,5.000000000000000000e+00,4.400000000000000000e+01
0.000000000000000000e+00,1.489898989898990056e+00,2.000000000000000000e+02,2.760000000000000000e+02,2.530000000000000000e+02,2.390000000000000000e+02,2.190000000000000000e+02
0.000000000000000000e+00,1.489898989898990056e+00,1.550000000000000000e+02,1.880000000000000000e+02,2.140000000000000000e+02,1.270000000000000000e+02,1.630000000000000000e+02
0.000000000000000000e+00,1.459696969696969937e+00,8.000000000000000000e+01,2.100000000000000000e+01,1.220000000000000000e+02,5.000000000000000000e+00,4.600000000000000000e+01
0.000000000000000000e+00,1.459696969696969937e+00,2.000000000000000000e+02,2.770000000000000000e+02,2.520000000000000000e+02,2.360000000000000000e+02,2.100000000000000000e+02
0.000000000000000000e+00,1.459696969696969937e+00,1.550000000000000000e+02,1.930000000000000000e+02,2.230000000000000000e+02,1.330000000000000000e+02,1.660000000000000000e+02
0.000000000000000000e+00,1.429494949494949596e+00,8.000000000000000000e+01,2.400000000000000000e+01,1.150000000000000000e+02,3.000000000000000000e+00,5.600000000000000000e+01
0.000000000000000000e+00,1.429494949494949596e+00,2.000000000000000000e+02,2.780000000000000000e+02,2.620000000000000000e+02,2.360000000000000000e+02,2.210000000000000000e+02
0.000000000000000000e+00,1.429494949494949596e+00,1.550000000000000000e+02,2.010000000000000000e+02,2.320000000000000000e+02,1.380000000000000000e+02,1.650000000000000000e+02
0.000000000000000000e+00,1.399292929292929477e+00,8.000000000000000000e+01,2.900000000000000000e+01,1.280000000000000000e+02,4.000000000000000000e+00,5.900000000000000000e+01
0.000000000000000000e+00,1.399292929292929477e+00,2.000000000000000000e+02,2.750000000000000000e+02,2.570000000000000000e+02,2.370000000000000000e+02,2.180000000000000000e+02
0.000000000000000000e+00,1.399292929292929477e+00,1.550000000000000000e+02,2.070000000000000000e+02,2.240000000000000000e+02,1.430000000000000000e+02,1.580000000000000000e+02
0.000000000000000000e+00,1.369090909090909358e+00,8.000000000000000000e+01,2.700000000000000000e+01,1.290000000000000000e+02,4.000000000000000000e+00,5.600000000000000000e+01
0.000000000000000000e+00,1.369090909090909358e+00,2.000000000000000000e+02,2.760000000000000000e+02,2.590000000000000000e+02,2.360000000000000000e+02,2.190000000000000000e+02
0.000000000000000000e+00,1.369090909090909358e+00,1.550000000000000000e+02,2.050000000000000000e+02,2.380000000000000000e+02,1.400000000000000000e+02,1.700000000000000000e+02
0.000000000000000000e+00,1.338888888888889017e+00,8.000000000000000000e+01,2.900000000000000000e+01,1.240000000000000000e+02,2.000000000000000000e+00,5.700000000000000000e+01
0.000000000000000000e+00,1.338888888888889017e+00,2.000000000000000000e+02,2.750000000000000000e+02,2.540000000000000000e+02,2.380000000000000000e+02,2.160000000000000000e+02
0.000000000000000000e+00,1.338888888888889017e+00,1.550000000000000000e+02,2.040000000000000000e+02,2.200000000000000000e+02,1.360000000000000000e+02,1.690000000000000000e+02
0.000000000000000000e+00,1.308686868686868898e+00,8.000000000000000000e+01,3.200000000000000000e+01,1.270000000000000000e+02,3.000000000000000000e+00,6.800000000000000000e+01
0.000000000000000000e+00,1.308686868686868898e+00,2.000000000000000000e+02,2.750000000000000000e+02,2.600000000000000000e+02,2.380000000000000000e+02,2.140000000000000000e+02
0.000000000000000000e+00,1.308686868686868898e+00,1.550000000000000000e+02,2.140000000000000000e+02,2.190000000000000000e+02,1.420000000000000000e+02,1.630000000000000000e+02
0.000000000000000000e+00,1.278484848484848557e+00,8.000000000000000000e+01,3.200000000000000000e+01,1.330000000000000000e+02,4.000000000000000000e+00,5.600000000000000000e+01
0.000000000000000000e+00,1.278484848484848557e+00,2.000000000000000000e+02,2.750000000000000000e+02,2.520000000000000000e+02,2.370000000000000000e+02,2.210000000000000000e+02
0.000000000000000000e+00,1.278484848484848557e+00,1.550000000000000000e+02,2.180000000000000000e+02,2.300000000000000000e+02,1.510000000000000000e+02,1.760000000000000000e+02
0.000000000000000000e+00,1.248282828282828438e+00,8.000000000000000000e+01,3.600000000000000000e+01,1.330000000000000000e+02,8.000000000000000000e+00,7.000000000000000000e+01
0.000000000000000000e+00,1.248282828282828438e+00,2.000000000000000000e+02,2.700000000000000000e+02,2.690000000000000000e+02,2.330000000000000000e+02,2.320000000000000000e+02
0.000000000000000000e+00,1.248282828282828438e+00,1.550000000000000000e+02,2.200000000000000000e+02,2.320000000000000000e+02,1.580000000000000000e+02,1.860000000000000000e+02
0.000000000000000000e+00,1.218080808080808319e+00,8.000000000000000000e+01,3.600000000000000000e+01,1.270000000000000000e+02,8.000000000000000000e+00,6.400000000000000000e+01
0.000000000000000000e+00,1.218080808080808319e+00,2.000000000000000000e+02,2.700000000000000000e+02,2.640000000000000000e+02,2.350000000000000000e+02,2.270000000000000000e+02
0.000000000000000000e+00,1.218080808080808319e+00,1.550000000000000000e+02,2.210000000000000000e+02,2.460000000000000000e+02,1.550000000000000000e+02,1.900000000000000000e+02
0.000000000000000000e+00,1.187878787878787978e+00,8.000000000000000000e+01,3.400000000000000000e+01,1.210000000000000000e+02,6.000000000000000000e+00,5.700000000000000000e+01
0.000000000000000000e+00,1.187878787878787978e+00,2.000000000000000000e+02,2.700000000000000000e+02,2.750000000000000000e+02,2.370000000000000000e+02,2.380000000000000000e+02
0.000000000000000000e+00,1.187878787878787978e+00,1.550000000000000000e+02,2.210000000000000000e+02,2.460000000000000000e+02,1.540000000000000000e+02,1.910000000000000000e+02
0.000000000000000000e+00,1.157676767676767859e+00,8.000000000000000000e+01,3.400000000000000000e+01,1.310000000000000000e+02,7.000000000000000000e+00,6.600000000000000000e+01
0.000000000000000000e+00,1.157676767676767859e+00,2.000000000000000000e+02,2.680000000000000000e+02,2.610000000000000000e+02,2.330000000000000000e+02,2.230000000000000000e+02
0.000000000000000000e+00,1.157676767676767859e+00,1.550000000000000000e+02,2.240000000000000000e+02,2.220000000000000000e+02,1.580000000000000000e+02,1.710000000000000000e+02
0.000000000000000000e+00,1.127474747474747518e+00,8.000000000000000000e+01,3.800000000000000000e+01,1.410000000000000000e+02,8.000000000000000000e+00,6.400000000000000000e+01
0.000000000000000000e+00,1.127474747474747518e+00,2.000000000000000000e+02,2.690000000000000000e+02,2.650000000000000000e+02,2.390000000000000000e+02,2.330000000000000000e+02
0.000000000000000000e+00,1.127474747474747518e+00,1.550000000000000000e+02,2.260000000000000000e+02,2.410000000000000000e+02,1.530000000000000000e+02,1.840000000000000000e+02
0.000000000000000000e+00,1.097272727272727399e+00,8.000000000000000000e+01,4.100000000000000000e+01,1.260000000000000000e+02,9.000000000000000000e+00,7.200000000000000000e+01
0.000000000000000000e+00,1.097272727272727399e+00,2.000000000000000000e+02,2.720000000000000000e+02,2.820000000000000000e+02,2.410000000000000000e+02,2.470000000000000000e+02
0.000000000000000000e+00,1.097272727272727399e+00,1.550000000000000000e+02,2.280000000000000000e+02,2.350000000000000000e+02,1.570000000000000000e+02,1.820000000000000000e+02
0.000000000000000000e+00,1.067070707070707281e+00,8.000000000000000000e+01,4.300000000000000000e+01,1.440000000000000000e+02,8.000000000000000000e+00,7.300000000000000000e+01
0.000000000000000000e+00,1.067070707070707281e+00,2.000000000000000000e+02,2.720000000000000000e+02,2.670000000000000000e+02,2.450000000000000000e+02,2.320000000000000000e+02
0.000000000000000000e+00,1.067070707070707281e+00,1.550000000000000000e+02,2.280000000000000000e+02,2.340000000000000000e+02,1.640000000000000000e+02,1.880000000000000000e+02
0.000000000000000000e+00,1.036868686868686940e+00,8.000000000000000000e+01,4.700000000000000000e+01,1.360000000000000000e+02,1.100000000000000000e+01,7.300000000000000000e+01
0.000000000000000000e+00,1.036868686868686940e+00,2.000000000000000000e+02,2.760000000000000000e+02,2.720000000000000000e+02,2.470000000000000000e+02,2.340000000000000000e+02
0.000000000000000000e+00,1.036868686868686940e+00,1.550000000000000000e+02,2.300000000000000000e+02,2.350000000000000000e+02,1.720000000000000000e+02,1.900000000000000000e+02
0.000000000000000000e+00,1.006666666666666821e+00,8.000000000000000000e+01,3.900000000000000000e+01,1.360000000000000000e+02,6.000000000000000000e+00,6.800000000000000000e+01
0.000000000000000000e+00,1.006666666666666821e+00,2.000000000000000000e+02,2.790000000000000000e+02,2.710000000000000000e+02,2.510000000000000000e+02,2.440000000000000000e+02
0.000000000000000000e+00,1.006666666666666821e+00,1.550000000000000000e+02,2.280000000000000000e+02,2.490000000000000000e+02,1.720000000000000000e+02,2.030000000000000000e+02
0.000000000000000000e+00,9.764646464646465907e-01,8.000000000000000000e+01,3.700000000000000000e+01,1.460000000000000000e+02,3.000000000000000000e+00,7.300000000000000000e+01
0.000000000000000000e+00,9.764646464646465907e-01,2.000000000000000000e+02,2.800000000000000000e+02,2.790000000000000000e+02,2.550000000000000000e+02,2.470000000000000000e+02
0.000000000000000000e+00,9.764646464646465907e-01,1.550000000000000000e+02,2.300000000000000000e+02,2.390000000000000000e+02,1.700000000000000000e+02,1.870000000000000000e+02
0.000000000000000000e+00,9.462626262626263607e-01,8.000000000000000000e+01,3.900000000000000000e+01,1.520000000000000000e+02,4.000000000000000000e+00,8.900000000000000000e+01
0.000000000000000000e+00,9.462626262626263607e-01,2.000000000000000000e+02,2.760000000000000000e+02,2.750000000000000000e+02,2.530000000000000000e+02,2.400000000000000000e+02
0.000000000000000000e+00,9.462626262626263607e-01,1.550000000000000000e+02,2.320000000000000000e+02,2.380000000000000000e+02,1.780000000000000000e+02,1.890000000000000000e+02
0.000000000000000000e+00,9.160606060606061307e-01,8.000000000000000000e+01,3.800000000000000000e+01,1.490000000000000000e+02,4.000000000000000000e+00,7.900000000000000000e+01
0.000000000000000000e+00,9.160606060606061307e-01,2.000000000000000000e+02,2.740000000000000000e+02,2.810000000000000000e+02,2.520000000000000000e+02,2.500000000000000000e+02
0.000000000000000000e+00,9.160606060606061307e-01,1.550000000000000000e+02,2.320000000000000000e+02,2.470000000000000000e+02,1.760000000000000000e+02,2.030000000000000000e+02
0.000000000000000000e+00,8.858585858585860118e-01,8.000000000000000000e+01,4.000000000000000000e+01,1.540000000000000000e+02,3.000000000000000000e+00,7.900000000000000000e+01
0.000000000000000000e+00,8.858585858585860118e-01,2.000000000000000000e+02,2.770000000000000000e+02,2.730000000000000000e+02,2.580000000000000000e+02,2.450000000000000000e+02
0.000000000000000000e+00,8.858585858585860118e-01,1.550000000000000000e+02,2.340000000000000000e+02,2.440000000000000000e+02,1.760000000000000000e+02,1.970000000000000000e+02
0.000000000000000000e+00,8.556565656565657818e-01,8.000000000000000000e+01,3.900000000000000000e+01,1.570000000000000000e+02,6.000000000000000000e+00,8.500000000000000000e+01
0.000000000000000000e+00,8.556565656565657818e-01,2.000000000000000000e+02,2.770000000000000000e+02,2.850000000000000000e+02,2.540000000000000000e+02,2.570000000000000000e+02
0.000000000000000000e+00,8.556565656565657818e-01,1.550000000000000000e+02,2.360000000000000000e+02,2.640000000000000000e+02,1.810000000000000000e+02,2.110000000000000000e+02
0.000000000000000000e+00,8.254545454545455518e-01,8.000000000000000000e+01,4.500000000000000000e+01,1.500000000000000000e+02,8.000000000000000000e+00,8.300000000000000000e+01
0.000000000000000000e+00,8.254545454545455518e-01,2.000000000000000000e+02,2.790000000000000000e+02,2.860000000000000000e+02,2.610000000000000000e+02,2.650000000000000000e+02
0.000000000000000000e+00,8.254545454545455518e-01,1.550000000000000000e+02,2.330000000000000000e+02,2.610000000000000000e+02,1.790000000000000000e+02,2.100000000000000000e+02
0.000000000000000000e+00,7.952525252525253219e-01,8.000000000000000000e+01,4.400000000000000000e+01,1.550000000000000000e+02,9.000000000000000000e+00,8.400000000000000000e+01
0.000000000000000000e+00,7.952525252525253219e-01,2.000000000000000000e+02,2.800000000000000000e+02,2.880000000000000000e+02,2.550000000000000000e+02,2.640000000000000000e+02
0.000000000000000000e+00,7.952525252525253219e-01,1.550000000000000000e+02,2.380000000000000000e+02,2.490000000000000000e+02,1.850000000000000000e+02,2.150000000000000000e+02
0.000000000000000000e+00,7.650505050505052029e-01,8.000000000000000000e+01,5.200000000000000000e+01,1.580000000000000000e+02,1.500000000000000000e+01,9.500000000000000000e+01
0.000000000000000000e+00,7.650505050505052029e-01,2.000000000000000000e+02,2.830000000000000000e+02,2.850000000000000000e+02,2.580000000000000000e+02,2.560000000000000000e+02
0.000000000000000000e+00,7.650505050505052029e-01,1.550000000000000000e+02,2.420000000000000000e+02,2.540000000000000000e+02,1.930000000000000000e+02,2.110000000000000000e+02
0.000000000000000000e+00,7.348484848484849730e-01,8.000000000000000000e+01,5.600000000000000000e+01,1.560000000000000000e+02,1.500000000000000000e+01,9.500000000000000000e+01
0.000000000000000000e+00,7.348484848484849730e-01,2.000000000000000000e+02,2.890000000000000000e+02,2.920000000000000000e+02,2.690000000000000000e+02,2.580000000000000000e+02
0.000000000000000000e+00,7.348484848484849730e-01,1.550000000000000000e+02,2.430000000000000000e+02,2.530000000000000000e+02,1.940000000000000000e+02,2.070000000000000000e+02
0.000000000000000000e+00,7.046464646464647430e-01,8.000000000000000000e+01,6.100000000000000000e+01,1.710000000000000000e+02,1.800000000000000000e+01,1.060000000000000000e+02
0.000000000000000000e+00,7.046464646464647430e-01,2.000000000000000000e+02,2.910000000000000000e+02,2.920000000000000000e+02,2.710000000000000000e+02,2.670000000000000000e+02
0.000000000000000000e+00,7.046464646464647430e-01,1.550000000000000000e+02,2.470000000000000000e+02,2.610000000000000000e+02,1.990000000000000000e+02,2.250000000000000000e+02
0.000000000000000000e+00,6.744444444444445130e-01,8.000000000000000000e+01,6.200000000000000000e+01,1.660000000000000000e+02,1.900000000000000000e+01,9.100000000000000000e+01
0.000000000000000000e+00,6.744444444444445130e-01,2.000000000000000000e+02,2.910000000000000000e+02,2.870000000000000000e+02,2.730000000000000000e+02,2.630000000000000000e+02
0.000000000000000000e+00,6.744444444444445130e-01,1.550000000000000000e+02,2.510000000000000000e+02,2.640000000000000000e+02,2.020000000000000000e+02,2.210000000000000000e+02
0.000000000000000000e+00,6.442424242424242831e-01,8.000000000000000000e+01,6.400000000000000000e+01,1.670000000000000000e+02,1.400000000000000000e+01,9.300000000000000000e+01
0.000000000000000000e+00,6.442424242424242831e-01,2.000000000000000000e+02,2.940000000000000000e+02,2.860000000000000000e+02,2.750000000000000000e+02,2.550000000000000000e+02
0.000000000000000000e+00,6.442424242424242831e-01,1.550000000000000000e+02,2.510000000000000000e+02,2.640000000000000000e+02,2.070000000000000000e+02,2.220000000000000000e+02
0.000000000000000000e+00,6.140404040404041641e-01,8.000000000000000000e+01,6.600000000000000000e+01,1.750000000000000000e+02,2.000000000000000000e+01,1.130000000000000000e+02
0.000000000000000000e+00,6.140404040404041641e-01,2.000000000000000000e+02,2.930000000000000000e+02,2.890000000000000000e+02,2.770000000000000000e+02,2.630000000000000000e+02
0.000000000000000000e+00,6.140404040404041641e-01,1.550000000000000000e+02,2.510000000000000000e+02,2.640000000000000000e+02,2.090000000000000000e+02,2.250000000000000000e+02
0.000000000000000000e+00,5.838383838383839342e-01,8.000000000000000000e+01,6.800000000000000000e+01,1.720000000000000000e+02,2.300000000000000000e+01,1.060000000000000000e+02
0.000000000000000000e+00,5.838383838383839342e-01,2.000000000000000000e+02,2.970000000000000000e+02,2.910000000000000000e+02,2.820000000000000000e+02,2.660000000000000000e+02
0.000000000000000000e+00,5.838383838383839342e-01,1.550000000000000000e+02,2.560000000000000000e+02,2.650000000000000000e+02,2.150000000000000000e+02,2.290000000000000000e+02
0.000000000000000000e+00,5.536363636363637042e-01,8.000000000000000000e+01,7.700000000000000000e+01,1.710000000000000000e+02,3.000000000000000000e+01,1.090000000000000000e+02
0.000000000000000000e+00,5.536363636363637042e-01,2.000000000000000000e+02,2.970000000000000000e+02,2.920000000000000000e+02,2.810000000000000000e+02,2.610000000000000000e+02
0.000000000000000000e+00,5.536363636363637042e-01,1.550000000000000000e+02,2.540000000000000000e+02,2.700000000000000000e+02,2.150000000000000000e+02,2.330000000000000000e+02
0.000000000000000000e+00,5.234343434343434742e-01,8.000000000000000000e+01,8.000000000000000000e+01,1.780000000000000000e+02,3.300000000000000000e+01,1.120000000000000000e+02
0.000000000000000000e+00,5.234343434343434742e-01,2.000000000000000000e+02,2.990000000000000000e+02,2.950000000000000000e+02,2.820000000000000000e+02,2.740000000000000000e+02
0.000000000000000000e+00,5.234343434343434742e-01,1.550000000000000000e+02,2.600000000000000000e+02,2.740000000000000000e+02,2.200000000000000000e+02,2.420000000000000000e+02
0.000000000000000000e+00,4.932323232323232998e-01,8.000000000000000000e+01,9.000000000000000000e+01,1.870000000000000000e+02,4.100000000000000000e+01,1.200000000000000000e+02
0.000000000000000000e+00,4.932323232323232998e-01,2.000000000000000000e+02,2.990000000000000000e+02,3.010000000000000000e+02,2.830000000000000000e+02,2.820000000000000000e+02
0.000000000000000000e+00,4.932323232323232998e-01,1.550000000000000000e+02,2.600000000000000000e+02,2.760000000000000000e+02,2.240000000000000000e+02,2.460000000000000000e+02
0.000000000000000000e+00,4.630303030303030698e-01,8.000000000000000000e+01,9.100000000000000000e+01,1.810000000000000000e+02,3.500000000000000000e+01,1.070000000000000000e+02
0.000000000000000000e+00,4.630303030303030698e-01,2.000000000000000000e+02,3.010000000000000000e+02,2.940000000000000000e+02,2.840000000000000000e+02,2.640000000000000000e+02
0.000000000000000000e+00,4.630303030303030698e-01,1.550000000000000000e+02,2.640000000000000000e+02,2.820000000000000000e+02,2.290000000000000000e+02,2.420000000000000000e+02
0.000000000000000000e+00,4.328282828282828953e-01,8.000000000000000000e+01,9.800000000000000000e+01,1.850000000000000000e+02,3.400000000000000000e+01,1.050000000000000000e+02
0.000000000000000000e+00,4.328282828282828953e-01,2.000000000000000000e+02,3.070000000000000000e+02,3.100000000000000000e+02,2.950000000000000000e+02,2.800000000000000000e+02
0.000000000000000000e+00,4.328282828282828953e-01,1.550000000000000000e+02,2.630000000000000000e+02,2.930000000000000000e+02,2.270000000000000000e+02,2.580000000000000000e+02
0.000000000000000000e+00,4.026262626262626654e-01,8.000000000000000000e+01,1.020000000000000000e+02,1.860000000000000000e+02,3.900000000000000000e+01,1.190000000000000000e+02
0.000000000000000000e+00,4.026262626262626654e-01,2.000000000000000000e+02,3.120000000000000000e+02,3.120000000000000000e+02,3.000000000000000000e+02,2.870000000000000000e+02
0.000000000000000000e+00,4.026262626262626654e-01,1.550000000000000000e+02,2.630000000000000000e+02,2.790000000000000000e+02,2.290000000000000000e+02,2.510000000000000000e+02
0.000000000000000000e+00,3.724242424242424909e-01,8.000000000000000000e+01,9.800000000000000000e+01,1.960000000000000000e+02,4.100000000000000000e+01,1.270000000000000000e+02
0.000000000000000000e+00,3.724242424242424909e-01,2.000000000000000000e+02,3.140000000000000000e+02,3.160000000000000000e+02,3.010000000000000000e+02,2.960000000000000000e+02
0.000000000000000000e+00,3.724242424242424909e-01,1.550000000000000000e+02,2.680000000000000000e+02,2.880000000000000000e+02,2.270000000000000000e+02,2.530000000000000000e+02
0.000000000000000000e+00,3.422222222222222610e-01,8.000000000000000000e+01,1.030000000000000000e+02,1.930000000000000000e+02,3.900000000000000000e+01,1.300000000000000000e+02
0.000000000000000000e+00,3.422222222222222610e-01,2.000000000000000000e+02,3.140000000000000000e+02,3.170000000000000000e+02,3.020000000000000000e+02,2.990000000000000000e+02
0.000000000000000000e+00,3.422222222222222610e-01,1.550000000000000000e+02,2.740000000000000000e+02,2.860000000000000000e+02,2.350000000000000000e+02,2.500000000000000000e+02
0.000000000000000000e+00,3.120202020202020865e-01,8.000000000000000000e+01,1.090000000000000000e+02,1.960000000000000000e+02,4.800000000000000000e+01,1.320000000000000000e+02
0.000000000000000000e+00,3.120202020202020865e-01,2.000000000000000000e+02,3.180000000000000000e+02,3.110000000000000000e+02,3.070000000000000000e+02,2.970000000000000000e+02
0.000000000000000000e+00,3.120202020202020865e-01,1.550000000000000000e+02,2.770000000000000000e+02,2.800000000000000000e+02,2.390000000000000000e+02,2.510000000000000000e+02
0.000000000000000000e+00,2.818181818181818565e-01,8.000000000000000000e+01,1.170000000000000000e+02,1.930000000000000000e+02,5.300000000000000000e+01,1.290000000000000000e+02
0.000000000000000000e+00,2.818181818181818565e-01,2.000000000000000000e+02,3.240000000000000000e+02,3.190000000000000000e+02,3.090000000000000000e+02,3.050000000000000000e+02
0.000000000000000000e+00,2.818181818181818565e-01,1.550000000000000000e+02,2.830000000000000000e+02,2.910000000000000000e+02,2.400000000000000000e+02,2.590000000000000000e+02
0.000000000000000000e+00,2.516161616161616266e-01,8.000000000000000000e+01,1.210000000000000000e+02,2.010000000000000000e+02,5.700000000000000000e+01,1.370000000000000000e+02
0.000000000000000000e+00,2.516161616161616266e-01,2.000000000000000000e+02,3.250000000000000000e+02,3.210000000000000000e+02,3.100000000000000000e+02,3.080000000000000000e+02
0.000000000000000000e+00,2.516161616161616266e-01,1.550000000000000000e+02,2.810000000000000000e+02,2.930000000000000000e+02,2.370000000000000000e+02,2.670000000000000000e+02
0.000000000000000000e+00,2.214141414141414521e-01,8.000000000000000000e+01,1.230000000000000000e+02,1.960000000000000000e+02,5.700000000000000000e+01,1.270000000000000000e+02
0.000000000000000000e+00,2.214141414141414521e-01,2.000000000000000000e+02,3.220000000000000000e+02,3.240000000000000000e+02,3.050000000000000000e+02,3.110000000000000000e+02
0.000000000000000000e+00,2.214141414141414521e-01,1.550000000000000000e+02,2.800000000000000000e+02,2.860000000000000000e+02,2.380000000000000000e+02,2.640000000000000000e+02
0.000000000000000000e+00,1.912121212121212499e-01,8.000000000000000000e+01,1.220000000000000000e+02,2.070000000000000000e+02,4.800000000000000000e+01,1.320000000000000000e+02
0.000000000000000000e+00,1.912121212121212499e-01,2.000000000000000000e+02,3.310000000000000000e+02,3.270000000000000000e+02,3.130000000000000000e+02,3.100000000000000000e+02
0.000000000000000000e+00,1.912121212121212499e-01,1.550000000000000000e+02,2.870000000000000000e+02,2.850000000000000000e+02,2.430000000000000000e+02,2.630000000000000000e+02
0.000000000000000000e+00,1.610101010101010477e-01,8.000000000000000000e+01,1.180000000000000000e+02,2.200000000000000000e+02,5.300000000000000000e+01,1.430000000000000000e+02
0.000000000000000000e+00,1.610101010101010477e-01,2.000000000000000000e+02,3.340000000000000000e+02,3.210000000000000000e+02,3.160000000000000000e+02,3.060000000000000000e+02
0.000000000000000000e+00,1.610101010101010477e-01,1.550000000000000000e+02,2.870000000000000000e+02,3.040000000000000000e+02,2.480000000000000000e+02,2.780000000000000000e+02
0.000000000000000000e+00,1.308080808080808177e-01,8.000000000000000000e+01,1.350000000000000000e+02,2.210000000000000000e+02,6.000000000000000000e+01,1.510000000000000000e+02
0.000000000000000000e+00,1.308080808080808177e-01,2.000000000000000000e+02,3.340000000000000000e+02,3.280000000000000000e+02,3.180000000000000000e+02,3.180000000000000000e+02
0.000000000000000000e+00,1.308080808080808177e-01,1.550000000000000000e+02,2.880000000000000000e+02,3.120000000000000000e+02,2.530000000000000000e+02,2.870000000000000000e+02
0.000000000000000000e+00,1.006060606060606155e-01,8.000000000000000000e+01,1.440000000000000000e+02,2.220000000000000000e+02,6.600000000000000000e+01,1.540000000000000000e+02
0.000000000000000000e+00,1.006060606060606155e-01,2.000000000000000000e+02,3.370000000000000000e+02,3.420000000000000000e+02,3.250000000000000000e+02,3.300000000000000000e+02
0.000000000000000000e+00,1.006060606060606155e-01,1.550000000000000000e+02,2.980000000000000000e+02,3.050000000000000000e+02,2.630000000000000000e+02,2.820000000000000000e+02
0.000000000000000000e+00,7.040404040404041330e-02,8.000000000000000000e+01,1.400000000000000000e+02,2.210000000000000000e+02,6.400000000000000000e+01,1.500000000000000000e+02
0.000000000000000000e+00,7.040404040404041330e-02,2.000000000000000000e+02,3.340000000000000000e+02,3.300000000000000000e+02,3.230000000000000000e+02,3.180000000000000000e+02
0.000000000000000000e+00,7.040404040404041330e-02,1.550000000000000000e+02,3.010000000000000000e+02,3.180000000000000000e+02,2.620000000000000000e+02,2.920000000000000000e+02
0.000000000000000000e+00,4.020202020202020415e-02,8.000000000000000000e+01,1.510000000000000000e+02,2.430000000000000000e+02,7.000000000000000000e+01,1.720000000000000000e+02
0.000000000000000000e+00,4.020202020202020415e-02,2.000000000000000000e+02,3.360000000000000000e+02,3.380000000000000000e+02,3.210000000000000000e+02,3.260000000000000000e+02
0.000000000000000000e+00,4.020202020202020415e-02,1.550000000000000000e+02,2.990000000000000000e+02,3.210000000000000000e+02,2.720000000000000000e+02,2.960000000000000000e+02
0.000000000000000000e+00,1.000000000000000021e-02,8.000000000000000000e+01,1.760000000000000000e+02,2.510000000000000000e+02,9.400000000000000000e+01,1.730000000000000000e+02
0.000000000000000000e+00,1.000000000000000021e-02,2.000000000000000000e+02,3.380000000000000000e+02,3.350000000000000000e+02,3.240000000000000000e+02,3.220000000000000000e+02
0.000000000000000000e+00,1.000000000000000021e-02,1.550000000000000000e+02,2.890000000000000000e+02,3.220000000000000000e+02,2.620000000000000000e+02,2.990000000000000000e+02
