3.000000000000000000e+00,2.000000000000000000e+00,1.550000000000000000e+02,0.000000000000000000e+00,0.000000000000000000e+00,0.000000000000000000e+00,0.000000000000000000e+00
3.000000000000000000e+00,2.000000000000000000e+00,1.000000000000000000e+02,0.000000000000000000e+00,0.000000000000000000e+00,0.000000000000000000e+00,0.000000000000000000e+00
3.000000000000000000e+00,1.979808080808080684e+00,1.550000000000000000e+02,1.000000000000000000e+00,1.000000000000000000e+00,0.000000000000000000e+00,0.000000000000000000e+00
3.000000000000000000e+00,1.979808080808080684e+00,1.000000000000000000e+02,1.000000000000000000e+00,1.000000000000000000e+00,1.000000000000000000e+00,1.000000000000000000e+00
3.000000000000000000e+00,1.959616161616161367e+00,1.550000000000000000e+02,2.000000000000000000e+00,1.000000000000000000e+00,0.000000000000000000e+00,1.000000000000000000e+00
3.000000000000000000e+00,1.959616161616161367e+00,1.000000000000000000e+02,1.000000000000000000e+00,1.000000000000000000e+00,1.000000000000000000e+00,0.000000000000000000e+00
3.000000000000000000e+00,1.939424242424242273e+00,1.550000000000000000e+02,2.000000000000000000e+00,2.000000000000000000e+00,0.000000000000000000e+00,1.000000000000000000e+00
3.000000000000000000e+00,1.939424242424242273e+00,1.000000000000000000e+02,0.000000000000000000e+00,0.000000000000000000e+00,0.000000000000000000e+00,0.000000000000000000e+00
3.000000000000000000e+00,1.919232323232323179e+00,1.550000000000000000e+02,2.000000000000000000e+00,4.000000000000000000e+00,0.000000000000000000e+00,1.000000000000000000e+00
3.000000000000000000e+00,1.919232323232323179e+00,1.000000000000000000e+02,0.000000000000000000e+00,0.000000000000000000e+00,0.000000000000000000e+00,0.000000000000000000e+00
3.000000000000000000e+00,1.899040404040403862e+00,1.550000000000000000e+02,3.000000000000000000e+00,1.000000000000000000e+00,1.000000000000000000e+00,0.000000000000000000e+00
3.000000000000000000e+00,1.899040404040403862e+00,1.000000000000000000e+02,0.000000000000000000e+00,0.000000000000000000e+00,0.000000000000000000e+00,1.000000000000000000e+00
3.000000000000000000e+00,1.878848484848484768e+00,1.550000000000000000e+02,3.000000000000000000e+00,3.000000000000000000e+00,1.000000000000000000e+00,1.000000000000000000e+00
3.000000000000000000e+00,1.878848484848484768e+00,1.000000000000000000e+02,0.000000000000000000e+00,0.000000000000000000e+00,0.000000000000000000e+00,1.000000000000000000e+00
3.000000000000000000e+00,1.858656565656565451e+00,1.550000000000000000e+02,3.000000000000000000e+00,2.000000000000000000e+00,1.000000000000000000e+00,0.000000000000000000e+00
3.000000000000000000e+00,1.858656565656565451e+00,1.000000000000000000e+02,1.000000000000000000e+00,1.000000000000000000e+00,0.000000000000000000e+00,0.000000000000000000e+00
3.000000000000000000e+00,1.838464646464646357e+00,1.550000000000000000e+02,5.000000000000000000e+00,2.000000000000000000e+00,3.000000000000000000e+00,0.000000000000000000e+00
3.000000000000000000e+00,1.838464646464646357e+00,1.000000000000000000e+02,1.000000000000000000e+00,1.000000000000000000e+00,1.000000000000000000e+00,1.000000000000000000e+00
3.000000000000000000e+00,1.818272727272727041e+00,1.550000000000000000e+02,4.000000000000000000e+00,2.000000000000000000e+00,2.000000000000000000e+00,2.000000000000000000e+00
3.000000000000000000e+00,1.818272727272727041e+00,1.000000000000000000e+02,1.000000000000000000e+00,1.000000000000000000e+00,1.000000000000000000e+00,0.000000000000000000e+00
3.000000000000000000e+00,1.798080808080807946e+00,1.550000000000000000e+02,4.000000000000000000e+00,4.000000000000000000e+00,2.000000000000000000e+00,3.000000000000000000e+00
3.000000000000000000e+00,1.798080808080807946e+00,1.000000000000000000e+02,0.000000000000000000e+00,0.000000000000000000e+00,0.000000000000000000e+00,0.000000000000000000e+00
3.000000000000000000e+00,1.777888888888888630e+00,1.550000000000000000e+02,4.000000000000000000e+00,2.000000000000000000e+00,2.000000000000000000e+00,0.000000000000000000e+00
3.000000000000000000e+00,1.777888888888888630e+00,1.000000000000000000e+02,1.000000000000000000e+00,1.000000000000000000e+00,0.000000000000000000e+00,0.000000000000000000e+00
3.000000000000000000e+00,1.757696969696969536e+00,1.550000000000000000e+02,3.000000000000000000e+00,2.000000000000000000e+00,1.000000000000000000e+00,1.000000000000000000e+00
3.000000000000000000e+00,1.757696969696969536e+00,1.000000000000000000e+02,0.000000000000000000e+00,0.000000000000000000e+00,0.000000000000000000e+00,1.000000000000000000e+00
3.000000000000000000e+00,1.737505050505050441e+00,1.550000000000000000e+02,3.000000000000000000e+00,2.000000000000000000e+00,1.000000000000000000e+00,0.000000000000000000e+00
3.000000000000000000e+00,1.737505050505050441e+00,1.000000000000000000e+02,0.000000000000000000e+00,0.000000000000000000e+00,0.000000000000000000e+00,0.000000000000000000e+00
3.000000000000000000e+00,1.717313131313131125e+00,1.550000000000000000e+02,3.000000000000000000e+00,4.000000000000000000e+00,1.000000000000000000e+00,2.000000000000000000e+00
3.000000000000000000e+00,1.717313131313131125e+00,1.000000000000000000e+02,0.000000000000000000e+00,0.000000000000000000e+00,0.000000000000000000e+00,0.000000000000000000e+00
3.000000000000000000e+00,1.697121212121212031e+00,1.550000000000000000e+02,4.000000000000000000e+00,6.000000000000000000e+00,1.000000000000000000e+00,2.000000000000000000e+00
3.000000000000000000e+00,1.697121212121212031e+00,1.000000000000000000e+02,0.000000000000000000e+00,0.000000000000000000e+00,0.000000000000000000e+00,0.000000000000000000e+00
3.000000000000000000e+00,1.676929292929292714e+00,1.550000000000000000e+02,3.000000000000000000e+00,2.000000000000000000e+00,0.000000000000000000e+00,2.000000000000000000e+00
3.000000000000000000e+00,1.676929292929292714e+00,1.000000000000000000e+02,0.000000000000000000e+00,0.000000000000000000e+00,0.000000000000000000e+00,0.000000000000000000e+00
3.000000000000000000e+00,1.656737373737373620e+00,1.550000000000000000e+02,3.000000000000000000e+00,5.000000000000000000e+00,0.000000000000000000e+00,4.000000000000000000e+00
3.000000000000000000e+00,1.656737373737373620e+00,1.000000000000000000e+02,0.000000000000000000e+00,0.000000000000000000e+00,0.000000000000000000e+00,0.000000000000000000e+00
3.000000000000000000e+00,1.636545454545454303e+00,1.550000000000000000e+02,3.000000000000000000e+00,6.000000000000000000e+00,0.000000000000000000e+00,5.000000000000000000e+00
3.000000000000000000e+00,1.636545454545454303e+00,1.000000000000000000e+02,0.000000000000000000e+00,0.000000000000000000e+00,0.000000000000000000e+00,0.000000000000000000e+00
3.000000000000000000e+00,1.616353535353535209e+00,1.550000000000000000e+02,4.000000000000000000e+00,4.000000000000000000e+00,0.000000000000000000e+00,2.000000000000000000e+00
3.000000000000000000e+00,1.616353535353535209e+00,1.000000000000000000e+02,0.000000000000000000e+00,0.000000000000000000e+00,0.000000000000000000e+00,0.000000000000000000e+00
3.000000000000000000e+00,1.596161616161616115e+00,1.550000000000000000e+02,4.000000000000000000e+00,2.000000000000000000e+00,0.000000000000000000e+00,0.000000000000000000e+00
3.000000000000000000e+00,1.596161616161616115e+00,1.000000000000000000e+02,0.000000000000000000e+00,0.000000000000000000e+00,0.000000000000000000e+00,1.000000000000000000e+00
3.000000000000000000e+00,1.575969696969696798e+00,1.550000000000000000e+02,4.000000000000000000e+00,5.000000000000000000e+00,0.000000000000000000e+00,0.000000000000000000e+00
3.000000000000000000e+00,1.575969696969696798e+00,1.000000000000000000e+02,0.000000000000000000e+00,0.000000000000000000e+00,0.000000000000000000e+00,0.000000000000000000e+00
3.000000000000000000e+00,1.555777777777777704e+00,1.550000000000000000e+02,4.000000000000000000e+00,2.000000000000000000e+00,0.000000000000000000e+00,0.000000000000000000e+00
3.000000000000000000e+00,1.555777777777777704e+00,1.000000000000000000e+02,1.000000000000000000e+00,1.000000000000000000e+00,0.000000000000000000e+00,1.000000000000000000e+00
3.000000000000000000e+00,1.535585858585858388e+00,1.550000000000000000e+02,4.000000000000000000e+00,3.000000000000000000e+00,0.000000000000000000e+00,1.000000000000000000e+00
3.000000000000000000e+00,1.535585858585858388e+00,1.000000000000000000e+02,0.000000000000000000e+00,0.000000000000000000e+00,0.000000000000000000e+00,0.000000000000000000e+00
3.000000000000000000e+00,1.515393939393939293e+00,1.550000000000000000e+02,4.000000000000000000e+00,4.000000000000000000e+00,0.000000000000000000e+00,2.000000000000000000e+00
3.000000000000000000e+00,1.515393939393939293e+00,1.000000000000000000e+02,0.000000000000000000e+00,0.000000000000000000e+00,0.000000000000000000e+00,0.000000000000000000e+00
3.000000000000000000e+00,1.495202020202019977e+00,1.550000000000000000e+02,4.000000000000000000e+00,4.000000000000000000e+00,0.000000000000000000e+00,0.000000000000000000e+00
3.000000000000000000e+00,1.495202020202019977e+00,1.000000000000000000e+02,0.000000000000000000e+00,0.000000000000000000e+00,0.000000000000000000e+00,0.000000000000000000e+00
3.000000000000000000e+00,1.475010101010100882e+00,1.550000000000000000e+02,3.000000000000000000e+00,3.000000000000000000e+00,0.000000000000000000e+00,1.000000000000000000e+00
3.000000000000000000e+00,1.475010101010100882e+00,1.000000000000000000e+02,0.000000000000000000e+00,0.000000000000000000e+00,0.000000000000000000e+00,0.000000000000000000e+00
3.000000000000000000e+00,1.454818181818181788e+00,1.550000000000000000e+02,4.000000000000000000e+00,4.000000000000000000e+00,0.000000000000000000e+00,2.000000000000000000e+00
3.000000000000000000e+00,1.454818181818181788e+00,1.000000000000000000e+02,0.000000000000000000e+00,0.000000000000000000e+00,0.000000000000000000e+00,1.000000000000000000e+00
3.000000000000000000e+00,1.434626262626262472e+00,1.550000000000000000e+02,4.000000000000000000e+00,4.000000000000000000e+00,0.000000000000000000e+00,3.000000000000000000e+00
3.000000000000000000e+00,1.434626262626262472e+00,1.000000000000000000e+02,0.000000000000000000e+00,0.000000000000000000e+00,0.000000000000000000e+00,1.000000000000000000e+00
3.000000000000000000e+00,1.414434343434343377e+00,1.550000000000000000e+02,4.000000000000000000e+00,6.000000000000000000e+00,0.000000000000000000e+00,2.000000000000000000e+00
3.000000000000000000e+00,1.414434343434343377e+00,1.000000000000000000e+02,0.000000000000000000e+00,0.000000000000000000e+00,0.000000000000000000e+00,1.000000000000000000e+00
3.000000000000000000e+00,1.394242424242424061e+00,1.550000000000000000e+02,4.000000000000000000e+00,6.000000000000000000e+00,0.000000000000000000e+00,3.000000000000000000e+00
3.000000000000000000e+00,1.394242424242424061e+00,1.000000000000000000e+02,0.000000000000000000e+00,0.000000000000000000e+00,0.000000000000000000e+00,2.000000000000000000e+00
3.000000000000000000e+00,1.374050505050504967e+00,1.550000000000000000e+02,5.000000000000000000e+00,8.000000000000000000e+00,1.000000000000000000e+00,2.000000000000000000e+00
3.000000000000000000e+00,1.374050505050504967e+00,1.000000000000000000e+02,0.000000000000000000e+00,0.000000000000000000e+00,0.000000000000000000e+00,1.000000000000000000e+00
3.000000000000000000e+00,1.353858585858585650e+00,1.550000000000000000e+02,5.000000000000000000e+00,6.000000000000000000e+00,1.000000000000000000e+00,2.000000000000000000e+00
3.000000000000000000e+00,1.353858585858585650e+00,1.000000000000000000e+02,0.000000000000000000e+00,0.000000000000000000e+00,0.000000000000000000e+00,2.000000000000000000e+00
3.000000000000000000e+00,1.333666666666666556e+00,1.550000000000000000e+02,5.000000000000000000e+00,6.000000000000000000e+00,1.000000000000000000e+00,2.000000000000000000e+00
3.000000000000000000e+00,1.333666666666666556e+00,1.000000000000000000e+02,0.000000000000000000e+00,0.000000000000000000e+00,0.000000000000000000e+00,3.000000000000000000e+00
3.000000000000000000e+00,1.313474747474747240e+00,1.550000000000000000e+02,5.000000000000000000e+00,6.000000000000000000e+00,1.000000000000000000e+00,0.000000000000000000e+00
3.000000000000000000e+00,1.313474747474747240e+00,1.000000000000000000e+02,0.000000000000000000e+00,0.000000000000000000e+00,0.000000000000000000e+00,1.000000000000000000e+00
3.000000000000000000e+00,1.293282828282828145e+00,1.550000000000000000e+02,6.000000000000000000e+00,7.000000000000000000e+00,1.000000000000000000e+00,0.000000000000000000e+00
3.000000000000000000e+00,1.293282828282828145e+00,1.000000000000000000e+02,0.000000000000000000e+00,0.000000000000000000e+00,0.000000000000000000e+00,1.000000000000000000e+00
3.000000000000000000e+00,1.273090909090909051e+00,1.550000000000000000e+02,5.000000000000000000e+00,4.000000000000000000e+00,0.000000000000000000e+00,0.000000000000000000e+00
3.000000000000000000e+00,1.273090909090909051e+00,1.000000000000000000e+02,0.000000000000000000e+00,0.000000000000000000e+00,0.000000000000000000e+00,2.000000000000000000e+00
3.000000000000000000e+00,1.252898989898989734e+00,1.550000000000000000e+02,6.000000000000000000e+00,7.000000000000000000e+00,0.000000000000000000e+00,0.000000000000000000e+00
3.000000000000000000e+00,1.252898989898989734e+00,1.000000000000000000e+02,0.000000000000000000e+00,0.000000000000000000e+00,0.000000000000000000e+00,1.000000000000000000e+00
3.000000000000000000e+00,1.232707070707070640e+00,1.550000000000000000e+02,6.000000000000000000e+00,7.000000000000000000e+00,0.000000000000000000e+00,1.000000000000000000e+00
3.000000000000000000e+00,1.232707070707070640e+00,1.000000000000000000e+02,0.000000000000000000e+00,0.000000000000000000e+00,0.000000000000000000e+00,2.000000000000000000e+00
3.000000000000000000e+00,1.212515151515151324e+00,1.550000000000000000e+02,6.000000000000000000e+00,6.000000000000000000e+00,0.000000000000000000e+00,0.000000000000000000e+00
3.000000000000000000e+00,1.212515151515151324e+00,1.000000000000000000e+02,0.000000000000000000e+00,0.000000000000000000e+00,0.000000000000000000e+00,2.000000000000000000e+00
3.000000000000000000e+00,1.192323232323232229e+00,1.550000000000000000e+02,6.000000000000000000e+00,6.000000000000000000e+00,1.000000000000000000e+00,1.000000000000000000e+00
3.000000000000000000e+00,1.192323232323232229e+00,1.000000000000000000e+02,0.000000000000000000e+00,0.000000000000000000e+00,0.000000000000000000e+00,0.000000000000000000e+00
3.000000000000000000e+00,1.172131313131312913e+00,1.550000000000000000e+02,6.000000000000000000e+00,1.200000000000000000e+01,0.000000000000000000e+00,1.000000000000000000e+00
3.000000000000000000e+00,1.172131313131312913e+00,1.000000000000000000e+02,0.000000000000000000e+00,0.000000000000000000e+00,0.000000000000000000e+00,2.000000000000000000e+00
3.000000000000000000e+00,1.151939393939393819e+00,1.550000000000000000e+02,6.000000000000000000e+00,8.000000000000000000e+00,0.000000000000000000e+00,0.000000000000000000e+00
3.000000000000000000e+00,1.151939393939393819e+00,1.000000000000000000e+02,0.000000000000000000e+00,0.000000000000000000e+00,0.000000000000000000e+00,2.000000000000000000e+00
3.000000000000000000e+00,1.131747474747474502e+00,1.550000000000000000e+02,6.000000000000000000e+00,8.000000000000000000e+00,0.000000000000000000e+00,3.000000000000000000e+00
3.000000000000000000e+00,1.131747474747474502e+00,1.000000000000000000e+02,0.000000000000000000e+00,0.000000000000000000e+00,0.000000000000000000e+00,1.000000000000000000e+00
3.000000000000000000e+00,1.111555555555555408e+00,1.550000000000000000e+02,8.000000000000000000e+00,8.000000000000000000e+00,1.000000000000000000e+00,2.000000000000000000e+00
3.000000000000000000e+00,1.111555555555555408e+00,1.000000000000000000e+02,0.000000000000000000e+00,0.000000000000000000e+00,0.000000000000000000e+00,4.000000000000000000e+00
3.000000000000000000e+00,1.091363636363636314e+00,1.550000000000000000e+02,9.000000000000000000e+00,1.200000000000000000e+01,2.000000000000000000e+00,1.000000000000000000e+00
3.000000000000000000e+00,1.091363636363636314e+00,1.000000000000000000e+02,0.000000000000000000e+00,0.000000000000000000e+00,0.000000000000000000e+00,0.000000000000000000e+00
3.000000000000000000e+00,1.071171717171716997e+00,1.550000000000000000e+02,9.000000000000000000e+00,1.000000000000000000e+01,2.000000000000000000e+00,0.000000000000000000e+00
3.000000000000000000e+00,1.071171717171716997e+00,1.000000000000000000e+02,0.000000000000000000e+00,0.000000000000000000e+00,0.000000000000000000e+00,2.000000000000000000e+00
3.000000000000000000e+00,1.050979797979797903e+00,1.550000000000000000e+02,1.000000000000000000e+01,8.000000000000000000e+00,2.000000000000000000e+00,1.000000000000000000e+00
3.000000000000000000e+00,1.050979797979797903e+00,1.000000000000000000e+02,0.000000000000000000e+00,0.000000000000000000e+00,0.000000000000000000e+00,1.000000000000000000e+00
3.000000000000000000e+00,1.030787878787878586e+00,1.550000000000000000e+02,1.000000000000000000e+01,9.000000000000000000e+00,2.000000000000000000e+00,3.000000000000000000e+00
3.000000000000000000e+00,1.030787878787878586e+00,1.000000000000000000e+02,0.000000000000000000e+00,0.000000000000000000e+00,0.000000000000000000e+00,0.000000000000000000e+00
3.000000000000000000e+00,1.010595959595959492e+00,1.550000000000000000e+02,9.000000000000000000e+00,7.000000000000000000e+00,1.000000000000000000e+00,2.000000000000000000e+00
3.000000000000000000e+00,1.010595959595959492e+00,1.000000000000000000e+02,0.000000000000000000e+00,0.000000000000000000e+00,0.000000000000000000e+00,0.000000000000000000e+00
3.000000000000000000e+00,9.904040404040403978e-01,1.550000000000000000e+02,1.200000000000000000e+01,7.000000000000000000e+00,1.000000000000000000e+00,0.000000000000000000e+00
3.000000000000000000e+00,9.904040404040403978e-01,1.000000000000000000e+02,0.000000000000000000e+00,0.000000000000000000e+00,0.000000000000000000e+00,1.000000000000000000e+00
3.000000000000000000e+00,9.702121212121211924e-01,1.550000000000000000e+02,1.300000000000000000e+01,9.000000000000000000e+00,1.000000000000000000e+00,0.000000000000000000e+00
3.000000000000000000e+00,9.702121212121211924e-01,1.000000000000000000e+02,0.000000000000000000e+00,0.000000000000000000e+00,0.000000000000000000e+00,2.000000000000000000e+00
3.000000000000000000e+00,9.500202020202019870e-01,1.550000000000000000e+02,1.200000000000000000e+01,1.000000000000000000e+01,2.000000000000000000e+00,4.000000000000000000e+00
3.000000000000000000e+00,9.500202020202019870e-01,1.000000000000000000e+02,0.000000000000000000e+00,0.000000000000000000e+00,0.000000000000000000e+00,2.000000000000000000e+00
3.000000000000000000e+00,9.298282828282827817e-01,1.550000000000000000e+02,1.200000000000000000e+01,1.500000000000000000e+01,1.000000000000000000e+00,3.000000000000000000e+00
3.000000000000000000e+00,9.298282828282827817e-01,1.000000000000000000e+02,0.000000000000000000e+00,0.000000000000000000e+00,0.000000000000000000e+00,2.000000000000000000e+00
3.000000000000000000e+00,9.096363636363635763e-01,1.550000000000000000e+02,1.100000000000000000e+01,1.000000000000000000e+01,0.000000000000000000e+00,5.000000000000000000e+00
3.000000000000000000e+00,9.096363636363635763e-01,1.000000000000000000e+02,0.000000000000000000e+00,0.000000000000000000e+00,0.000000000000000000e+00,1.000000000000000000e+00
3.000000000000000000e+00,8.894444444444443709e-01,1.550000000000000000e+02,1.100000000000000000e+01,1.400000000000000000e+01,0.000000000000000000e+00,5.000000000000000000e+00
3.000000000000000000e+00,8.894444444444443709e-01,1.000000000000000000e+02,0.000000000000000000e+00,0.000000000000000000e+00,0.000000000000000000e+00,5.000000000000000000e+00
3.000000000000000000e+00,8.692525252525252766e-01,1.550000000000000000e+02,1.300000000000000000e+01,6.000000000000000000e+00,1.000000000000000000e+00,1.000000000000000000e+00
3.000000000000000000e+00,8.692525252525252766e-01,1.000000000000000000e+02,0.000000000000000000e+00,0.000000000000000000e+00,0.000000000000000000e+00,4.000000000000000000e+00
3.000000000000000000e+00,8.490606060606060712e-01,1.550000000000000000e+02,1.400000000000000000e+01,7.000000000000000000e+00,1.000000000000000000e+00,1.000000000000000000e+00
3.000000000000000000e+00,8.490606060606060712e-01,1.000000000000000000e+02,0.000000000000000000e+00,0.000000000000000000e+00,0.000000000000000000e+00,4.000000000000000000e+00
3.000000000000000000e+00,8.288686868686868658e-01,1.550000000000000000e+02,1.400000000000000000e+01,1.300000000000000000e+01,1.000000000000000000e+00,2.000000000000000000e+00
3.000000000000000000e+00,8.288686868686868658e-01,1.000000000000000000e+02,0.000000000000000000e+00,0.000000000000000000e+00,0.000000000000000000e+00,2.000000000000000000e+00
3.000000000000000000e+00,8.086767676767676605e-01,1.550000000000000000e+02,1.500000000000000000e+01,7.000000000000000000e+00,3.000000000000000000e+00,4.000000000000000000e+00
3.000000000000000000e+00,8.086767676767676605e-01,1.000000000000000000e+02,0.000000000000000000e+00,0.000000000000000000e+00,0.000000000000000000e+00,4.000000000000000000e+00
3.000000000000000000e+00,7.884848484848484551e-01,1.550000000000000000e+02,1.500000000000000000e+01,1.100000000000000000e+01,2.000000000000000000e+00,6.000000000000000000e+00
3.000000000000000000e+00,7.884848484848484551e-01,1.000000000000000000e+02,0.000000000000000000e+00,0.000000000000000000e+00,0.000000000000000000e+00,2.000000000000000000e+00
3.000000000000000000e+00,7.682929292929292497e-01,1.550000000000000000e+02,1.600000000000000000e+01,1.200000000000000000e+01,2.000000000000000000e+00,5.000000000000000000e+00
3.000000000000000000e+00,7.682929292929292497e-01,1.000000000000000000e+02,1.000000000000000000e+00,1.000000000000000000e+00,0.000000000000000000e+00,3.000000000000000000e+00
3.000000000000000000e+00,7.481010101010100444e-01,1.550000000000000000e+02,1.600000000000000000e+01,1.300000000000000000e+01,2.000000000000000000e+00,5.000000000000000000e+00
3.000000000000000000e+00,7.481010101010100444e-01,1.000000000000000000e+02,2.000000000000000000e+00,2.000000000000000000e+00,1.000000000000000000e+00,2.000000000000000000e+00
3.000000000000000000e+00,7.279090909090909500e-01,1.550000000000000000e+02,1.900000000000000000e+01,1.200000000000000000e+01,5.000000000000000000e+00,6.000000000000000000e+00
3.000000000000000000e+00,7.279090909090909500e-01,1.000000000000000000e+02,2.000000000000000000e+00,2.000000000000000000e+00,1.000000000000000000e+00,1.000000000000000000e+00
3.000000000000000000e+00,7.077171717171717447e-01,1.550000000000000000e+02,2.100000000000000000e+01,1.500000000000000000e+01,5.000000000000000000e+00,9.000000000000000000e+00
3.000000000000000000e+00,7.077171717171717447e-01,1.000000000000000000e+02,4.000000000000000000e+00,4.000000000000000000e+00,2.000000000000000000e+00,2.000000000000000000e+00
3.000000000000000000e+00,6.875252525252525393e-01,1.550000000000000000e+02,2.100000000000000000e+01,8.000000000000000000e+00,5.000000000000000000e+00,4.000000000000000000e+00
3.000000000000000000e+00,6.875252525252525393e-01,1.000000000000000000e+02,3.000000000000000000e+00,3.000000000000000000e+00,1.000000000000000000e+00,1.000000000000000000e+00
3.000000000000000000e+00,6.673333333333333339e-01,1.550000000000000000e+02,2.200000000000000000e+01,1.400000000000000000e+01,5.000000000000000000e+00,2.000000000000000000e+00
3.000000000000000000e+00,6.673333333333333339e-01,1.000000000000000000e+02,2.000000000000000000e+00,2.000000000000000000e+00,0.000000000000000000e+00,0.000000000000000000e+00
3.000000000000000000e+00,6.471414141414141286e-01,1.550000000000000000e+02,2.200000000000000000e+01,1.700000000000000000e+01,5.000000000000000000e+00,1.000000000000000000e+01
3.000000000000000000e+00,6.471414141414141286e-01,1.000000000000000000e+02,2.000000000000000000e+00,2.000000000000000000e+00,1.000000000000000000e+00,2.000000000000000000e+00
3.000000000000000000e+00,6.269494949494949232e-01,1.550000000000000000e+02,2.300000000000000000e+01,1.600000000000000000e+01,7.000000000000000000e+00,8.000000000000000000e+00
3.000000000000000000e+00,6.269494949494949232e-01,1.000000000000000000e+02,2.000000000000000000e+00,2.000000000000000000e+00,1.000000000000000000e+00,4.000000000000000000e+00
3.000000000000000000e+00,6.067575757575757178e-01,1.550000000000000000e+02,2.300000000000000000e+01,1.300000000000000000e+01,6.000000000000000000e+00,3.000000000000000000e+00
3.000000000000000000e+00,6.067575757575757178e-01,1.000000000000000000e+02,2.000000000000000000e+00,2.000000000000000000e+00,1.000000000000000000e+00,2.000000000000000000e+00
3.000000000000000000e+00,5.865656565656565125e-01,1.550000000000000000e+02,2.400000000000000000e+01,2.100000000000000000e+01,7.000000000000000000e+00,1.000000000000000000e+01
3.000000000000000000e+00,5.865656565656565125e-01,1.000000000000000000e+02,3.000000000000000000e+00,3.000000000000000000e+00,1.000000000000000000e+00,1.000000000000000000e+00
3.000000000000000000e+00,5.663737373737373071e-01,1.550000000000000000e+02,2.500000000000000000e+01,1.900000000000000000e+01,9.000000000000000000e+00,9.000000000000000000e+00
3.000000000000000000e+00,5.663737373737373071e-01,1.000000000000000000e+02,2.000000000000000000e+00,2.000000000000000000e+00,1.000000000000000000e+00,3.000000000000000000e+00
3.000000000000000000e+00,5.461818181818182127e-01,1.550000000000000000e+02,2.400000000000000000e+01,1.700000000000000000e+01,9.000000000000000000e+00,7.000000000000000000e+00
3.000000000000000000e+00,5.461818181818182127e-01,1.000000000000000000e+02,0.000000000000000000e+00,0.000000000000000000e+00,0.000000000000000000e+00,5.000000000000000000e+00
3.000000000000000000e+00,5.259898989898990074e-01,1.550000000000000000e+02,2.600000000000000000e+01,2.400000000000000000e+01,1.000000000000000000e+01,1.400000000000000000e+01
3.000000000000000000e+00,5.259898989898990074e-01,1.000000000000000000e+02,1.000000000000000000e+00,1.000000000000000000e+00,0.000000000000000000e+00,4.000000000000000000e+00
3.000000000000000000e+00,5.057979797979798020e-01,1.550000000000000000e+02,2.700000000000000000e+01,2.800000000000000000e+01,1.000000000000000000e+01,1.500000000000000000e+01
3.000000000000000000e+00,5.057979797979798020e-01,1.000000000000000000e+02,4.000000000000000000e+00,4.000000000000000000e+00,0.000000000000000000e+00,5.000000000000000000e+00
3.000000000000000000e+00,4.856060606060605966e-01,1.550000000000000000e+02,2.800000000000000000e+01,2.400000000000000000e+01,9.000000000000000000e+00,1.300000000000000000e+01
3.000000000000000000e+00,4.856060606060605966e-01,1.000000000000000000e+02,5.000000000000000000e+00,5.000000000000000000e+00,2.000000000000000000e+00,5.000000000000000000e+00
3.000000000000000000e+00,4.654141414141413913e-01,1.550000000000000000e+02,3.100000000000000000e+01,2.200000000000000000e+01,1.300000000000000000e+01,1.300000000000000000e+01
3.000000000000000000e+00,4.654141414141413913e-01,1.000000000000000000e+02,8.000000000000000000e+00,8.000000000000000000e+00,1.000000000000000000e+00,7.000000000000000000e+00
3.000000000000000000e+00,4.452222222222221859e-01,1.550000000000000000e+02,3.200000000000000000e+01,2.600000000000000000e+01,1.400000000000000000e+01,1.200000000000000000e+01
3.000000000000000000e+00,4.452222222222221859e-01,1.000000000000000000e+02,1.100000000000000000e+01,1.100000000000000000e+01,0.000000000000000000e+00,6.000000000000000000e+00
3.000000000000000000e+00,4.250303030303030360e-01,1.550000000000000000e+02,3.000000000000000000e+01,3.600000000000000000e+01,1.400000000000000000e+01,1.600000000000000000e+01
3.000000000000000000e+00,4.250303030303030360e-01,1.000000000000000000e+02,1.100000000000000000e+01,1.100000000000000000e+01,1.000000000000000000e+00,6.000000000000000000e+00
3.000000000000000000e+00,4.048383838383838307e-01,1.550000000000000000e+02,3.200000000000000000e+01,2.700000000000000000e+01,1.500000000000000000e+01,1.300000000000000000e+01
3.000000000000000000e+00,4.048383838383838307e-01,1.000000000000000000e+02,1.100000000000000000e+01,1.100000000000000000e+01,1.000000000000000000e+00,8.000000000000000000e+00
3.000000000000000000e+00,3.846464646464646253e-01,1.550000000000000000e+02,3.300000000000000000e+01,3.000000000000000000e+01,1.900000000000000000e+01,1.400000000000000000e+01
3.000000000000000000e+00,3.846464646464646253e-01,1.000000000000000000e+02,1.100000000000000000e+01,1.100000000000000000e+01,1.000000000000000000e+00,4.000000000000000000e+00
3.000000000000000000e+00,3.644545454545454755e-01,1.550000000000000000e+02,3.300000000000000000e+01,3.500000000000000000e+01,2.000000000000000000e+01,2.000000000000000000e+01
3.000000000000000000e+00,3.644545454545454755e-01,1.000000000000000000e+02,1.100000000000000000e+01,1.100000000000000000e+01,2.000000000000000000e+00,8.000000000000000000e+00
3.000000000000000000e+00,3.442626262626262701e-01,1.550000000000000000e+02,3.300000000000000000e+01,3.400000000000000000e+01,2.000000000000000000e+01,1.900000000000000000e+01
3.000000000000000000e+00,3.442626262626262701e-01,1.000000000000000000e+02,1.300000000000000000e+01,1.300000000000000000e+01,4.000000000000000000e+00,1.300000000000000000e+01
3.000000000000000000e+00,3.240707070707070647e-01,1.550000000000000000e+02,3.200000000000000000e+01,3.800000000000000000e+01,2.000000000000000000e+01,1.900000000000000000e+01
3.000000000000000000e+00,3.240707070707070647e-01,1.000000000000000000e+02,1.500000000000000000e+01,1.500000000000000000e+01,7.000000000000000000e+00,3.000000000000000000e+00
3.000000000000000000e+00,3.038787878787878594e-01,1.550000000000000000e+02,3.400000000000000000e+01,3.100000000000000000e+01,2.000000000000000000e+01,1.800000000000000000e+01
3.000000000000000000e+00,3.038787878787878594e-01,1.000000000000000000e+02,1.600000000000000000e+01,1.600000000000000000e+01,5.000000000000000000e+00,1.300000000000000000e+01
3.000000000000000000e+00,2.836868686868686540e-01,1.550000000000000000e+02,3.400000000000000000e+01,3.800000000000000000e+01,2.100000000000000000e+01,2.000000000000000000e+01
3.000000000000000000e+00,2.836868686868686540e-01,1.000000000000000000e+02,2.000000000000000000e+01,2.000000000000000000e+01,6.000000000000000000e+00,1.100000000000000000e+01
3.000000000000000000e+00,2.634949494949495041e-01,1.550000000000000000e+02,3.700000000000000000e+01,4.900000000000000000e+01,2.200000000000000000e+01,2.900000000000000000e+01
3.000000000000000000e+00,2.634949494949495041e-01,1.000000000000000000e+02,2.000000000000000000e+01,2.000000000000000000e+01,7.000000000000000000e+00,9.000000000000000000e+00
3.000000000000000000e+00,2.433030303030302988e-01,1.550000000000000000e+02,3.900000000000000000e+01,5.000000000000000000e+01,2.700000000000000000e+01,2.600000000000000000e+01
3.000000000000000000e+00,2.433030303030302988e-01,1.000000000000000000e+02,2.000000000000000000e+01,2.000000000000000000e+01,7.000000000000000000e+00,1.200000000000000000e+01
3.000000000000000000e+00,2.231111111111110934e-01,1.550000000000000000e+02,4.100000000000000000e+01,5.100000000000000000e+01,2.800000000000000000e+01,2.800000000000000000e+01
3.000000000000000000e+00,2.231111111111110934e-01,1.000000000000000000e+02,2.200000000000000000e+01,2.200000000000000000e+01,1.000000000000000000e+01,1.700000000000000000e+01
3.000000000000000000e+00,2.029191919191919158e-01,1.550000000000000000e+02,4.400000000000000000e+01,4.700000000000000000e+01,2.800000000000000000e+01,3.200000000000000000e+01
3.000000000000000000e+00,2.029191919191919158e-01,1.000000000000000000e+02,2.000000000000000000e+01,2.000000000000000000e+01,9.000000000000000000e+00,1.600000000000000000e+01
3.000000000000000000e+00,1.827272727272727382e-01,1.550000000000000000e+02,4.600000000000000000e+01,5.500000000000000000e+01,3.200000000000000000e+01,3.900000000000000000e+01
3.000000000000000000e+00,1.827272727272727382e-01,1.000000000000000000e+02,2.300000000000000000e+01,2.300000000000000000e+01,8.000000000000000000e+00,2.000000000000000000e+01
3.000000000000000000e+00,1.625353535353535328e-01,1.550000000000000000e+02,5.400000000000000000e+01,6.900000000000000000e+01,3.700000000000000000e+01,5.200000000000000000e+01
3.000000000000000000e+00,1.625353535353535328e-01,1.000000000000000000e+02,2.400000000000000000e+01,2.400000000000000000e+01,8.000000000000000000e+00,1.900000000000000000e+01
3.000000000000000000e+00,1.423434343434343274e-01,1.550000000000000000e+02,5.700000000000000000e+01,7.600000000000000000e+01,3.800000000000000000e+01,5.200000000000000000e+01
3.000000000000000000e+00,1.423434343434343274e-01,1.000000000000000000e+02,2.300000000000000000e+01,2.300000000000000000e+01,9.000000000000000000e+00,2.400000000000000000e+01
3.000000000000000000e+00,1.221515151515151498e-01,1.550000000000000000e+02,6.200000000000000000e+01,7.700000000000000000e+01,4.200000000000000000e+01,6.300000000000000000e+01
3.000000000000000000e+00,1.221515151515151498e-01,1.000000000000000000e+02,2.800000000000000000e+01,2.800000000000000000e+01,9.000000000000000000e+00,3.400000000000000000e+01
3.000000000000000000e+00,1.019595959595959583e-01,1.550000000000000000e+02,6.700000000000000000e+01,8.400000000000000000e+01,4.600000000000000000e+01,6.300000000000000000e+01
3.000000000000000000e+00,1.019595959595959583e-01,1.000000000000000000e+02,2.800000000000000000e+01,2.800000000000000000e+01,1.200000000000000000e+01,3.500000000000000000e+01
3.000000000000000000e+00,8.176767676767676685e-02,1.550000000000000000e+02,7.100000000000000000e+01,8.600000000000000000e+01,5.200000000000000000e+01,7.100000000000000000e+01
3.000000000000000000e+00,8.176767676767676685e-02,1.000000000000000000e+02,3.200000000000000000e+01,3.200000000000000000e+01,1.500000000000000000e+01,3.000000000000000000e+01
3.000000000000000000e+00,6.157575757575757536e-02,1.550000000000000000e+02,8.500000000000000000e+01,1.060000000000000000e+02,6.500000000000000000e+01,8.200000000000000000e+01
3.000000000000000000e+00,6.157575757575757536e-02,1.000000000000000000e+02,3.900000000000000000e+01,3.900000000000000000e+01,1.700000000000000000e+01,5.700000000000000000e+01
3.000000000000000000e+00,4.138383838383838387e-02,1.550000000000000000e+02,9.800000000000000000e+01,1.110000000000000000e+02,8.200000000000000000e+01,8.900000000000000000e+01
3.000000000000000000e+00,4.138383838383838387e-02,1.000000000000000000e+02,4.900000000000000000e+01,4.900000000000000000e+01,2.300000000000000000e+01,6.200000000000000000e+01
3.000000000000000000e+00,2.119191919191919238e-02,1.550000000000000000e+02,1.110000000000000000e+02,1.260000000000000000e+02,9.900000000000000000e+01,1.090000000000000000e+02
3.000000000000000000e+00,2.119191919191919238e-02,1.000000000000000000e+02,6.700000000000000000e+01,6.700000000000000000e+01,3.400000000000000000e+01,7.300000000000000000e+01
3.000000000000000000e+00,1.000000000000000021e-03,1.550000000000000000e+02,1.420000000000000000e+02,1.510000000000000000e+02,1.320000000000000000e+02,1.390000000000000000e+02
3.000000000000000000e+00,1.000000000000000021e-03,1.000000000000000000e+02,9.800000000000000000e+01,9.800000000000000000e+01,6.400000000000000000e+01,1.100000000000000000e+02
2.000000000000000000e+00,1.500000000000000000e+01,1.550000000000000000e+02,1.000000000000000000e+01,2.500000000000000000e+01,2.000000000000000000e+00,5.000000000000000000e+00
2.000000000000000000e+00,1.500000000000000000e+01,1.000000000000000000e+02,2.000000000000000000e+00,2.000000000000000000e+00,0.000000000000000000e+00,1.000000000000000000e+00
2.000000000000000000e+00,1.489939597315436259e+01,1.550000000000000000e+02,9.000000000000000000e+00,2.600000000000000000e+01,1.000000000000000000e+00,4.000000000000000000e+00
2.000000000000000000e+00,1.489939597315436259e+01,1.000000000000000000e+02,4.000000000000000000e+00,4.000000000000000000e+00,1.000000000000000000e+00,6.000000000000000000e+00
2.000000000000000000e+00,1.479879194630872519e+01,1.550000000000000000e+02,8.000000000000000000e+00,3.300000000000000000e+01,0.000000000000000000e+00,5.000000000000000000e+00
2.000000000000000000e+00,1.479879194630872519e+01,1.000000000000000000e+02,8.000000000000000000e+00,8.000000000000000000e+00,3.000000000000000000e+00,5.000000000000000000e+00
2.000000000000000000e+00,1.469818791946308778e+01,1.550000000000000000e+02,1.100000000000000000e+01,2.500000000000000000e+01,0.000000000000000000e+00,3.000000000000000000e+00
2.000000000000000000e+00,1.469818791946308778e+01,1.000000000000000000e+02,8.000000000000000000e+00,8.000000000000000000e+00,2.000000000000000000e+00,3.000000000000000000e+00
2.000000000000000000e+00,1.459758389261745037e+01,1.550000000000000000e+02,1.500000000000000000e+01,2.600000000000000000e+01,2.000000000000000000e+00,3.000000000000000000e+00
2.000000000000000000e+00,1.459758389261745037e+01,1.000000000000000000e+02,5.000000000000000000e+00,5.000000000000000000e+00,1.000000000000000000e+00,2.000000000000000000e+00
2.000000000000000000e+00,1.449697986577181297e+01,1.550000000000000000e+02,1.300000000000000000e+01,3.000000000000000000e+01,1.000000000000000000e+00,6.000000000000000000e+00
2.000000000000000000e+00,1.449697986577181297e+01,1.000000000000000000e+02,4.000000000000000000e+00,4.000000000000000000e+00,1.000000000000000000e+00,3.000000000000000000e+00
2.000000000000000000e+00,1.439637583892617556e+01,1.550000000000000000e+02,1.300000000000000000e+01,3.200000000000000000e+01,1.000000000000000000e+00,7.000000000000000000e+00
2.000000000000000000e+00,1.439637583892617556e+01,1.000000000000000000e+02,4.000000000000000000e+00,4.000000000000000000e+00,1.000000000000000000e+00,2.000000000000000000e+00
2.000000000000000000e+00,1.429577181208053638e+01,1.550000000000000000e+02,1.500000000000000000e+01,2.800000000000000000e+01,1.000000000000000000e+00,4.000000000000000000e+00
2.000000000000000000e+00,1.429577181208053638e+01,1.000000000000000000e+02,5.000000000000000000e+00,5.000000000000000000e+00,2.000000000000000000e+00,4.000000000000000000e+00
2.000000000000000000e+00,1.419516778523489897e+01,1.550000000000000000e+02,1.700000000000000000e+01,3.100000000000000000e+01,1.000000000000000000e+00,8.000000000000000000e+00
2.000000000000000000e+00,1.419516778523489897e+01,1.000000000000000000e+02,5.000000000000000000e+00,5.000000000000000000e+00,0.000000000000000000e+00,5.000000000000000000e+00
2.000000000000000000e+00,1.409456375838926157e+01,1.550000000000000000e+02,1.500000000000000000e+01,3.300000000000000000e+01,0.000000000000000000e+00,3.000000000000000000e+00
2.000000000000000000e+00,1.409456375838926157e+01,1.000000000000000000e+02,3.000000000000000000e+00,3.000000000000000000e+00,0.000000000000000000e+00,1.000000000000000000e+00
2.000000000000000000e+00,1.399395973154362416e+01,1.550000000000000000e+02,1.400000000000000000e+01,3.100000000000000000e+01,0.000000000000000000e+00,5.000000000000000000e+00
2.000000000000000000e+00,1.399395973154362416e+01,1.000000000000000000e+02,1.000000000000000000e+00,1.000000000000000000e+00,0.000000000000000000e+00,1.100000000000000000e+01
2.000000000000000000e+00,1.389335570469798675e+01,1.550000000000000000e+02,1.400000000000000000e+01,3.000000000000000000e+01,0.000000000000000000e+00,6.000000000000000000e+00
2.000000000000000000e+00,1.389335570469798675e+01,1.000000000000000000e+02,3.000000000000000000e+00,3.000000000000000000e+00,2.000000000000000000e+00,6.000000000000000000e+00
2.000000000000000000e+00,1.379275167785234935e+01,1.550000000000000000e+02,1.800000000000000000e+01,2.900000000000000000e+01,1.000000000000000000e+00,3.000000000000000000e+00
2.000000000000000000e+00,1.379275167785234935e+01,1.000000000000000000e+02,5.000000000000000000e+00,5.000000000000000000e+00,3.000000000000000000e+00,3.000000000000000000e+00
2.000000000000000000e+00,1.369214765100671194e+01,1.550000000000000000e+02,2.000000000000000000e+01,4.000000000000000000e+01,1.000000000000000000e+00,3.000000000000000000e+00
2.000000000000000000e+00,1.369214765100671194e+01,1.000000000000000000e+02,2.000000000000000000e+00,2.000000000000000000e+00,2.000000000000000000e+00,6.000000000000000000e+00
2.000000000000000000e+00,1.359154362416107453e+01,1.550000000000000000e+02,2.200000000000000000e+01,3.700000000000000000e+01,2.000000000000000000e+00,6.000000000000000000e+00
2.000000000000000000e+00,1.359154362416107453e+01,1.000000000000000000e+02,4.000000000000000000e+00,4.000000000000000000e+00,2.000000000000000000e+00,4.000000000000000000e+00
2.000000000000000000e+00,1.349093959731543713e+01,1.550000000000000000e+02,2.100000000000000000e+01,4.100000000000000000e+01,2.000000000000000000e+00,6.000000000000000000e+00
2.000000000000000000e+00,1.349093959731543713e+01,1.000000000000000000e+02,5.000000000000000000e+00,5.000000000000000000e+00,3.000000000000000000e+00,3.000000000000000000e+00
2.000000000000000000e+00,1.339033557046979972e+01,1.550000000000000000e+02,1.900000000000000000e+01,3.900000000000000000e+01,1.000000000000000000e+00,9.000000000000000000e+00
2.000000000000000000e+00,1.339033557046979972e+01,1.000000000000000000e+02,8.000000000000000000e+00,8.000000000000000000e+00,3.000000000000000000e+00,3.000000000000000000e+00
2.000000000000000000e+00,1.328973154362416054e+01,1.550000000000000000e+02,1.800000000000000000e+01,3.600000000000000000e+01,0.000000000000000000e+00,9.000000000000000000e+00
2.000000000000000000e+00,1.328973154362416054e+01,1.000000000000000000e+02,6.000000000000000000e+00,6.000000000000000000e+00,1.000000000000000000e+00,4.000000000000000000e+00
2.000000000000000000e+00,1.318912751677852313e+01,1.550000000000000000e+02,1.800000000000000000e+01,3.200000000000000000e+01,0.000000000000000000e+00,7.000000000000000000e+00
2.000000000000000000e+00,1.318912751677852313e+01,1.000000000000000000e+02,6.000000000000000000e+00,6.000000000000000000e+00,1.000000000000000000e+00,3.000000000000000000e+00
2.000000000000000000e+00,1.308852348993288572e+01,1.550000000000000000e+02,1.700000000000000000e+01,3.500000000000000000e+01,0.000000000000000000e+00,5.000000000000000000e+00
2.000000000000000000e+00,1.308852348993288572e+01,1.000000000000000000e+02,9.000000000000000000e+00,9.000000000000000000e+00,1.000000000000000000e+00,5.000000000000000000e+00
2.000000000000000000e+00,1.298791946308724832e+01,1.550000000000000000e+02,1.800000000000000000e+01,3.000000000000000000e+01,2.000000000000000000e+00,3.000000000000000000e+00
2.000000000000000000e+00,1.298791946308724832e+01,1.000000000000000000e+02,4.000000000000000000e+00,4.000000000000000000e+00,2.000000000000000000e+00,3.000000000000000000e+00
2.000000000000000000e+00,1.288731543624161091e+01,1.550000000000000000e+02,2.000000000000000000e+01,3.200000000000000000e+01,2.000000000000000000e+00,4.000000000000000000e+00
2.000000000000000000e+00,1.288731543624161091e+01,1.000000000000000000e+02,5.000000000000000000e+00,5.000000000000000000e+00,2.000000000000000000e+00,4.000000000000000000e+00
2.000000000000000000e+00,1.278671140939597350e+01,1.550000000000000000e+02,2.000000000000000000e+01,3.700000000000000000e+01,2.000000000000000000e+00,6.000000000000000000e+00
2.000000000000000000e+00,1.278671140939597350e+01,1.000000000000000000e+02,4.000000000000000000e+00,4.000000000000000000e+00,1.000000000000000000e+00,2.000000000000000000e+00
2.000000000000000000e+00,1.268610738255033610e+01,1.550000000000000000e+02,2.300000000000000000e+01,2.800000000000000000e+01,3.000000000000000000e+00,7.000000000000000000e+00
2.000000000000000000e+00,1.268610738255033610e+01,1.000000000000000000e+02,6.000000000000000000e+00,6.000000000000000000e+00,3.000000000000000000e+00,5.000000000000000000e+00
2.000000000000000000e+00,1.258550335570469869e+01,1.550000000000000000e+02,2.100000000000000000e+01,3.300000000000000000e+01,0.000000000000000000e+00,6.000000000000000000e+00
2.000000000000000000e+00,1.258550335570469869e+01,1.000000000000000000e+02,4.000000000000000000e+00,4.000000000000000000e+00,2.000000000000000000e+00,2.000000000000000000e+00
2.000000000000000000e+00,1.248489932885906128e+01,1.550000000000000000e+02,2.000000000000000000e+01,4.200000000000000000e+01,0.000000000000000000e+00,7.000000000000000000e+00
2.000000000000000000e+00,1.248489932885906128e+01,1.000000000000000000e+02,3.000000000000000000e+00,3.000000000000000000e+00,2.000000000000000000e+00,5.000000000000000000e+00
2.000000000000000000e+00,1.238429530201342210e+01,1.550000000000000000e+02,2.100000000000000000e+01,3.300000000000000000e+01,0.000000000000000000e+00,6.000000000000000000e+00
2.000000000000000000e+00,1.238429530201342210e+01,1.000000000000000000e+02,2.000000000000000000e+00,2.000000000000000000e+00,1.000000000000000000e+00,3.000000000000000000e+00
2.000000000000000000e+00,1.228369127516778470e+01,1.550000000000000000e+02,2.000000000000000000e+01,3.200000000000000000e+01,1.000000000000000000e+00,5.000000000000000000e+00
2.000000000000000000e+00,1.228369127516778470e+01,1.000000000000000000e+02,2.000000000000000000e+00,2.000000000000000000e+00,1.000000000000000000e+00,4.000000000000000000e+00
2.000000000000000000e+00,1.218308724832214729e+01,1.550000000000000000e+02,2.100000000000000000e+01,3.500000000000000000e+01,0.000000000000000000e+00,8.000000000000000000e+00
2.000000000000000000e+00,1.218308724832214729e+01,1.000000000000000000e+02,2.000000000000000000e+00,2.000000000000000000e+00,1.000000000000000000e+00,4.000000000000000000e+00
2.000000000000000000e+00,1.208248322147650988e+01,1.550000000000000000e+02,2.400000000000000000e+01,3.100000000000000000e+01,1.000000000000000000e+00,8.000000000000000000e+00
2.000000000000000000e+00,1.208248322147650988e+01,1.000000000000000000e+02,3.000000000000000000e+00,3.000000000000000000e+00,2.000000000000000000e+00,7.000000000000000000e+00
2.000000000000000000e+00,1.198187919463087248e+01,1.550000000000000000e+02,2.500000000000000000e+01,3.800000000000000000e+01,1.000000000000000000e+00,6.000000000000000000e+00
2.000000000000000000e+00,1.198187919463087248e+01,1.000000000000000000e+02,4.000000000000000000e+00,4.000000000000000000e+00,2.000000000000000000e+00,4.000000000000000000e+00
2.000000000000000000e+00,1.188127516778523507e+01,1.550000000000000000e+02,2.700000000000000000e+01,3.900000000000000000e+01,1.000000000000000000e+00,8.000000000000000000e+00
2.000000000000000000e+00,1.188127516778523507e+01,1.000000000000000000e+02,4.000000000000000000e+00,4.000000000000000000e+00,3.000000000000000000e+00,3.000000000000000000e+00
2.000000000000000000e+00,1.178067114093959766e+01,1.550000000000000000e+02,3.000000000000000000e+01,3.900000000000000000e+01,4.000000000000000000e+00,9.000000000000000000e+00
2.000000000000000000e+00,1.178067114093959766e+01,1.000000000000000000e+02,6.000000000000000000e+00,6.000000000000000000e+00,3.000000000000000000e+00,2.000000000000000000e+00
2.000000000000000000e+00,1.168006711409396026e+01,1.550000000000000000e+02,3.000000000000000000e+01,4.500000000000000000e+01,3.000000000000000000e+00,9.000000000000000000e+00
2.000000000000000000e+00,1.168006711409396026e+01,1.000000000000000000e+02,3.000000000000000000e+00,3.000000000000000000e+00,2.000000000000000000e+00,2.000000000000000000e+00
2.000000000000000000e+00,1.157946308724832285e+01,1.550000000000000000e+02,2.800000000000000000e+01,3.900000000000000000e+01,3.000000000000000000e+00,7.000000000000000000e+00
2.000000000000000000e+00,1.157946308724832285e+01,1.000000000000000000e+02,4.000000000000000000e+00,4.000000000000000000e+00,3.000000000000000000e+00,3.000000000000000000e+00
2.000000000000000000e+00,1.147885906040268544e+01,1.550000000000000000e+02,2.900000000000000000e+01,5.400000000000000000e+01,4.000000000000000000e+00,7.000000000000000000e+00
2.000000000000000000e+00,1.147885906040268544e+01,1.000000000000000000e+02,3.000000000000000000e+00,3.000000000000000000e+00,1.000000000000000000e+00,3.000000000000000000e+00
2.000000000000000000e+00,1.137825503355704626e+01,1.550000000000000000e+02,2.900000000000000000e+01,4.700000000000000000e+01,2.000000000000000000e+00,1.200000000000000000e+01
2.000000000000000000e+00,1.137825503355704626e+01,1.000000000000000000e+02,3.000000000000000000e+00,3.000000000000000000e+00,0.000000000000000000e+00,3.000000000000000000e+00
2.000000000000000000e+00,1.127765100671140885e+01,1.550000000000000000e+02,3.000000000000000000e+01,4.000000000000000000e+01,3.000000000000000000e+00,7.000000000000000000e+00
2.000000000000000000e+00,1.127765100671140885e+01,1.000000000000000000e+02,2.000000000000000000e+00,2.000000000000000000e+00,1.000000000000000000e+00,4.000000000000000000e+00
2.000000000000000000e+00,1.117704697986577145e+01,1.550000000000000000e+02,2.900000000000000000e+01,3.800000000000000000e+01,3.000000000000000000e+00,5.000000000000000000e+00
2.000000000000000000e+00,1.117704697986577145e+01,1.000000000000000000e+02,3.000000000000000000e+00,3.000000000000000000e+00,3.000000000000000000e+00,3.000000000000000000e+00
2.000000000000000000e+00,1.107644295302013404e+01,1.550000000000000000e+02,3.200000000000000000e+01,3.800000000000000000e+01,5.000000000000000000e+00,6.000000000000000000e+00
2.000000000000000000e+00,1.107644295302013404e+01,1.000000000000000000e+02,3.000000000000000000e+00,3.000000000000000000e+00,3.000000000000000000e+00,5.000000000000000000e+00
2.000000000000000000e+00,1.097583892617449663e+01,1.550000000000000000e+02,3.100000000000000000e+01,4.600000000000000000e+01,4.000000000000000000e+00,1.000000000000000000e+01
2.000000000000000000e+00,1.097583892617449663e+01,1.000000000000000000e+02,5.000000000000000000e+00,5.000000000000000000e+00,4.000000000000000000e+00,2.000000000000000000e+00
2.000000000000000000e+00,1.087523489932885923e+01,1.550000000000000000e+02,3.100000000000000000e+01,4.000000000000000000e+01,3.000000000000000000e+00,7.000000000000000000e+00
2.000000000000000000e+00,1.087523489932885923e+01,1.000000000000000000e+02,7.000000000000000000e+00,7.000000000000000000e+00,4.000000000000000000e+00,3.000000000000000000e+00
2.000000000000000000e+00,1.077463087248322182e+01,1.550000000000000000e+02,2.900000000000000000e+01,4.800000000000000000e+01,1.000000000000000000e+00,1.500000000000000000e+01
2.000000000000000000e+00,1.077463087248322182e+01,1.000000000000000000e+02,6.000000000000000000e+00,6.000000000000000000e+00,4.000000000000000000e+00,3.000000000000000000e+00
2.000000000000000000e+00,1.067402684563758442e+01,1.550000000000000000e+02,3.000000000000000000e+01,4.800000000000000000e+01,0.000000000000000000e+00,1.500000000000000000e+01
2.000000000000000000e+00,1.067402684563758442e+01,1.000000000000000000e+02,5.000000000000000000e+00,5.000000000000000000e+00,3.000000000000000000e+00,3.000000000000000000e+00
2.000000000000000000e+00,1.057342281879194701e+01,1.550000000000000000e+02,3.200000000000000000e+01,4.400000000000000000e+01,0.000000000000000000e+00,1.500000000000000000e+01
2.000000000000000000e+00,1.057342281879194701e+01,1.000000000000000000e+02,4.000000000000000000e+00,4.000000000000000000e+00,2.000000000000000000e+00,1.000000000000000000e+00
2.000000000000000000e+00,1.047281879194630960e+01,1.550000000000000000e+02,3.500000000000000000e+01,4.600000000000000000e+01,0.000000000000000000e+00,1.200000000000000000e+01
2.000000000000000000e+00,1.047281879194630960e+01,1.000000000000000000e+02,4.000000000000000000e+00,4.000000000000000000e+00,2.000000000000000000e+00,5.000000000000000000e+00
2.000000000000000000e+00,1.037221476510067042e+01,1.550000000000000000e+02,3.500000000000000000e+01,4.500000000000000000e+01,3.000000000000000000e+00,1.000000000000000000e+01
2.000000000000000000e+00,1.037221476510067042e+01,1.000000000000000000e+02,5.000000000000000000e+00,5.000000000000000000e+00,2.000000000000000000e+00,6.000000000000000000e+00
2.000000000000000000e+00,1.027161073825503301e+01,1.550000000000000000e+02,3.600000000000000000e+01,4.200000000000000000e+01,1.000000000000000000e+00,1.000000000000000000e+01
2.000000000000000000e+00,1.027161073825503301e+01,1.000000000000000000e+02,6.000000000000000000e+00,6.000000000000000000e+00,3.000000000000000000e+00,4.000000000000000000e+00
2.000000000000000000e+00,1.017100671140939561e+01,1.550000000000000000e+02,3.800000000000000000e+01,4.200000000000000000e+01,1.000000000000000000e+00,8.000000000000000000e+00
2.000000000000000000e+00,1.017100671140939561e+01,1.000000000000000000e+02,4.000000000000000000e+00,4.000000000000000000e+00,3.000000000000000000e+00,6.000000000000000000e+00
2.000000000000000000e+00,1.007040268456375820e+01,1.550000000000000000e+02,4.100000000000000000e+01,4.800000000000000000e+01,3.000000000000000000e+00,1.000000000000000000e+01
2.000000000000000000e+00,1.007040268456375820e+01,1.000000000000000000e+02,4.000000000000000000e+00,4.000000000000000000e+00,2.000000000000000000e+00,6.000000000000000000e+00
2.000000000000000000e+00,9.969798657718120793e+00,1.550000000000000000e+02,4.200000000000000000e+01,4.200000000000000000e+01,4.000000000000000000e+00,1.100000000000000000e+01
2.000000000000000000e+00,9.969798657718120793e+00,1.000000000000000000e+02,5.000000000000000000e+00,5.000000000000000000e+00,2.000000000000000000e+00,4.000000000000000000e+00
2.000000000000000000e+00,9.869194630872483387e+00,1.550000000000000000e+02,3.700000000000000000e+01,5.500000000000000000e+01,4.000000000000000000e+00,1.400000000000000000e+01
2.000000000000000000e+00,9.869194630872483387e+00,1.000000000000000000e+02,5.000000000000000000e+00,5.000000000000000000e+00,3.000000000000000000e+00,4.000000000000000000e+00
2.000000000000000000e+00,9.768590604026845980e+00,1.550000000000000000e+02,3.400000000000000000e+01,5.500000000000000000e+01,3.000000000000000000e+00,1.800000000000000000e+01
2.000000000000000000e+00,9.768590604026845980e+00,1.000000000000000000e+02,5.000000000000000000e+00,5.000000000000000000e+00,3.000000000000000000e+00,4.000000000000000000e+00
2.000000000000000000e+00,9.667986577181208574e+00,1.550000000000000000e+02,3.200000000000000000e+01,5.500000000000000000e+01,2.000000000000000000e+00,1.000000000000000000e+01
2.000000000000000000e+00,9.667986577181208574e+00,1.000000000000000000e+02,4.000000000000000000e+00,4.000000000000000000e+00,1.000000000000000000e+00,3.000000000000000000e+00
2.000000000000000000e+00,9.567382550335571167e+00,1.550000000000000000e+02,3.500000000000000000e+01,5.800000000000000000e+01,3.000000000000000000e+00,1.500000000000000000e+01
2.000000000000000000e+00,9.567382550335571167e+00,1.000000000000000000e+02,3.000000000000000000e+00,3.000000000000000000e+00,1.000000000000000000e+00,5.000000000000000000e+00
2.000000000000000000e+00,9.466778523489933761e+00,1.550000000000000000e+02,3.800000000000000000e+01,5.100000000000000000e+01,4.000000000000000000e+00,1.500000000000000000e+01
2.000000000000000000e+00,9.466778523489933761e+00,1.000000000000000000e+02,4.000000000000000000e+00,4.000000000000000000e+00,1.000000000000000000e+00,3.000000000000000000e+00
2.000000000000000000e+00,9.366174496644294578e+00,1.550000000000000000e+02,3.900000000000000000e+01,5.000000000000000000e+01,5.000000000000000000e+00,1.100000000000000000e+01
2.000000000000000000e+00,9.366174496644294578e+00,1.000000000000000000e+02,2.000000000000000000e+00,2.000000000000000000e+00,0.000000000000000000e+00,3.000000000000000000e+00
2.000000000000000000e+00,9.265570469798657172e+00,1.550000000000000000e+02,4.000000000000000000e+01,5.000000000000000000e+01,6.000000000000000000e+00,1.400000000000000000e+01
2.000000000000000000e+00,9.265570469798657172e+00,1.000000000000000000e+02,4.000000000000000000e+00,4.000000000000000000e+00,3.000000000000000000e+00,4.000000000000000000e+00
2.000000000000000000e+00,9.164966442953019765e+00,1.550000000000000000e+02,3.900000000000000000e+01,5.300000000000000000e+01,5.000000000000000000e+00,9.000000000000000000e+00
2.000000000000000000e+00,9.164966442953019765e+00,1.000000000000000000e+02,3.000000000000000000e+00,3.000000000000000000e+00,1.000000000000000000e+00,3.000000000000000000e+00
2.000000000000000000e+00,9.064362416107382359e+00,1.550000000000000000e+02,4.100000000000000000e+01,5.600000000000000000e+01,3.000000000000000000e+00,1.600000000000000000e+01
2.000000000000000000e+00,9.064362416107382359e+00,1.000000000000000000e+02,3.000000000000000000e+00,3.000000000000000000e+00,1.000000000000000000e+00,4.000000000000000000e+00
2.000000000000000000e+00,8.963758389261744952e+00,1.550000000000000000e+02,4.200000000000000000e+01,6.100000000000000000e+01,3.000000000000000000e+00,1.800000000000000000e+01
2.000000000000000000e+00,8.963758389261744952e+00,1.000000000000000000e+02,2.000000000000000000e+00,2.000000000000000000e+00,1.000000000000000000e+00,2.000000000000000000e+00
2.000000000000000000e+00,8.863154362416107546e+00,1.550000000000000000e+02,4.100000000000000000e+01,5.500000000000000000e+01,3.000000000000000000e+00,1.400000000000000000e+01
2.000000000000000000e+00,8.863154362416107546e+00,1.000000000000000000e+02,3.000000000000000000e+00,3.000000000000000000e+00,2.000000000000000000e+00,5.000000000000000000e+00
2.000000000000000000e+00,8.762550335570470139e+00,1.550000000000000000e+02,4.100000000000000000e+01,5.800000000000000000e+01,2.000000000000000000e+00,2.100000000000000000e+01
2.000000000000000000e+00,8.762550335570470139e+00,1.000000000000000000e+02,3.000000000000000000e+00,3.000000000000000000e+00,2.000000000000000000e+00,6.000000000000000000e+00
2.000000000000000000e+00,8.661946308724832733e+00,1.550000000000000000e+02,4.000000000000000000e+01,5.700000000000000000e+01,3.000000000000000000e+00,1.900000000000000000e+01
2.000000000000000000e+00,8.661946308724832733e+00,1.000000000000000000e+02,2.000000000000000000e+00,2.000000000000000000e+00,1.000000000000000000e+00,7.000000000000000000e+00
2.000000000000000000e+00,8.561342281879195326e+00,1.550000000000000000e+02,4.400000000000000000e+01,4.800000000000000000e+01,3.000000000000000000e+00,1.200000000000000000e+01
2.000000000000000000e+00,8.561342281879195326e+00,1.000000000000000000e+02,3.000000000000000000e+00,3.000000000000000000e+00,3.000000000000000000e+00,7.000000000000000000e+00
2.000000000000000000e+00,8.460738255033557920e+00,1.550000000000000000e+02,4.000000000000000000e+01,5.900000000000000000e+01,5.000000000000000000e+00,1.600000000000000000e+01
2.000000000000000000e+00,8.460738255033557920e+00,1.000000000000000000e+02,3.000000000000000000e+00,3.000000000000000000e+00,2.000000000000000000e+00,9.000000000000000000e+00
2.000000000000000000e+00,8.360134228187918737e+00,1.550000000000000000e+02,3.500000000000000000e+01,6.100000000000000000e+01,7.000000000000000000e+00,2.000000000000000000e+01
2.000000000000000000e+00,8.360134228187918737e+00,1.000000000000000000e+02,3.000000000000000000e+00,3.000000000000000000e+00,3.000000000000000000e+00,7.000000000000000000e+00
2.000000000000000000e+00,8.259530201342281330e+00,1.550000000000000000e+02,3.600000000000000000e+01,6.200000000000000000e+01,8.000000000000000000e+00,1.900000000000000000e+01
2.000000000000000000e+00,8.259530201342281330e+00,1.000000000000000000e+02,3.000000000000000000e+00,3.000000000000000000e+00,3.000000000000000000e+00,6.000000000000000000e+00
2.000000000000000000e+00,8.158926174496643924e+00,1.550000000000000000e+02,3.800000000000000000e+01,6.000000000000000000e+01,4.000000000000000000e+00,2.000000000000000000e+01
2.000000000000000000e+00,8.158926174496643924e+00,1.000000000000000000e+02,2.000000000000000000e+00,2.000000000000000000e+00,1.000000000000000000e+00,2.000000000000000000e+00
2.000000000000000000e+00,8.058322147651006517e+00,1.550000000000000000e+02,3.800000000000000000e+01,6.900000000000000000e+01,6.000000000000000000e+00,2.200000000000000000e+01
2.000000000000000000e+00,8.058322147651006517e+00,1.000000000000000000e+02,2.000000000000000000e+00,2.000000000000000000e+00,1.000000000000000000e+00,4.000000000000000000e+00
2.000000000000000000e+00,7.957718120805369111e+00,1.550000000000000000e+02,3.800000000000000000e+01,5.900000000000000000e+01,5.000000000000000000e+00,1.600000000000000000e+01
2.000000000000000000e+00,7.957718120805369111e+00,1.000000000000000000e+02,2.000000000000000000e+00,2.000000000000000000e+00,1.000000000000000000e+00,3.000000000000000000e+00
2.000000000000000000e+00,7.857114093959731704e+00,1.550000000000000000e+02,3.800000000000000000e+01,6.200000000000000000e+01,5.000000000000000000e+00,2.000000000000000000e+01
2.000000000000000000e+00,7.857114093959731704e+00,1.000000000000000000e+02,3.000000000000000000e+00,3.000000000000000000e+00,2.000000000000000000e+00,5.000000000000000000e+00
2.000000000000000000e+00,7.756510067114094298e+00,1.550000000000000000e+02,4.500000000000000000e+01,5.700000000000000000e+01,6.000000000000000000e+00,1.900000000000000000e+01
2.000000000000000000e+00,7.756510067114094298e+00,1.000000000000000000e+02,4.000000000000000000e+00,4.000000000000000000e+00,2.000000000000000000e+00,5.000000000000000000e+00
2.000000000000000000e+00,7.655906040268456003e+00,1.550000000000000000e+02,4.600000000000000000e+01,6.800000000000000000e+01,8.000000000000000000e+00,3.100000000000000000e+01
2.000000000000000000e+00,7.655906040268456003e+00,1.000000000000000000e+02,3.000000000000000000e+00,3.000000000000000000e+00,1.000000000000000000e+00,1.200000000000000000e+01
2.000000000000000000e+00,7.555302013422818597e+00,1.550000000000000000e+02,4.900000000000000000e+01,6.200000000000000000e+01,6.000000000000000000e+00,2.400000000000000000e+01
2.000000000000000000e+00,7.555302013422818597e+00,1.000000000000000000e+02,6.000000000000000000e+00,6.000000000000000000e+00,2.000000000000000000e+00,5.000000000000000000e+00
2.000000000000000000e+00,7.454697986577181190e+00,1.550000000000000000e+02,4.700000000000000000e+01,6.300000000000000000e+01,7.000000000000000000e+00,1.100000000000000000e+01
2.000000000000000000e+00,7.454697986577181190e+00,1.000000000000000000e+02,7.000000000000000000e+00,7.000000000000000000e+00,4.000000000000000000e+00,8.000000000000000000e+00
2.000000000000000000e+00,7.354093959731543784e+00,1.550000000000000000e+02,5.100000000000000000e+01,7.200000000000000000e+01,8.000000000000000000e+00,2.500000000000000000e+01
2.000000000000000000e+00,7.354093959731543784e+00,1.000000000000000000e+02,7.000000000000000000e+00,7.000000000000000000e+00,3.000000000000000000e+00,6.000000000000000000e+00
2.000000000000000000e+00,7.253489932885906377e+00,1.550000000000000000e+02,5.000000000000000000e+01,5.900000000000000000e+01,7.000000000000000000e+00,2.600000000000000000e+01
2.000000000000000000e+00,7.253489932885906377e+00,1.000000000000000000e+02,6.000000000000000000e+00,6.000000000000000000e+00,2.000000000000000000e+00,7.000000000000000000e+00
2.000000000000000000e+00,7.152885906040268083e+00,1.550000000000000000e+02,5.100000000000000000e+01,7.600000000000000000e+01,1.000000000000000000e+01,3.400000000000000000e+01
2.000000000000000000e+00,7.152885906040268083e+00,1.000000000000000000e+02,4.000000000000000000e+00,4.000000000000000000e+00,2.000000000000000000e+00,9.000000000000000000e+00
2.000000000000000000e+00,7.052281879194630676e+00,1.550000000000000000e+02,5.300000000000000000e+01,6.800000000000000000e+01,9.000000000000000000e+00,2.100000000000000000e+01
2.000000000000000000e+00,7.052281879194630676e+00,1.000000000000000000e+02,4.000000000000000000e+00,4.000000000000000000e+00,2.000000000000000000e+00,6.000000000000000000e+00
2.000000000000000000e+00,6.951677852348993270e+00,1.550000000000000000e+02,5.600000000000000000e+01,6.800000000000000000e+01,1.100000000000000000e+01,2.300000000000000000e+01
2.000000000000000000e+00,6.951677852348993270e+00,1.000000000000000000e+02,3.000000000000000000e+00,3.000000000000000000e+00,2.000000000000000000e+00,1.200000000000000000e+01
2.000000000000000000e+00,6.851073825503355863e+00,1.550000000000000000e+02,5.400000000000000000e+01,7.000000000000000000e+01,1.000000000000000000e+01,2.900000000000000000e+01
2.000000000000000000e+00,6.851073825503355863e+00,1.000000000000000000e+02,3.000000000000000000e+00,3.000000000000000000e+00,0.000000000000000000e+00,9.000000000000000000e+00
2.000000000000000000e+00,6.750469798657718457e+00,1.550000000000000000e+02,5.600000000000000000e+01,8.100000000000000000e+01,1.000000000000000000e+01,4.000000000000000000e+01
2.000000000000000000e+00,6.750469798657718457e+00,1.000000000000000000e+02,4.000000000000000000e+00,4.000000000000000000e+00,3.000000000000000000e+00,6.000000000000000000e+00
2.000000000000000000e+00,6.649865771812080162e+00,1.550000000000000000e+02,6.600000000000000000e+01,7.900000000000000000e+01,1.500000000000000000e+01,3.500000000000000000e+01
2.000000000000000000e+00,6.649865771812080162e+00,1.000000000000000000e+02,5.000000000000000000e+00,5.000000000000000000e+00,4.000000000000000000e+00,1.400000000000000000e+01
2.000000000000000000e+00,6.549261744966442755e+00,1.550000000000000000e+02,6.200000000000000000e+01,7.700000000000000000e+01,1.500000000000000000e+01,3.300000000000000000e+01
2.000000000000000000e+00,6.549261744966442755e+00,1.000000000000000000e+02,6.000000000000000000e+00,6.000000000000000000e+00,3.000000000000000000e+00,5.000000000000000000e+00
2.000000000000000000e+00,6.448657718120805349e+00,1.550000000000000000e+02,6.300000000000000000e+01,7.400000000000000000e+01,1.600000000000000000e+01,3.400000000000000000e+01
2.000000000000000000e+00,6.448657718120805349e+00,1.000000000000000000e+02,7.000000000000000000e+00,7.000000000000000000e+00,6.000000000000000000e+00,1.500000000000000000e+01
2.000000000000000000e+00,6.348053691275167942e+00,1.550000000000000000e+02,6.200000000000000000e+01,7.900000000000000000e+01,1.400000000000000000e+01,4.200000000000000000e+01
2.000000000000000000e+00,6.348053691275167942e+00,1.000000000000000000e+02,6.000000000000000000e+00,6.000000000000000000e+00,5.000000000000000000e+00,7.000000000000000000e+00
2.000000000000000000e+00,6.247449664429530536e+00,1.550000000000000000e+02,6.400000000000000000e+01,8.400000000000000000e+01,2.000000000000000000e+01,3.200000000000000000e+01
2.000000000000000000e+00,6.247449664429530536e+00,1.000000000000000000e+02,3.000000000000000000e+00,3.000000000000000000e+00,2.000000000000000000e+00,1.200000000000000000e+01
2.000000000000000000e+00,6.146845637583892241e+00,1.550000000000000000e+02,7.100000000000000000e+01,7.300000000000000000e+01,2.400000000000000000e+01,4.100000000000000000e+01
2.000000000000000000e+00,6.146845637583892241e+00,1.000000000000000000e+02,1.000000000000000000e+00,1.000000000000000000e+00,0.000000000000000000e+00,1.000000000000000000e+01
2.000000000000000000e+00,6.046241610738254835e+00,1.550000000000000000e+02,6.600000000000000000e+01,7.600000000000000000e+01,2.400000000000000000e+01,2.900000000000000000e+01
2.000000000000000000e+00,6.046241610738254835e+00,1.000000000000000000e+02,2.000000000000000000e+00,2.000000000000000000e+00,0.000000000000000000e+00,8.000000000000000000e+00
2.000000000000000000e+00,5.945637583892617428e+00,1.550000000000000000e+02,6.600000000000000000e+01,9.000000000000000000e+01,2.300000000000000000e+01,4.500000000000000000e+01
2.000000000000000000e+00,5.945637583892617428e+00,1.000000000000000000e+02,3.000000000000000000e+00,3.000000000000000000e+00,1.000000000000000000e+00,1.100000000000000000e+01
2.000000000000000000e+00,5.845033557046980022e+00,1.550000000000000000e+02,7.000000000000000000e+01,8.400000000000000000e+01,2.500000000000000000e+01,4.200000000000000000e+01
2.000000000000000000e+00,5.845033557046980022e+00,1.000000000000000000e+02,3.000000000000000000e+00,3.000000000000000000e+00,1.000000000000000000e+00,1.100000000000000000e+01
2.000000000000000000e+00,5.744429530201342615e+00,1.550000000000000000e+02,7.400000000000000000e+01,8.000000000000000000e+01,3.000000000000000000e+01,4.600000000000000000e+01
2.000000000000000000e+00,5.744429530201342615e+00,1.000000000000000000e+02,4.000000000000000000e+00,4.000000000000000000e+00,2.000000000000000000e+00,9.000000000000000000e+00
2.000000000000000000e+00,5.643825503355704321e+00,1.550000000000000000e+02,7.600000000000000000e+01,7.800000000000000000e+01,2.700000000000000000e+01,4.200000000000000000e+01
2.000000000000000000e+00,5.643825503355704321e+00,1.000000000000000000e+02,5.000000000000000000e+00,5.000000000000000000e+00,1.000000000000000000e+00,8.000000000000000000e+00
2.000000000000000000e+00,5.543221476510066914e+00,1.550000000000000000e+02,7.100000000000000000e+01,8.700000000000000000e+01,3.000000000000000000e+01,4.400000000000000000e+01
2.000000000000000000e+00,5.543221476510066914e+00,1.000000000000000000e+02,9.000000000000000000e+00,9.000000000000000000e+00,3.000000000000000000e+00,5.000000000000000000e+00
2.000000000000000000e+00,5.442617449664429508e+00,1.550000000000000000e+02,7.200000000000000000e+01,8.400000000000000000e+01,2.700000000000000000e+01,4.400000000000000000e+01
2.000000000000000000e+00,5.442617449664429508e+00,1.000000000000000000e+02,9.000000000000000000e+00,9.000000000000000000e+00,2.000000000000000000e+00,1.900000000000000000e+01
2.000000000000000000e+00,5.342013422818792101e+00,1.550000000000000000e+02,7.100000000000000000e+01,8.500000000000000000e+01,2.200000000000000000e+01,5.000000000000000000e+01
2.000000000000000000e+00,5.342013422818792101e+00,1.000000000000000000e+02,1.100000000000000000e+01,1.100000000000000000e+01,2.000000000000000000e+00,1.500000000000000000e+01
2.000000000000000000e+00,5.241409395973154695e+00,1.550000000000000000e+02,6.800000000000000000e+01,9.000000000000000000e+01,2.300000000000000000e+01,4.700000000000000000e+01
2.000000000000000000e+00,5.241409395973154695e+00,1.000000000000000000e+02,8.000000000000000000e+00,8.000000000000000000e+00,1.000000000000000000e+00,1.100000000000000000e+01
2.000000000000000000e+00,5.140805369127516400e+00,1.550000000000000000e+02,7.000000000000000000e+01,8.800000000000000000e+01,2.300000000000000000e+01,5.600000000000000000e+01
2.000000000000000000e+00,5.140805369127516400e+00,1.000000000000000000e+02,1.000000000000000000e+01,1.000000000000000000e+01,2.000000000000000000e+00,1.800000000000000000e+01
2.000000000000000000e+00,5.040201342281878993e+00,1.550000000000000000e+02,7.300000000000000000e+01,9.100000000000000000e+01,2.500000000000000000e+01,4.900000000000000000e+01
2.000000000000000000e+00,5.040201342281878993e+00,1.000000000000000000e+02,1.800000000000000000e+01,1.800000000000000000e+01,6.000000000000000000e+00,1.400000000000000000e+01
2.000000000000000000e+00,4.939597315436241587e+00,1.550000000000000000e+02,7.600000000000000000e+01,9.900000000000000000e+01,3.000000000000000000e+01,6.100000000000000000e+01
2.000000000000000000e+00,4.939597315436241587e+00,1.000000000000000000e+02,1.800000000000000000e+01,1.800000000000000000e+01,6.000000000000000000e+00,2.000000000000000000e+01
2.000000000000000000e+00,4.838993288590604180e+00,1.550000000000000000e+02,7.900000000000000000e+01,9.000000000000000000e+01,3.400000000000000000e+01,4.500000000000000000e+01
2.000000000000000000e+00,4.838993288590604180e+00,1.000000000000000000e+02,1.700000000000000000e+01,1.700000000000000000e+01,4.000000000000000000e+00,1.700000000000000000e+01
2.000000000000000000e+00,4.738389261744966774e+00,1.550000000000000000e+02,8.100000000000000000e+01,9.300000000000000000e+01,3.700000000000000000e+01,5.700000000000000000e+01
2.000000000000000000e+00,4.738389261744966774e+00,1.000000000000000000e+02,1.900000000000000000e+01,1.900000000000000000e+01,4.000000000000000000e+00,1.800000000000000000e+01
2.000000000000000000e+00,4.637785234899328479e+00,1.550000000000000000e+02,8.100000000000000000e+01,9.400000000000000000e+01,4.100000000000000000e+01,5.900000000000000000e+01
2.000000000000000000e+00,4.637785234899328479e+00,1.000000000000000000e+02,2.000000000000000000e+01,2.000000000000000000e+01,3.000000000000000000e+00,2.800000000000000000e+01
2.000000000000000000e+00,4.537181208053691073e+00,1.550000000000000000e+02,9.100000000000000000e+01,1.020000000000000000e+02,4.500000000000000000e+01,5.900000000000000000e+01
2.000000000000000000e+00,4.537181208053691073e+00,1.000000000000000000e+02,2.100000000000000000e+01,2.100000000000000000e+01,4.000000000000000000e+00,2.400000000000000000e+01
2.000000000000000000e+00,4.436577181208053666e+00,1.550000000000000000e+02,9.400000000000000000e+01,9.800000000000000000e+01,4.800000000000000000e+01,5.700000000000000000e+01
2.000000000000000000e+00,4.436577181208053666e+00,1.000000000000000000e+02,2.100000000000000000e+01,2.100000000000000000e+01,3.000000000000000000e+00,2.700000000000000000e+01
2.000000000000000000e+00,4.335973154362416260e+00,1.550000000000000000e+02,9.300000000000000000e+01,1.000000000000000000e+02,4.400000000000000000e+01,6.600000000000000000e+01
2.000000000000000000e+00,4.335973154362416260e+00,1.000000000000000000e+02,2.300000000000000000e+01,2.300000000000000000e+01,4.000000000000000000e+00,2.300000000000000000e+01
2.000000000000000000e+00,4.235369127516778853e+00,1.550000000000000000e+02,8.900000000000000000e+01,9.700000000000000000e+01,4.000000000000000000e+01,6.000000000000000000e+01
2.000000000000000000e+00,4.235369127516778853e+00,1.000000000000000000e+02,3.100000000000000000e+01,3.100000000000000000e+01,6.000000000000000000e+00,2.000000000000000000e+01
2.000000000000000000e+00,4.134765100671140559e+00,1.550000000000000000e+02,9.000000000000000000e+01,9.600000000000000000e+01,4.700000000000000000e+01,6.600000000000000000e+01
2.000000000000000000e+00,4.134765100671140559e+00,1.000000000000000000e+02,2.800000000000000000e+01,2.800000000000000000e+01,7.000000000000000000e+00,2.200000000000000000e+01
2.000000000000000000e+00,4.034161073825503152e+00,1.550000000000000000e+02,9.100000000000000000e+01,1.000000000000000000e+02,4.900000000000000000e+01,6.200000000000000000e+01
2.000000000000000000e+00,4.034161073825503152e+00,1.000000000000000000e+02,2.700000000000000000e+01,2.700000000000000000e+01,5.000000000000000000e+00,2.800000000000000000e+01
2.000000000000000000e+00,3.933557046979865746e+00,1.550000000000000000e+02,9.000000000000000000e+01,1.000000000000000000e+02,5.000000000000000000e+01,5.400000000000000000e+01
2.000000000000000000e+00,3.933557046979865746e+00,1.000000000000000000e+02,2.500000000000000000e+01,2.500000000000000000e+01,4.000000000000000000e+00,2.100000000000000000e+01
2.000000000000000000e+00,3.832953020134227895e+00,1.550000000000000000e+02,9.500000000000000000e+01,9.900000000000000000e+01,5.900000000000000000e+01,6.000000000000000000e+01
2.000000000000000000e+00,3.832953020134227895e+00,1.000000000000000000e+02,2.900000000000000000e+01,2.900000000000000000e+01,7.000000000000000000e+00,2.900000000000000000e+01
2.000000000000000000e+00,3.732348993288590489e+00,1.550000000000000000e+02,9.600000000000000000e+01,1.030000000000000000e+02,5.700000000000000000e+01,6.900000000000000000e+01
2.000000000000000000e+00,3.732348993288590489e+00,1.000000000000000000e+02,2.600000000000000000e+01,2.600000000000000000e+01,4.000000000000000000e+00,2.400000000000000000e+01
2.000000000000000000e+00,3.631744966442953082e+00,1.550000000000000000e+02,1.010000000000000000e+02,9.900000000000000000e+01,6.000000000000000000e+01,6.300000000000000000e+01
2.000000000000000000e+00,3.631744966442953082e+00,1.000000000000000000e+02,2.600000000000000000e+01,2.600000000000000000e+01,5.000000000000000000e+00,1.900000000000000000e+01
2.000000000000000000e+00,3.531140939597315231e+00,1.550000000000000000e+02,9.800000000000000000e+01,1.060000000000000000e+02,5.700000000000000000e+01,6.300000000000000000e+01
2.000000000000000000e+00,3.531140939597315231e+00,1.000000000000000000e+02,3.100000000000000000e+01,3.100000000000000000e+01,7.000000000000000000e+00,2.800000000000000000e+01
2.000000000000000000e+00,3.430536912751677825e+00,1.550000000000000000e+02,9.500000000000000000e+01,1.080000000000000000e+02,5.200000000000000000e+01,7.100000000000000000e+01
2.000000000000000000e+00,3.430536912751677825e+00,1.000000000000000000e+02,3.100000000000000000e+01,3.100000000000000000e+01,6.000000000000000000e+00,3.300000000000000000e+01
2.000000000000000000e+00,3.329932885906039974e+00,1.550000000000000000e+02,9.300000000000000000e+01,1.080000000000000000e+02,5.000000000000000000e+01,7.500000000000000000e+01
2.000000000000000000e+00,3.329932885906039974e+00,1.000000000000000000e+02,3.300000000000000000e+01,3.300000000000000000e+01,9.000000000000000000e+00,2.900000000000000000e+01
2.000000000000000000e+00,3.229328859060402568e+00,1.550000000000000000e+02,9.200000000000000000e+01,1.040000000000000000e+02,5.600000000000000000e+01,6.600000000000000000e+01
2.000000000000000000e+00,3.229328859060402568e+00,1.000000000000000000e+02,3.300000000000000000e+01,3.300000000000000000e+01,9.000000000000000000e+00,3.500000000000000000e+01
2.000000000000000000e+00,3.128724832214765161e+00,1.550000000000000000e+02,9.700000000000000000e+01,1.170000000000000000e+02,5.800000000000000000e+01,9.000000000000000000e+01
2.000000000000000000e+00,3.128724832214765161e+00,1.000000000000000000e+02,3.300000000000000000e+01,3.300000000000000000e+01,7.000000000000000000e+00,3.400000000000000000e+01
2.000000000000000000e+00,3.028120805369127311e+00,1.550000000000000000e+02,9.400000000000000000e+01,1.020000000000000000e+02,6.200000000000000000e+01,6.700000000000000000e+01
2.000000000000000000e+00,3.028120805369127311e+00,1.000000000000000000e+02,3.500000000000000000e+01,3.500000000000000000e+01,9.000000000000000000e+00,3.000000000000000000e+01
2.000000000000000000e+00,2.927516778523489904e+00,1.550000000000000000e+02,1.000000000000000000e+02,1.090000000000000000e+02,6.600000000000000000e+01,7.700000000000000000e+01
2.000000000000000000e+00,2.927516778523489904e+00,1.000000000000000000e+02,4.000000000000000000e+01,4.000000000000000000e+01,1.200000000000000000e+01,3.600000000000000000e+01
2.000000000000000000e+00,2.826912751677852054e+00,1.550000000000000000e+02,1.010000000000000000e+02,1.100000000000000000e+02,7.000000000000000000e+01,7.900000000000000000e+01
2.000000000000000000e+00,2.826912751677852054e+00,1.000000000000000000e+02,4.300000000000000000e+01,4.300000000000000000e+01,1.300000000000000000e+01,4.200000000000000000e+01
2.000000000000000000e+00,2.726308724832214647e+00,1.550000000000000000e+02,1.030000000000000000e+02,1.170000000000000000e+02,7.200000000000000000e+01,8.000000000000000000e+01
2.000000000000000000e+00,2.726308724832214647e+00,1.000000000000000000e+02,4.200000000000000000e+01,4.200000000000000000e+01,1.200000000000000000e+01,4.100000000000000000e+01
2.000000000000000000e+00,2.625704697986577241e+00,1.550000000000000000e+02,1.030000000000000000e+02,1.220000000000000000e+02,7.200000000000000000e+01,9.600000000000000000e+01
2.000000000000000000e+00,2.625704697986577241e+00,1.000000000000000000e+02,4.000000000000000000e+01,4.000000000000000000e+01,1.300000000000000000e+01,4.200000000000000000e+01
2.000000000000000000e+00,2.525100671140939390e+00,1.550000000000000000e+02,1.030000000000000000e+02,1.270000000000000000e+02,7.000000000000000000e+01,9.300000000000000000e+01
2.000000000000000000e+00,2.525100671140939390e+00,1.000000000000000000e+02,3.800000000000000000e+01,3.800000000000000000e+01,1.200000000000000000e+01,4.800000000000000000e+01
2.000000000000000000e+00,2.424496644295301984e+00,1.550000000000000000e+02,1.090000000000000000e+02,1.270000000000000000e+02,7.400000000000000000e+01,9.800000000000000000e+01
2.000000000000000000e+00,2.424496644295301984e+00,1.000000000000000000e+02,3.600000000000000000e+01,3.600000000000000000e+01,9.000000000000000000e+00,4.400000000000000000e+01
2.000000000000000000e+00,2.323892617449664133e+00,1.550000000000000000e+02,1.100000000000000000e+02,1.260000000000000000e+02,8.000000000000000000e+01,1.000000000000000000e+02
2.000000000000000000e+00,2.323892617449664133e+00,1.000000000000000000e+02,4.700000000000000000e+01,4.700000000000000000e+01,1.800000000000000000e+01,4.600000000000000000e+01
2.000000000000000000e+00,2.223288590604026727e+00,1.550000000000000000e+02,1.120000000000000000e+02,1.230000000000000000e+02,8.300000000000000000e+01,9.600000000000000000e+01
2.000000000000000000e+00,2.223288590604026727e+00,1.000000000000000000e+02,5.300000000000000000e+01,5.300000000000000000e+01,1.700000000000000000e+01,4.300000000000000000e+01
2.000000000000000000e+00,2.122684563758389320e+00,1.550000000000000000e+02,1.140000000000000000e+02,1.310000000000000000e+02,8.300000000000000000e+01,9.800000000000000000e+01
2.000000000000000000e+00,2.122684563758389320e+00,1.000000000000000000e+02,5.100000000000000000e+01,5.100000000000000000e+01,1.800000000000000000e+01,5.000000000000000000e+01
2.000000000000000000e+00,2.022080536912751469e+00,1.550000000000000000e+02,1.100000000000000000e+02,1.260000000000000000e+02,8.400000000000000000e+01,1.040000000000000000e+02
2.000000000000000000e+00,2.022080536912751469e+00,1.000000000000000000e+02,5.100000000000000000e+01,5.100000000000000000e+01,2.300000000000000000e+01,5.000000000000000000e+01
2.000000000000000000e+00,1.921476510067114063e+00,1.550000000000000000e+02,1.100000000000000000e+02,1.240000000000000000e+02,8.800000000000000000e+01,1.000000000000000000e+02
2.000000000000000000e+00,1.921476510067114063e+00,1.000000000000000000e+02,4.700000000000000000e+01,4.700000000000000000e+01,2.100000000000000000e+01,4.400000000000000000e+01
2.000000000000000000e+00,1.820872483221476656e+00,1.550000000000000000e+02,1.080000000000000000e+02,1.240000000000000000e+02,7.700000000000000000e+01,9.700000000000000000e+01
2.000000000000000000e+00,1.820872483221476656e+00,1.000000000000000000e+02,5.300000000000000000e+01,5.300000000000000000e+01,1.900000000000000000e+01,4.900000000000000000e+01
2.000000000000000000e+00,1.720268456375839028e+00,1.550000000000000000e+02,1.140000000000000000e+02,1.230000000000000000e+02,8.600000000000000000e+01,1.020000000000000000e+02
2.000000000000000000e+00,1.720268456375839028e+00,1.000000000000000000e+02,5.600000000000000000e+01,5.600000000000000000e+01,2.000000000000000000e+01,5.400000000000000000e+01
2.000000000000000000e+00,1.619664429530201399e+00,1.550000000000000000e+02,1.180000000000000000e+02,1.380000000000000000e+02,9.100000000000000000e+01,1.100000000000000000e+02
2.000000000000000000e+00,1.619664429530201399e+00,1.000000000000000000e+02,6.200000000000000000e+01,6.200000000000000000e+01,1.700000000000000000e+01,6.200000000000000000e+01
2.000000000000000000e+00,1.519060402684563771e+00,1.550000000000000000e+02,1.170000000000000000e+02,1.320000000000000000e+02,9.300000000000000000e+01,1.060000000000000000e+02
2.000000000000000000e+00,1.519060402684563771e+00,1.000000000000000000e+02,6.200000000000000000e+01,6.200000000000000000e+01,1.600000000000000000e+01,7.000000000000000000e+01
2.000000000000000000e+00,1.418456375838926142e+00,1.550000000000000000e+02,1.160000000000000000e+02,1.320000000000000000e+02,9.400000000000000000e+01,1.080000000000000000e+02
2.000000000000000000e+00,1.418456375838926142e+00,1.000000000000000000e+02,6.200000000000000000e+01,6.200000000000000000e+01,2.100000000000000000e+01,5.700000000000000000e+01
2.000000000000000000e+00,1.317852348993288736e+00,1.550000000000000000e+02,1.200000000000000000e+02,1.330000000000000000e+02,1.010000000000000000e+02,1.080000000000000000e+02
2.000000000000000000e+00,1.317852348993288736e+00,1.000000000000000000e+02,6.000000000000000000e+01,6.000000000000000000e+01,2.200000000000000000e+01,6.800000000000000000e+01
2.000000000000000000e+00,1.217248322147651107e+00,1.550000000000000000e+02,1.190000000000000000e+02,1.320000000000000000e+02,9.800000000000000000e+01,1.150000000000000000e+02
2.000000000000000000e+00,1.217248322147651107e+00,1.000000000000000000e+02,6.900000000000000000e+01,6.900000000000000000e+01,2.300000000000000000e+01,6.900000000000000000e+01
2.000000000000000000e+00,1.116644295302013479e+00,1.550000000000000000e+02,1.220000000000000000e+02,1.290000000000000000e+02,1.030000000000000000e+02,1.110000000000000000e+02
2.000000000000000000e+00,1.116644295302013479e+00,1.000000000000000000e+02,7.800000000000000000e+01,7.800000000000000000e+01,2.400000000000000000e+01,6.600000000000000000e+01
2.000000000000000000e+00,1.016040268456375850e+00,1.550000000000000000e+02,1.260000000000000000e+02,1.390000000000000000e+02,1.080000000000000000e+02,1.200000000000000000e+02
2.000000000000000000e+00,1.016040268456375850e+00,1.000000000000000000e+02,7.700000000000000000e+01,7.700000000000000000e+01,3.500000000000000000e+01,8.400000000000000000e+01
2.000000000000000000e+00,9.154362416107383327e-01,1.550000000000000000e+02,1.300000000000000000e+02,1.360000000000000000e+02,1.160000000000000000e+02,1.170000000000000000e+02
2.000000000000000000e+00,9.154362416107383327e-01,1.000000000000000000e+02,7.500000000000000000e+01,7.500000000000000000e+01,3.300000000000000000e+01,8.200000000000000000e+01
2.000000000000000000e+00,8.148322147651007041e-01,1.550000000000000000e+02,1.260000000000000000e+02,1.380000000000000000e+02,1.090000000000000000e+02,1.150000000000000000e+02
2.000000000000000000e+00,8.148322147651007041e-01,1.000000000000000000e+02,8.300000000000000000e+01,8.300000000000000000e+01,4.200000000000000000e+01,8.200000000000000000e+01
2.000000000000000000e+00,7.142281879194630756e-01,1.550000000000000000e+02,1.370000000000000000e+02,1.340000000000000000e+02,1.210000000000000000e+02,1.160000000000000000e+02
2.000000000000000000e+00,7.142281879194630756e-01,1.000000000000000000e+02,8.600000000000000000e+01,8.600000000000000000e+01,4.100000000000000000e+01,7.800000000000000000e+01
2.000000000000000000e+00,6.136241610738255581e-01,1.550000000000000000e+02,1.350000000000000000e+02,1.430000000000000000e+02,1.170000000000000000e+02,1.290000000000000000e+02
2.000000000000000000e+00,6.136241610738255581e-01,1.000000000000000000e+02,8.400000000000000000e+01,8.400000000000000000e+01,3.900000000000000000e+01,8.000000000000000000e+01
2.000000000000000000e+00,5.130201342281879295e-01,1.550000000000000000e+02,1.310000000000000000e+02,1.480000000000000000e+02,1.160000000000000000e+02,1.300000000000000000e+02
2.000000000000000000e+00,5.130201342281879295e-01,1.000000000000000000e+02,8.800000000000000000e+01,8.800000000000000000e+01,4.800000000000000000e+01,8.900000000000000000e+01
2.000000000000000000e+00,4.124161073825503565e-01,1.550000000000000000e+02,1.350000000000000000e+02,1.460000000000000000e+02,1.160000000000000000e+02,1.300000000000000000e+02
2.000000000000000000e+00,4.124161073825503565e-01,1.000000000000000000e+02,9.500000000000000000e+01,9.500000000000000000e+01,4.700000000000000000e+01,9.800000000000000000e+01
2.000000000000000000e+00,3.118120805369127835e-01,1.550000000000000000e+02,1.360000000000000000e+02,1.340000000000000000e+02,1.190000000000000000e+02,1.240000000000000000e+02
2.000000000000000000e+00,3.118120805369127835e-01,1.000000000000000000e+02,9.400000000000000000e+01,9.400000000000000000e+01,5.400000000000000000e+01,9.000000000000000000e+01
2.000000000000000000e+00,2.112080536912751827e-01,1.550000000000000000e+02,1.320000000000000000e+02,1.460000000000000000e+02,1.170000000000000000e+02,1.290000000000000000e+02
2.000000000000000000e+00,2.112080536912751827e-01,1.000000000000000000e+02,1.010000000000000000e+02,1.010000000000000000e+02,5.600000000000000000e+01,8.700000000000000000e+01
2.000000000000000000e+00,1.106040268456375819e-01,1.550000000000000000e+02,1.360000000000000000e+02,1.570000000000000000e+02,1.210000000000000000e+02,1.460000000000000000e+02
2.000000000000000000e+00,1.106040268456375819e-01,1.000000000000000000e+02,1.050000000000000000e+02,1.050000000000000000e+02,5.700000000000000000e+01,9.700000000000000000e+01
2.000000000000000000e+00,1.000000000000000021e-02,1.550000000000000000e+02,1.320000000000000000e+02,1.500000000000000000e+02,1.210000000000000000e+02,1.340000000000000000e+02
2.000000000000000000e+00,1.000000000000000021e-02,1.000000000000000000e+02,1.120000000000000000e+02,1.120000000000000000e+02,6.700000000000000000e+01,1.040000000000000000e+02
1.000000000000000000e+00,8.000000000000000000e+00,1.550000000000000000e+02,3.800000000000000000e+01,7.100000000000000000e+01,3.000000000000000000e+00,1.800000000000000000e+01
1.000000000000000000e+00,8.000000000000000000e+00,1.000000000000000000e+02,2.000000000000000000e+00,2.000000000000000000e+00,1.000000000000000000e+00,3.000000000000000000e+00
1.000000000000000000e+00,7.898860759493671502e+00,1.550000000000000000e+02,3.900000000000000000e+01,6.500000000000000000e+01,4.000000000000000000e+00,1.900000000000000000e+01
1.000000000000000000e+00,7.898860759493671502e+00,1.000000000000000000e+02,4.000000000000000000e+00,4.000000000000000000e+00,2.000000000000000000e+00,6.000000000000000000e+00
1.000000000000000000e+00,7.797721518987342115e+00,1.550000000000000000e+02,4.000000000000000000e+01,6.500000000000000000e+01,5.000000000000000000e+00,2.100000000000000000e+01
1.000000000000000000e+00,7.797721518987342115e+00,1.000000000000000000e+02,2.000000000000000000e+00,2.000000000000000000e+00,0.000000000000000000e+00,5.000000000000000000e+00
1.000000000000000000e+00,7.696582278481012729e+00,1.550000000000000000e+02,4.300000000000000000e+01,5.900000000000000000e+01,4.000000000000000000e+00,2.000000000000000000e+01
1.000000000000000000e+00,7.696582278481012729e+00,1.000000000000000000e+02,2.000000000000000000e+00,2.000000000000000000e+00,2.000000000000000000e+00,6.000000000000000000e+00
1.000000000000000000e+00,7.595443037974684231e+00,1.550000000000000000e+02,4.200000000000000000e+01,7.000000000000000000e+01,2.000000000000000000e+00,2.000000000000000000e+01
1.000000000000000000e+00,7.595443037974684231e+00,1.000000000000000000e+02,0.000000000000000000e+00,0.000000000000000000e+00,0.000000000000000000e+00,1.000000000000000000e+01
1.000000000000000000e+00,7.494303797468354844e+00,1.550000000000000000e+02,4.000000000000000000e+01,7.100000000000000000e+01,2.000000000000000000e+00,2.100000000000000000e+01
1.000000000000000000e+00,7.494303797468354844e+00,1.000000000000000000e+02,2.000000000000000000e+00,2.000000000000000000e+00,1.000000000000000000e+00,3.000000000000000000e+00
1.000000000000000000e+00,7.393164556962025458e+00,1.550000000000000000e+02,4.000000000000000000e+01,7.400000000000000000e+01,2.000000000000000000e+00,2.800000000000000000e+01
1.000000000000000000e+00,7.393164556962025458e+00,1.000000000000000000e+02,3.000000000000000000e+00,3.000000000000000000e+00,2.000000000000000000e+00,5.000000000000000000e+00
1.000000000000000000e+00,7.292025316455696959e+00,1.550000000000000000e+02,4.300000000000000000e+01,7.300000000000000000e+01,4.000000000000000000e+00,3.300000000000000000e+01
1.000000000000000000e+00,7.292025316455696959e+00,1.000000000000000000e+02,4.000000000000000000e+00,4.000000000000000000e+00,3.000000000000000000e+00,8.000000000000000000e+00
1.000000000000000000e+00,7.190886075949367573e+00,1.550000000000000000e+02,4.900000000000000000e+01,7.600000000000000000e+01,9.000000000000000000e+00,2.800000000000000000e+01
1.000000000000000000e+00,7.190886075949367573e+00,1.000000000000000000e+02,3.000000000000000000e+00,3.000000000000000000e+00,2.000000000000000000e+00,8.000000000000000000e+00
1.000000000000000000e+00,7.089746835443038186e+00,1.550000000000000000e+02,4.400000000000000000e+01,7.400000000000000000e+01,8.000000000000000000e+00,2.400000000000000000e+01
1.000000000000000000e+00,7.089746835443038186e+00,1.000000000000000000e+02,3.000000000000000000e+00,3.000000000000000000e+00,2.000000000000000000e+00,9.000000000000000000e+00
1.000000000000000000e+00,6.988607594936709688e+00,1.550000000000000000e+02,4.600000000000000000e+01,7.300000000000000000e+01,7.000000000000000000e+00,2.800000000000000000e+01
1.000000000000000000e+00,6.988607594936709688e+00,1.000000000000000000e+02,2.000000000000000000e+00,2.000000000000000000e+00,1.000000000000000000e+00,7.000000000000000000e+00
1.000000000000000000e+00,6.887468354430380302e+00,1.550000000000000000e+02,4.500000000000000000e+01,6.900000000000000000e+01,9.000000000000000000e+00,3.400000000000000000e+01
1.000000000000000000e+00,6.887468354430380302e+00,1.000000000000000000e+02,3.000000000000000000e+00,3.000000000000000000e+00,1.000000000000000000e+00,9.000000000000000000e+00
1.000000000000000000e+00,6.786329113924050915e+00,1.550000000000000000e+02,4.600000000000000000e+01,8.000000000000000000e+01,8.000000000000000000e+00,3.700000000000000000e+01
1.000000000000000000e+00,6.786329113924050915e+00,1.000000000000000000e+02,2.000000000000000000e+00,2.000000000000000000e+00,0.000000000000000000e+00,6.000000000000000000e+00
1.000000000000000000e+00,6.685189873417721529e+00,1.550000000000000000e+02,5.100000000000000000e+01,8.800000000000000000e+01,1.100000000000000000e+01,3.100000000000000000e+01
1.000000000000000000e+00,6.685189873417721529e+00,1.000000000000000000e+02,3.000000000000000000e+00,3.000000000000000000e+00,2.000000000000000000e+00,1.100000000000000000e+01
1.000000000000000000e+00,6.584050632911393031e+00,1.550000000000000000e+02,5.400000000000000000e+01,7.000000000000000000e+01,1.000000000000000000e+01,3.200000000000000000e+01
1.000000000000000000e+00,6.584050632911393031e+00,1.000000000000000000e+02,4.000000000000000000e+00,4.000000000000000000e+00,2.000000000000000000e+00,1.300000000000000000e+01
1.000000000000000000e+00,6.482911392405063644e+00,1.550000000000000000e+02,5.600000000000000000e+01,8.000000000000000000e+01,1.400000000000000000e+01,3.500000000000000000e+01
1.000000000000000000e+00,6.482911392405063644e+00,1.000000000000000000e+02,6.000000000000000000e+00,6.000000000000000000e+00,3.000000000000000000e+00,1.300000000000000000e+01
1.000000000000000000e+00,6.381772151898734258e+00,1.550000000000000000e+02,5.600000000000000000e+01,8.000000000000000000e+01,1.600000000000000000e+01,3.200000000000000000e+01
1.000000000000000000e+00,6.381772151898734258e+00,1.000000000000000000e+02,6.000000000000000000e+00,6.000000000000000000e+00,3.000000000000000000e+00,1.100000000000000000e+01
1.000000000000000000e+00,6.280632911392405759e+00,1.550000000000000000e+02,5.800000000000000000e+01,8.300000000000000000e+01,1.400000000000000000e+01,4.200000000000000000e+01
1.000000000000000000e+00,6.280632911392405759e+00,1.000000000000000000e+02,5.000000000000000000e+00,5.000000000000000000e+00,4.000000000000000000e+00,6.000000000000000000e+00
1.000000000000000000e+00,6.179493670886076373e+00,1.550000000000000000e+02,6.200000000000000000e+01,7.200000000000000000e+01,1.500000000000000000e+01,3.600000000000000000e+01
1.000000000000000000e+00,6.179493670886076373e+00,1.000000000000000000e+02,6.000000000000000000e+00,6.000000000000000000e+00,5.000000000000000000e+00,1.000000000000000000e+01
1.000000000000000000e+00,6.078354430379746987e+00,1.550000000000000000e+02,6.300000000000000000e+01,7.700000000000000000e+01,1.500000000000000000e+01,3.300000000000000000e+01
1.000000000000000000e+00,6.078354430379746987e+00,1.000000000000000000e+02,3.000000000000000000e+00,3.000000000000000000e+00,2.000000000000000000e+00,1.000000000000000000e+01
1.000000000000000000e+00,5.977215189873417600e+00,1.550000000000000000e+02,6.500000000000000000e+01,8.100000000000000000e+01,2.000000000000000000e+01,3.700000000000000000e+01
1.000000000000000000e+00,5.977215189873417600e+00,1.000000000000000000e+02,7.000000000000000000e+00,7.000000000000000000e+00,4.000000000000000000e+00,7.000000000000000000e+00
1.000000000000000000e+00,5.876075949367089102e+00,1.550000000000000000e+02,7.100000000000000000e+01,8.700000000000000000e+01,2.100000000000000000e+01,4.000000000000000000e+01
1.000000000000000000e+00,5.876075949367089102e+00,1.000000000000000000e+02,5.000000000000000000e+00,5.000000000000000000e+00,3.000000000000000000e+00,1.200000000000000000e+01
1.000000000000000000e+00,5.774936708860759715e+00,1.550000000000000000e+02,6.800000000000000000e+01,9.000000000000000000e+01,2.000000000000000000e+01,5.000000000000000000e+01
1.000000000000000000e+00,5.774936708860759715e+00,1.000000000000000000e+02,8.000000000000000000e+00,8.000000000000000000e+00,5.000000000000000000e+00,9.000000000000000000e+00
1.000000000000000000e+00,5.673797468354430329e+00,1.550000000000000000e+02,7.100000000000000000e+01,8.500000000000000000e+01,1.900000000000000000e+01,4.800000000000000000e+01
1.000000000000000000e+00,5.673797468354430329e+00,1.000000000000000000e+02,7.000000000000000000e+00,7.000000000000000000e+00,3.000000000000000000e+00,1.200000000000000000e+01
1.000000000000000000e+00,5.572658227848101831e+00,1.550000000000000000e+02,7.000000000000000000e+01,7.900000000000000000e+01,2.900000000000000000e+01,3.600000000000000000e+01
1.000000000000000000e+00,5.572658227848101831e+00,1.000000000000000000e+02,5.000000000000000000e+00,5.000000000000000000e+00,2.000000000000000000e+00,1.000000000000000000e+01
1.000000000000000000e+00,5.471518987341772444e+00,1.550000000000000000e+02,7.000000000000000000e+01,7.700000000000000000e+01,2.900000000000000000e+01,3.300000000000000000e+01
1.000000000000000000e+00,5.471518987341772444e+00,1.000000000000000000e+02,7.000000000000000000e+00,7.000000000000000000e+00,4.000000000000000000e+00,1.100000000000000000e+01
1.000000000000000000e+00,5.370379746835443058e+00,1.550000000000000000e+02,6.600000000000000000e+01,8.500000000000000000e+01,2.000000000000000000e+01,4.400000000000000000e+01
1.000000000000000000e+00,5.370379746835443058e+00,1.000000000000000000e+02,6.000000000000000000e+00,6.000000000000000000e+00,3.000000000000000000e+00,2.200000000000000000e+01
1.000000000000000000e+00,5.269240506329114559e+00,1.550000000000000000e+02,6.800000000000000000e+01,8.900000000000000000e+01,1.900000000000000000e+01,4.900000000000000000e+01
1.000000000000000000e+00,5.269240506329114559e+00,1.000000000000000000e+02,9.000000000000000000e+00,9.000000000000000000e+00,6.000000000000000000e+00,1.800000000000000000e+01
1.000000000000000000e+00,5.168101265822785173e+00,1.550000000000000000e+02,7.100000000000000000e+01,9.300000000000000000e+01,1.900000000000000000e+01,4.200000000000000000e+01
1.000000000000000000e+00,5.168101265822785173e+00,1.000000000000000000e+02,7.000000000000000000e+00,7.000000000000000000e+00,3.000000000000000000e+00,1.700000000000000000e+01
1.000000000000000000e+00,5.066962025316455787e+00,1.550000000000000000e+02,7.300000000000000000e+01,8.200000000000000000e+01,2.100000000000000000e+01,4.600000000000000000e+01
1.000000000000000000e+00,5.066962025316455787e+00,1.000000000000000000e+02,7.000000000000000000e+00,7.000000000000000000e+00,3.000000000000000000e+00,1.800000000000000000e+01
1.000000000000000000e+00,4.965822784810126400e+00,1.550000000000000000e+02,7.900000000000000000e+01,9.200000000000000000e+01,2.600000000000000000e+01,5.400000000000000000e+01
1.000000000000000000e+00,4.965822784810126400e+00,1.000000000000000000e+02,8.000000000000000000e+00,8.000000000000000000e+00,3.000000000000000000e+00,1.800000000000000000e+01
1.000000000000000000e+00,4.864683544303797902e+00,1.550000000000000000e+02,7.600000000000000000e+01,9.800000000000000000e+01,3.100000000000000000e+01,5.800000000000000000e+01
1.000000000000000000e+00,4.864683544303797902e+00,1.000000000000000000e+02,7.000000000000000000e+00,7.000000000000000000e+00,1.000000000000000000e+00,2.000000000000000000e+01
1.000000000000000000e+00,4.763544303797468515e+00,1.550000000000000000e+02,7.900000000000000000e+01,9.500000000000000000e+01,3.400000000000000000e+01,4.900000000000000000e+01
1.000000000000000000e+00,4.763544303797468515e+00,1.000000000000000000e+02,8.000000000000000000e+00,8.000000000000000000e+00,3.000000000000000000e+00,2.000000000000000000e+01
1.000000000000000000e+00,4.662405063291139129e+00,1.550000000000000000e+02,8.100000000000000000e+01,1.020000000000000000e+02,3.900000000000000000e+01,6.600000000000000000e+01
1.000000000000000000e+00,4.662405063291139129e+00,1.000000000000000000e+02,1.100000000000000000e+01,1.100000000000000000e+01,2.000000000000000000e+00,1.900000000000000000e+01
1.000000000000000000e+00,4.561265822784810631e+00,1.550000000000000000e+02,9.000000000000000000e+01,9.500000000000000000e+01,4.300000000000000000e+01,4.900000000000000000e+01
1.000000000000000000e+00,4.561265822784810631e+00,1.000000000000000000e+02,1.100000000000000000e+01,1.100000000000000000e+01,3.000000000000000000e+00,2.500000000000000000e+01
1.000000000000000000e+00,4.460126582278481244e+00,1.550000000000000000e+02,9.300000000000000000e+01,9.900000000000000000e+01,4.500000000000000000e+01,6.000000000000000000e+01
1.000000000000000000e+00,4.460126582278481244e+00,1.000000000000000000e+02,1.400000000000000000e+01,1.400000000000000000e+01,0.000000000000000000e+00,1.800000000000000000e+01
1.000000000000000000e+00,4.358987341772151858e+00,1.550000000000000000e+02,9.000000000000000000e+01,8.800000000000000000e+01,4.500000000000000000e+01,6.100000000000000000e+01
1.000000000000000000e+00,4.358987341772151858e+00,1.000000000000000000e+02,1.500000000000000000e+01,1.500000000000000000e+01,2.000000000000000000e+00,2.000000000000000000e+01
1.000000000000000000e+00,4.257848101265823360e+00,1.550000000000000000e+02,8.900000000000000000e+01,9.300000000000000000e+01,4.600000000000000000e+01,5.500000000000000000e+01
1.000000000000000000e+00,4.257848101265823360e+00,1.000000000000000000e+02,2.200000000000000000e+01,2.200000000000000000e+01,2.000000000000000000e+00,2.000000000000000000e+01
1.000000000000000000e+00,4.156708860759493973e+00,1.550000000000000000e+02,9.200000000000000000e+01,1.000000000000000000e+02,4.600000000000000000e+01,6.400000000000000000e+01
1.000000000000000000e+00,4.156708860759493973e+00,1.000000000000000000e+02,2.200000000000000000e+01,2.200000000000000000e+01,3.000000000000000000e+00,3.200000000000000000e+01
1.000000000000000000e+00,4.055569620253164587e+00,1.550000000000000000e+02,9.200000000000000000e+01,9.500000000000000000e+01,4.000000000000000000e+01,6.300000000000000000e+01
1.000000000000000000e+00,4.055569620253164587e+00,1.000000000000000000e+02,2.500000000000000000e+01,2.500000000000000000e+01,3.000000000000000000e+00,2.600000000000000000e+01
1.000000000000000000e+00,3.954430379746835644e+00,1.550000000000000000e+02,9.000000000000000000e+01,9.800000000000000000e+01,4.300000000000000000e+01,6.300000000000000000e+01
1.000000000000000000e+00,3.954430379746835644e+00,1.000000000000000000e+02,2.000000000000000000e+01,2.000000000000000000e+01,1.000000000000000000e+00,3.000000000000000000e+01
1.000000000000000000e+00,3.853291139240506258e+00,1.550000000000000000e+02,9.400000000000000000e+01,1.010000000000000000e+02,4.100000000000000000e+01,6.900000000000000000e+01
1.000000000000000000e+00,3.853291139240506258e+00,1.000000000000000000e+02,2.300000000000000000e+01,2.300000000000000000e+01,2.000000000000000000e+00,3.300000000000000000e+01
1.000000000000000000e+00,3.752151898734177315e+00,1.550000000000000000e+02,9.700000000000000000e+01,1.100000000000000000e+02,4.700000000000000000e+01,7.200000000000000000e+01
1.000000000000000000e+00,3.752151898734177315e+00,1.000000000000000000e+02,2.300000000000000000e+01,2.300000000000000000e+01,2.000000000000000000e+00,2.600000000000000000e+01
1.000000000000000000e+00,3.651012658227848373e+00,1.550000000000000000e+02,9.900000000000000000e+01,1.050000000000000000e+02,5.100000000000000000e+01,6.900000000000000000e+01
1.000000000000000000e+00,3.651012658227848373e+00,1.000000000000000000e+02,2.000000000000000000e+01,2.000000000000000000e+01,1.000000000000000000e+00,2.900000000000000000e+01
1.000000000000000000e+00,3.549873417721518987e+00,1.550000000000000000e+02,1.000000000000000000e+02,1.160000000000000000e+02,5.800000000000000000e+01,7.300000000000000000e+01
1.000000000000000000e+00,3.549873417721518987e+00,1.000000000000000000e+02,2.400000000000000000e+01,2.400000000000000000e+01,3.000000000000000000e+00,3.000000000000000000e+01
1.000000000000000000e+00,3.448734177215190044e+00,1.550000000000000000e+02,1.030000000000000000e+02,1.090000000000000000e+02,5.500000000000000000e+01,7.600000000000000000e+01
1.000000000000000000e+00,3.448734177215190044e+00,1.000000000000000000e+02,2.800000000000000000e+01,2.800000000000000000e+01,6.000000000000000000e+00,2.800000000000000000e+01
1.000000000000000000e+00,3.347594936708860658e+00,1.550000000000000000e+02,9.900000000000000000e+01,1.150000000000000000e+02,5.600000000000000000e+01,7.900000000000000000e+01
1.000000000000000000e+00,3.347594936708860658e+00,1.000000000000000000e+02,2.600000000000000000e+01,2.600000000000000000e+01,3.000000000000000000e+00,3.300000000000000000e+01
1.000000000000000000e+00,3.246455696202531715e+00,1.550000000000000000e+02,9.400000000000000000e+01,1.090000000000000000e+02,5.500000000000000000e+01,7.600000000000000000e+01
1.000000000000000000e+00,3.246455696202531715e+00,1.000000000000000000e+02,3.200000000000000000e+01,3.200000000000000000e+01,9.000000000000000000e+00,3.600000000000000000e+01
1.000000000000000000e+00,3.145316455696202773e+00,1.550000000000000000e+02,9.600000000000000000e+01,1.080000000000000000e+02,6.200000000000000000e+01,8.000000000000000000e+01
1.000000000000000000e+00,3.145316455696202773e+00,1.000000000000000000e+02,3.300000000000000000e+01,3.300000000000000000e+01,6.000000000000000000e+00,3.600000000000000000e+01
1.000000000000000000e+00,3.044177215189873387e+00,1.550000000000000000e+02,9.400000000000000000e+01,1.110000000000000000e+02,6.300000000000000000e+01,8.300000000000000000e+01
1.000000000000000000e+00,3.044177215189873387e+00,1.000000000000000000e+02,3.600000000000000000e+01,3.600000000000000000e+01,4.000000000000000000e+00,3.900000000000000000e+01
1.000000000000000000e+00,2.943037974683544444e+00,1.550000000000000000e+02,9.500000000000000000e+01,1.170000000000000000e+02,6.500000000000000000e+01,9.100000000000000000e+01
1.000000000000000000e+00,2.943037974683544444e+00,1.000000000000000000e+02,3.600000000000000000e+01,3.600000000000000000e+01,5.000000000000000000e+00,4.000000000000000000e+01
1.000000000000000000e+00,2.841898734177215058e+00,1.550000000000000000e+02,1.030000000000000000e+02,1.170000000000000000e+02,7.100000000000000000e+01,8.400000000000000000e+01
1.000000000000000000e+00,2.841898734177215058e+00,1.000000000000000000e+02,4.000000000000000000e+01,4.000000000000000000e+01,8.000000000000000000e+00,4.400000000000000000e+01
1.000000000000000000e+00,2.740759493670886116e+00,1.550000000000000000e+02,1.040000000000000000e+02,1.240000000000000000e+02,7.500000000000000000e+01,8.900000000000000000e+01
1.000000000000000000e+00,2.740759493670886116e+00,1.000000000000000000e+02,4.200000000000000000e+01,4.200000000000000000e+01,1.000000000000000000e+01,4.400000000000000000e+01
1.000000000000000000e+00,2.639620253164557173e+00,1.550000000000000000e+02,1.050000000000000000e+02,1.180000000000000000e+02,7.400000000000000000e+01,9.200000000000000000e+01
1.000000000000000000e+00,2.639620253164557173e+00,1.000000000000000000e+02,3.800000000000000000e+01,3.800000000000000000e+01,9.000000000000000000e+00,4.700000000000000000e+01
1.000000000000000000e+00,2.538481012658227787e+00,1.550000000000000000e+02,1.110000000000000000e+02,1.160000000000000000e+02,7.500000000000000000e+01,8.700000000000000000e+01
1.000000000000000000e+00,2.538481012658227787e+00,1.000000000000000000e+02,3.900000000000000000e+01,3.900000000000000000e+01,1.300000000000000000e+01,4.900000000000000000e+01
1.000000000000000000e+00,2.437341772151898844e+00,1.550000000000000000e+02,1.110000000000000000e+02,1.270000000000000000e+02,8.000000000000000000e+01,1.000000000000000000e+02
1.000000000000000000e+00,2.437341772151898844e+00,1.000000000000000000e+02,4.300000000000000000e+01,4.300000000000000000e+01,1.600000000000000000e+01,4.500000000000000000e+01
1.000000000000000000e+00,2.336202531645569458e+00,1.550000000000000000e+02,1.170000000000000000e+02,1.290000000000000000e+02,8.400000000000000000e+01,1.030000000000000000e+02
1.000000000000000000e+00,2.336202531645569458e+00,1.000000000000000000e+02,4.100000000000000000e+01,4.100000000000000000e+01,1.300000000000000000e+01,4.800000000000000000e+01
1.000000000000000000e+00,2.235063291139240516e+00,1.550000000000000000e+02,1.150000000000000000e+02,1.220000000000000000e+02,8.400000000000000000e+01,9.400000000000000000e+01
1.000000000000000000e+00,2.235063291139240516e+00,1.000000000000000000e+02,4.900000000000000000e+01,4.900000000000000000e+01,1.200000000000000000e+01,4.800000000000000000e+01
1.000000000000000000e+00,2.133924050632911573e+00,1.550000000000000000e+02,1.160000000000000000e+02,1.320000000000000000e+02,8.600000000000000000e+01,1.070000000000000000e+02
1.000000000000000000e+00,2.133924050632911573e+00,1.000000000000000000e+02,5.400000000000000000e+01,5.400000000000000000e+01,1.700000000000000000e+01,4.400000000000000000e+01
1.000000000000000000e+00,2.032784810126582187e+00,1.550000000000000000e+02,1.130000000000000000e+02,1.280000000000000000e+02,9.200000000000000000e+01,9.900000000000000000e+01
1.000000000000000000e+00,2.032784810126582187e+00,1.000000000000000000e+02,5.800000000000000000e+01,5.800000000000000000e+01,2.200000000000000000e+01,5.600000000000000000e+01
1.000000000000000000e+00,1.931645569620253244e+00,1.550000000000000000e+02,1.130000000000000000e+02,1.280000000000000000e+02,9.100000000000000000e+01,1.040000000000000000e+02
1.000000000000000000e+00,1.931645569620253244e+00,1.000000000000000000e+02,5.200000000000000000e+01,5.200000000000000000e+01,2.100000000000000000e+01,6.500000000000000000e+01
1.000000000000000000e+00,1.830506329113924302e+00,1.550000000000000000e+02,1.150000000000000000e+02,1.360000000000000000e+02,8.600000000000000000e+01,1.040000000000000000e+02
1.000000000000000000e+00,1.830506329113924302e+00,1.000000000000000000e+02,5.900000000000000000e+01,5.900000000000000000e+01,1.900000000000000000e+01,5.500000000000000000e+01
1.000000000000000000e+00,1.729367088607595138e+00,1.550000000000000000e+02,1.210000000000000000e+02,1.270000000000000000e+02,9.300000000000000000e+01,1.050000000000000000e+02
1.000000000000000000e+00,1.729367088607595138e+00,1.000000000000000000e+02,5.800000000000000000e+01,5.800000000000000000e+01,1.700000000000000000e+01,6.300000000000000000e+01
1.000000000000000000e+00,1.628227848101265973e+00,1.550000000000000000e+02,1.250000000000000000e+02,1.340000000000000000e+02,9.500000000000000000e+01,1.070000000000000000e+02
1.000000000000000000e+00,1.628227848101265973e+00,1.000000000000000000e+02,6.400000000000000000e+01,6.400000000000000000e+01,1.700000000000000000e+01,7.300000000000000000e+01
1.000000000000000000e+00,1.527088607594936809e+00,1.550000000000000000e+02,1.190000000000000000e+02,1.360000000000000000e+02,8.900000000000000000e+01,1.120000000000000000e+02
1.000000000000000000e+00,1.527088607594936809e+00,1.000000000000000000e+02,6.800000000000000000e+01,6.800000000000000000e+01,2.100000000000000000e+01,6.200000000000000000e+01
1.000000000000000000e+00,1.425949367088607644e+00,1.550000000000000000e+02,1.200000000000000000e+02,1.360000000000000000e+02,9.400000000000000000e+01,1.120000000000000000e+02
1.000000000000000000e+00,1.425949367088607644e+00,1.000000000000000000e+02,7.100000000000000000e+01,7.100000000000000000e+01,2.100000000000000000e+01,6.600000000000000000e+01
1.000000000000000000e+00,1.324810126582278702e+00,1.550000000000000000e+02,1.250000000000000000e+02,1.370000000000000000e+02,1.030000000000000000e+02,1.140000000000000000e+02
1.000000000000000000e+00,1.324810126582278702e+00,1.000000000000000000e+02,7.000000000000000000e+01,7.000000000000000000e+01,2.400000000000000000e+01,8.200000000000000000e+01
1.000000000000000000e+00,1.223670886075949538e+00,1.550000000000000000e+02,1.230000000000000000e+02,1.330000000000000000e+02,1.010000000000000000e+02,1.120000000000000000e+02
1.000000000000000000e+00,1.223670886075949538e+00,1.000000000000000000e+02,7.600000000000000000e+01,7.600000000000000000e+01,2.600000000000000000e+01,6.900000000000000000e+01
1.000000000000000000e+00,1.122531645569620373e+00,1.550000000000000000e+02,1.260000000000000000e+02,1.400000000000000000e+02,1.090000000000000000e+02,1.220000000000000000e+02
1.000000000000000000e+00,1.122531645569620373e+00,1.000000000000000000e+02,8.100000000000000000e+01,8.100000000000000000e+01,3.300000000000000000e+01,7.300000000000000000e+01
1.000000000000000000e+00,1.021392405063291209e+00,1.550000000000000000e+02,1.280000000000000000e+02,1.360000000000000000e+02,1.120000000000000000e+02,1.130000000000000000e+02
1.000000000000000000e+00,1.021392405063291209e+00,1.000000000000000000e+02,7.900000000000000000e+01,7.900000000000000000e+01,3.500000000000000000e+01,7.500000000000000000e+01
1.000000000000000000e+00,9.202531645569621555e-01,1.550000000000000000e+02,1.330000000000000000e+02,1.510000000000000000e+02,1.140000000000000000e+02,1.280000000000000000e+02
1.000000000000000000e+00,9.202531645569621555e-01,1.000000000000000000e+02,8.000000000000000000e+01,8.000000000000000000e+01,3.300000000000000000e+01,8.200000000000000000e+01
1.000000000000000000e+00,8.191139240506329910e-01,1.550000000000000000e+02,1.310000000000000000e+02,1.390000000000000000e+02,1.180000000000000000e+02,1.210000000000000000e+02
1.000000000000000000e+00,8.191139240506329910e-01,1.000000000000000000e+02,8.600000000000000000e+01,8.600000000000000000e+01,3.800000000000000000e+01,8.000000000000000000e+01
1.000000000000000000e+00,7.179746835443038266e-01,1.550000000000000000e+02,1.340000000000000000e+02,1.370000000000000000e+02,1.220000000000000000e+02,1.220000000000000000e+02
1.000000000000000000e+00,7.179746835443038266e-01,1.000000000000000000e+02,9.100000000000000000e+01,9.100000000000000000e+01,4.300000000000000000e+01,7.800000000000000000e+01
1.000000000000000000e+00,6.168354430379747733e-01,1.550000000000000000e+02,1.330000000000000000e+02,1.470000000000000000e+02,1.180000000000000000e+02,1.280000000000000000e+02
1.000000000000000000e+00,6.168354430379747733e-01,1.000000000000000000e+02,8.900000000000000000e+01,8.900000000000000000e+01,4.300000000000000000e+01,9.300000000000000000e+01
1.000000000000000000e+00,5.156962025316456089e-01,1.550000000000000000e+02,1.340000000000000000e+02,1.520000000000000000e+02,1.190000000000000000e+02,1.300000000000000000e+02
1.000000000000000000e+00,5.156962025316456089e-01,1.000000000000000000e+02,9.000000000000000000e+01,9.000000000000000000e+01,4.800000000000000000e+01,9.300000000000000000e+01
1.000000000000000000e+00,4.145569620253165000e-01,1.550000000000000000e+02,1.370000000000000000e+02,1.410000000000000000e+02,1.220000000000000000e+02,1.260000000000000000e+02
1.000000000000000000e+00,4.145569620253165000e-01,1.000000000000000000e+02,8.900000000000000000e+01,8.900000000000000000e+01,4.800000000000000000e+01,9.400000000000000000e+01
1.000000000000000000e+00,3.134177215189873911e-01,1.550000000000000000e+02,1.360000000000000000e+02,1.430000000000000000e+02,1.200000000000000000e+02,1.290000000000000000e+02
1.000000000000000000e+00,3.134177215189873911e-01,1.000000000000000000e+02,9.300000000000000000e+01,9.300000000000000000e+01,5.300000000000000000e+01,9.400000000000000000e+01
1.000000000000000000e+00,2.122784810126582544e-01,1.550000000000000000e+02,1.330000000000000000e+02,1.540000000000000000e+02,1.190000000000000000e+02,1.400000000000000000e+02
1.000000000000000000e+00,2.122784810126582544e-01,1.000000000000000000e+02,1.030000000000000000e+02,1.030000000000000000e+02,6.100000000000000000e+01,8.000000000000000000e+01
1.000000000000000000e+00,1.111392405063291178e-01,1.550000000000000000e+02,1.340000000000000000e+02,1.550000000000000000e+02,1.200000000000000000e+02,1.420000000000000000e+02
1.000000000000000000e+00,1.111392405063291178e-01,1.000000000000000000e+02,1.070000000000000000e+02,1.070000000000000000e+02,5.900000000000000000e+01,1.050000000000000000e+02
1.000000000000000000e+00,1.000000000000000021e-02,1.550000000000000000e+02,1.340000000000000000e+02,1.540000000000000000e+02,1.230000000000000000e+02,1.390000000000000000e+02
1.000000000000000000e+00,1.000000000000000021e-02,1.000000000000000000e+02,1.100000000000000000e+02,1.100000000000000000e+02,6.900000000000000000e+01,1.030000000000000000e+02
0.000000000000000000e+00,1.000000000000000000e+01,1.550000000000000000e+02,5.000000000000000000e+00,1.600000000000000000e+01,0.000000000000000000e+00,3.000000000000000000e+00
0.000000000000000000e+00,1.000000000000000000e+01,1.000000000000000000e+02,4.000000000000000000e+00,4.000000000000000000e+00,2.000000000000000000e+00,0.000000000000000000e+00
0.000000000000000000e+00,9.899090909090908497e+00,1.550000000000000000e+02,6.000000000000000000e+00,1.600000000000000000e+01,1.000000000000000000e+00,5.000000000000000000e+00
0.000000000000000000e+00,9.899090909090908497e+00,1.000000000000000000e+02,3.000000000000000000e+00,3.000000000000000000e+00,1.000000000000000000e+00,2.000000000000000000e+00
0.000000000000000000e+00,9.798181818181816993e+00,1.550000000000000000e+02,5.000000000000000000e+00,1.600000000000000000e+01,0.000000000000000000e+00,3.000000000000000000e+00
0.000000000000000000e+00,9.798181818181816993e+00,1.000000000000000000e+02,4.000000000000000000e+00,4.000000000000000000e+00,0.000000000000000000e+00,1.000000000000000000e+00
0.000000000000000000e+00,9.697272727272727266e+00,1.550000000000000000e+02,7.000000000000000000e+00,2.000000000000000000e+01,2.000000000000000000e+00,4.000000000000000000e+00
0.000000000000000000e+00,9.697272727272727266e+00,1.000000000000000000e+02,2.000000000000000000e+00,2.000000000000000000e+00,0.000000000000000000e+00,1.000000000000000000e+00
0.000000000000000000e+00,9.596363636363635763e+00,1.550000000000000000e+02,8.000000000000000000e+00,1.400000000000000000e+01,2.000000000000000000e+00,5.000000000000000000e+00
0.000000000000000000e+00,9.596363636363635763e+00,1.000000000000000000e+02,4.000000000000000000e+00,4.000000000000000000e+00,1.000000000000000000e+00,0.000000000000000000e+00
0.000000000000000000e+00,9.495454545454544260e+00,1.550000000000000000e+02,6.000000000000000000e+00,1.900000000000000000e+01,1.000000000000000000e+00,5.000000000000000000e+00
0.000000000000000000e+00,9.495454545454544260e+00,1.000000000000000000e+02,3.000000000000000000e+00,3.000000000000000000e+00,0.000000000000000000e+00,1.000000000000000000e+00
0.000000000000000000e+00,9.394545454545454533e+00,1.550000000000000000e+02,7.000000000000000000e+00,1.700000000000000000e+01,1.000000000000000000e+00,4.000000000000000000e+00
0.000000000000000000e+00,9.394545454545454533e+00,1.000000000000000000e+02,3.000000000000000000e+00,3.000000000000000000e+00,0.000000000000000000e+00,1.000000000000000000e+00
0.000000000000000000e+00,9.293636363636363029e+00,1.550000000000000000e+02,5.000000000000000000e+00,1.900000000000000000e+01,1.000000000000000000e+00,4.000000000000000000e+00
0.000000000000000000e+00,9.293636363636363029e+00,1.000000000000000000e+02,3.000000000000000000e+00,3.000000000000000000e+00,0.000000000000000000e+00,0.000000000000000000e+00
0.000000000000000000e+00,9.192727272727271526e+00,1.550000000000000000e+02,4.000000000000000000e+00,1.200000000000000000e+01,0.000000000000000000e+00,2.000000000000000000e+00
0.000000000000000000e+00,9.192727272727271526e+00,1.000000000000000000e+02,2.000000000000000000e+00,2.000000000000000000e+00,0.000000000000000000e+00,2.000000000000000000e+00
0.000000000000000000e+00,9.091818181818181799e+00,1.550000000000000000e+02,7.000000000000000000e+00,1.300000000000000000e+01,1.000000000000000000e+00,1.000000000000000000e+00
0.000000000000000000e+00,9.091818181818181799e+00,1.000000000000000000e+02,2.000000000000000000e+00,2.000000000000000000e+00,0.000000000000000000e+00,2.000000000000000000e+00
0.000000000000000000e+00,8.990909090909090295e+00,1.550000000000000000e+02,6.000000000000000000e+00,1.400000000000000000e+01,1.000000000000000000e+00,1.000000000000000000e+00
0.000000000000000000e+00,8.990909090909090295e+00,1.000000000000000000e+02,3.000000000000000000e+00,3.000000000000000000e+00,1.000000000000000000e+00,1.000000000000000000e+00
0.000000000000000000e+00,8.889999999999998792e+00,1.550000000000000000e+02,6.000000000000000000e+00,2.000000000000000000e+01,2.000000000000000000e+00,6.000000000000000000e+00
0.000000000000000000e+00,8.889999999999998792e+00,1.000000000000000000e+02,2.000000000000000000e+00,2.000000000000000000e+00,2.000000000000000000e+00,1.000000000000000000e+00
0.000000000000000000e+00,8.789090909090909065e+00,1.550000000000000000e+02,6.000000000000000000e+00,2.300000000000000000e+01,0.000000000000000000e+00,8.000000000000000000e+00
0.000000000000000000e+00,8.789090909090909065e+00,1.000000000000000000e+02,6.000000000000000000e+00,6.000000000000000000e+00,3.000000000000000000e+00,1.000000000000000000e+00
0.000000000000000000e+00,8.688181818181817562e+00,1.550000000000000000e+02,7.000000000000000000e+00,2.100000000000000000e+01,0.000000000000000000e+00,4.000000000000000000e+00
0.000000000000000000e+00,8.688181818181817562e+00,1.000000000000000000e+02,5.000000000000000000e+00,5.000000000000000000e+00,2.000000000000000000e+00,0.000000000000000000e+00
0.000000000000000000e+00,8.587272727272726058e+00,1.550000000000000000e+02,7.000000000000000000e+00,2.400000000000000000e+01,0.000000000000000000e+00,5.000000000000000000e+00
0.000000000000000000e+00,8.587272727272726058e+00,1.000000000000000000e+02,2.000000000000000000e+00,2.000000000000000000e+00,1.000000000000000000e+00,1.000000000000000000e+00
0.000000000000000000e+00,8.486363636363636331e+00,1.550000000000000000e+02,9.000000000000000000e+00,2.300000000000000000e+01,1.000000000000000000e+00,8.000000000000000000e+00
0.000000000000000000e+00,8.486363636363636331e+00,1.000000000000000000e+02,1.000000000000000000e+00,1.000000000000000000e+00,1.000000000000000000e+00,1.000000000000000000e+00
0.000000000000000000e+00,8.385454545454544828e+00,1.550000000000000000e+02,8.000000000000000000e+00,2.300000000000000000e+01,2.000000000000000000e+00,5.000000000000000000e+00
0.000000000000000000e+00,8.385454545454544828e+00,1.000000000000000000e+02,1.000000000000000000e+00,1.000000000000000000e+00,1.000000000000000000e+00,1.000000000000000000e+00
0.000000000000000000e+00,8.284545454545453325e+00,1.550000000000000000e+02,6.000000000000000000e+00,2.700000000000000000e+01,1.000000000000000000e+00,7.000000000000000000e+00
0.000000000000000000e+00,8.284545454545453325e+00,1.000000000000000000e+02,4.000000000000000000e+00,4.000000000000000000e+00,2.000000000000000000e+00,2.000000000000000000e+00
0.000000000000000000e+00,8.183636363636363598e+00,1.550000000000000000e+02,9.000000000000000000e+00,3.300000000000000000e+01,1.000000000000000000e+00,1.100000000000000000e+01
0.000000000000000000e+00,8.183636363636363598e+00,1.000000000000000000e+02,4.000000000000000000e+00,4.000000000000000000e+00,3.000000000000000000e+00,1.000000000000000000e+00
0.000000000000000000e+00,8.082727272727272094e+00,1.550000000000000000e+02,1.200000000000000000e+01,3.100000000000000000e+01,1.000000000000000000e+00,7.000000000000000000e+00
0.000000000000000000e+00,8.082727272727272094e+00,1.000000000000000000e+02,3.000000000000000000e+00,3.000000000000000000e+00,2.000000000000000000e+00,1.000000000000000000e+00
0.000000000000000000e+00,7.981818181818181479e+00,1.550000000000000000e+02,1.000000000000000000e+01,1.800000000000000000e+01,0.000000000000000000e+00,4.000000000000000000e+00
0.000000000000000000e+00,7.981818181818181479e+00,1.000000000000000000e+02,3.000000000000000000e+00,3.000000000000000000e+00,3.000000000000000000e+00,4.000000000000000000e+00
0.000000000000000000e+00,7.880909090909090864e+00,1.550000000000000000e+02,1.000000000000000000e+01,2.200000000000000000e+01,0.000000000000000000e+00,9.000000000000000000e+00
0.000000000000000000e+00,7.880909090909090864e+00,1.000000000000000000e+02,1.000000000000000000e+00,1.000000000000000000e+00,1.000000000000000000e+00,3.000000000000000000e+00
0.000000000000000000e+00,7.779999999999999361e+00,1.550000000000000000e+02,1.400000000000000000e+01,2.400000000000000000e+01,0.000000000000000000e+00,6.000000000000000000e+00
0.000000000000000000e+00,7.779999999999999361e+00,1.000000000000000000e+02,3.000000000000000000e+00,3.000000000000000000e+00,1.000000000000000000e+00,3.000000000000000000e+00
0.000000000000000000e+00,7.679090909090908745e+00,1.550000000000000000e+02,1.500000000000000000e+01,3.000000000000000000e+01,0.000000000000000000e+00,7.000000000000000000e+00
0.000000000000000000e+00,7.679090909090908745e+00,1.000000000000000000e+02,5.000000000000000000e+00,5.000000000000000000e+00,2.000000000000000000e+00,1.000000000000000000e+00
0.000000000000000000e+00,7.578181818181818130e+00,1.550000000000000000e+02,1.700000000000000000e+01,2.400000000000000000e+01,0.000000000000000000e+00,7.000000000000000000e+00
0.000000000000000000e+00,7.578181818181818130e+00,1.000000000000000000e+02,5.000000000000000000e+00,5.000000000000000000e+00,2.000000000000000000e+00,3.000000000000000000e+00
0.000000000000000000e+00,7.477272727272726627e+00,1.550000000000000000e+02,2.000000000000000000e+01,3.300000000000000000e+01,1.000000000000000000e+00,6.000000000000000000e+00
0.000000000000000000e+00,7.477272727272726627e+00,1.000000000000000000e+02,4.000000000000000000e+00,4.000000000000000000e+00,0.000000000000000000e+00,1.000000000000000000e+00
0.000000000000000000e+00,7.376363636363636012e+00,1.550000000000000000e+02,2.100000000000000000e+01,2.600000000000000000e+01,3.000000000000000000e+00,5.000000000000000000e+00
0.000000000000000000e+00,7.376363636363636012e+00,1.000000000000000000e+02,3.000000000000000000e+00,3.000000000000000000e+00,2.000000000000000000e+00,2.000000000000000000e+00
0.000000000000000000e+00,7.275454545454545396e+00,1.550000000000000000e+02,2.500000000000000000e+01,2.400000000000000000e+01,3.000000000000000000e+00,6.000000000000000000e+00
0.000000000000000000e+00,7.275454545454545396e+00,1.000000000000000000e+02,4.000000000000000000e+00,4.000000000000000000e+00,2.000000000000000000e+00,3.000000000000000000e+00
0.000000000000000000e+00,7.174545454545453893e+00,1.550000000000000000e+02,2.200000000000000000e+01,3.300000000000000000e+01,2.000000000000000000e+00,9.000000000000000000e+00
0.000000000000000000e+00,7.174545454545453893e+00,1.000000000000000000e+02,0.000000000000000000e+00,0.000000000000000000e+00,0.000000000000000000e+00,1.000000000000000000e+00
0.000000000000000000e+00,7.073636363636363278e+00,1.550000000000000000e+02,2.100000000000000000e+01,3.400000000000000000e+01,1.000000000000000000e+00,1.100000000000000000e+01
0.000000000000000000e+00,7.073636363636363278e+00,1.000000000000000000e+02,1.000000000000000000e+00,1.000000000000000000e+00,0.000000000000000000e+00,2.000000000000000000e+00
0.000000000000000000e+00,6.972727272727272663e+00,1.550000000000000000e+02,2.400000000000000000e+01,2.800000000000000000e+01,4.000000000000000000e+00,6.000000000000000000e+00
0.000000000000000000e+00,6.972727272727272663e+00,1.000000000000000000e+02,0.000000000000000000e+00,0.000000000000000000e+00,0.000000000000000000e+00,3.000000000000000000e+00
0.000000000000000000e+00,6.871818181818181159e+00,1.550000000000000000e+02,2.100000000000000000e+01,3.900000000000000000e+01,2.000000000000000000e+00,1.100000000000000000e+01
0.000000000000000000e+00,6.871818181818181159e+00,1.000000000000000000e+02,0.000000000000000000e+00,0.000000000000000000e+00,0.000000000000000000e+00,3.000000000000000000e+00
0.000000000000000000e+00,6.770909090909090544e+00,1.550000000000000000e+02,2.000000000000000000e+01,3.600000000000000000e+01,1.000000000000000000e+00,6.000000000000000000e+00
0.000000000000000000e+00,6.770909090909090544e+00,1.000000000000000000e+02,0.000000000000000000e+00,0.000000000000000000e+00,0.000000000000000000e+00,1.000000000000000000e+00
0.000000000000000000e+00,6.669999999999999929e+00,1.550000000000000000e+02,2.400000000000000000e+01,3.000000000000000000e+01,1.000000000000000000e+00,7.000000000000000000e+00
0.000000000000000000e+00,6.669999999999999929e+00,1.000000000000000000e+02,1.000000000000000000e+00,1.000000000000000000e+00,0.000000000000000000e+00,0.000000000000000000e+00
0.000000000000000000e+00,6.569090909090908426e+00,1.550000000000000000e+02,2.200000000000000000e+01,4.400000000000000000e+01,1.000000000000000000e+00,1.400000000000000000e+01
0.000000000000000000e+00,6.569090909090908426e+00,1.000000000000000000e+02,0.000000000000000000e+00,0.000000000000000000e+00,0.000000000000000000e+00,7.000000000000000000e+00
0.000000000000000000e+00,6.468181818181817810e+00,1.550000000000000000e+02,2.400000000000000000e+01,3.700000000000000000e+01,1.000000000000000000e+00,6.000000000000000000e+00
0.000000000000000000e+00,6.468181818181817810e+00,1.000000000000000000e+02,2.000000000000000000e+00,2.000000000000000000e+00,0.000000000000000000e+00,3.000000000000000000e+00
0.000000000000000000e+00,6.367272727272727195e+00,1.550000000000000000e+02,2.200000000000000000e+01,4.100000000000000000e+01,0.000000000000000000e+00,1.000000000000000000e+01
0.000000000000000000e+00,6.367272727272727195e+00,1.000000000000000000e+02,2.000000000000000000e+00,2.000000000000000000e+00,0.000000000000000000e+00,2.000000000000000000e+00
0.000000000000000000e+00,6.266363636363635692e+00,1.550000000000000000e+02,2.300000000000000000e+01,4.000000000000000000e+01,1.000000000000000000e+00,1.200000000000000000e+01
0.000000000000000000e+00,6.266363636363635692e+00,1.000000000000000000e+02,2.000000000000000000e+00,2.000000000000000000e+00,0.000000000000000000e+00,2.000000000000000000e+00
0.000000000000000000e+00,6.165454545454545077e+00,1.550000000000000000e+02,2.600000000000000000e+01,4.100000000000000000e+01,1.000000000000000000e+00,9.000000000000000000e+00
0.000000000000000000e+00,6.165454545454545077e+00,1.000000000000000000e+02,2.000000000000000000e+00,2.000000000000000000e+00,0.000000000000000000e+00,4.000000000000000000e+00
0.000000000000000000e+00,6.064545454545454461e+00,1.550000000000000000e+02,2.600000000000000000e+01,3.900000000000000000e+01,1.000000000000000000e+00,1.400000000000000000e+01
0.000000000000000000e+00,6.064545454545454461e+00,1.000000000000000000e+02,5.000000000000000000e+00,5.000000000000000000e+00,2.000000000000000000e+00,3.000000000000000000e+00
0.000000000000000000e+00,5.963636363636362958e+00,1.550000000000000000e+02,2.800000000000000000e+01,3.700000000000000000e+01,0.000000000000000000e+00,1.100000000000000000e+01
0.000000000000000000e+00,5.963636363636362958e+00,1.000000000000000000e+02,4.000000000000000000e+00,4.000000000000000000e+00,2.000000000000000000e+00,3.000000000000000000e+00
0.000000000000000000e+00,5.862727272727272343e+00,1.550000000000000000e+02,3.300000000000000000e+01,4.000000000000000000e+01,3.000000000000000000e+00,1.000000000000000000e+01
0.000000000000000000e+00,5.862727272727272343e+00,1.000000000000000000e+02,5.000000000000000000e+00,5.000000000000000000e+00,3.000000000000000000e+00,2.000000000000000000e+00
0.000000000000000000e+00,5.761818181818181728e+00,1.550000000000000000e+02,3.200000000000000000e+01,4.000000000000000000e+01,4.000000000000000000e+00,1.200000000000000000e+01
0.000000000000000000e+00,5.761818181818181728e+00,1.000000000000000000e+02,4.000000000000000000e+00,4.000000000000000000e+00,2.000000000000000000e+00,2.000000000000000000e+00
0.000000000000000000e+00,5.660909090909090224e+00,1.550000000000000000e+02,3.400000000000000000e+01,3.600000000000000000e+01,4.000000000000000000e+00,1.200000000000000000e+01
0.000000000000000000e+00,5.660909090909090224e+00,1.000000000000000000e+02,3.000000000000000000e+00,3.000000000000000000e+00,1.000000000000000000e+00,3.000000000000000000e+00
0.000000000000000000e+00,5.559999999999999609e+00,1.550000000000000000e+02,3.300000000000000000e+01,3.700000000000000000e+01,4.000000000000000000e+00,1.200000000000000000e+01
0.000000000000000000e+00,5.559999999999999609e+00,1.000000000000000000e+02,4.000000000000000000e+00,4.000000000000000000e+00,2.000000000000000000e+00,1.000000000000000000e+00
0.000000000000000000e+00,5.459090909090908994e+00,1.550000000000000000e+02,3.200000000000000000e+01,3.800000000000000000e+01,3.000000000000000000e+00,9.000000000000000000e+00
0.000000000000000000e+00,5.459090909090908994e+00,1.000000000000000000e+02,2.000000000000000000e+00,2.000000000000000000e+00,1.000000000000000000e+00,4.000000000000000000e+00
0.000000000000000000e+00,5.358181818181817491e+00,1.550000000000000000e+02,3.500000000000000000e+01,3.600000000000000000e+01,4.000000000000000000e+00,1.000000000000000000e+01
0.000000000000000000e+00,5.358181818181817491e+00,1.000000000000000000e+02,3.000000000000000000e+00,3.000000000000000000e+00,1.000000000000000000e+00,2.000000000000000000e+00
0.000000000000000000e+00,5.257272727272726875e+00,1.550000000000000000e+02,3.000000000000000000e+01,5.100000000000000000e+01,3.000000000000000000e+00,1.900000000000000000e+01
0.000000000000000000e+00,5.257272727272726875e+00,1.000000000000000000e+02,2.000000000000000000e+00,2.000000000000000000e+00,0.000000000000000000e+00,5.000000000000000000e+00
0.000000000000000000e+00,5.156363636363636260e+00,1.550000000000000000e+02,3.200000000000000000e+01,4.200000000000000000e+01,4.000000000000000000e+00,1.800000000000000000e+01
0.000000000000000000e+00,5.156363636363636260e+00,1.000000000000000000e+02,2.000000000000000000e+00,2.000000000000000000e+00,0.000000000000000000e+00,1.000000000000000000e+00
0.000000000000000000e+00,5.055454545454544757e+00,1.550000000000000000e+02,3.100000000000000000e+01,3.900000000000000000e+01,6.000000000000000000e+00,1.000000000000000000e+01
0.000000000000000000e+00,5.055454545454544757e+00,1.000000000000000000e+02,4.000000000000000000e+00,4.000000000000000000e+00,2.000000000000000000e+00,0.000000000000000000e+00
0.000000000000000000e+00,4.954545454545454142e+00,1.550000000000000000e+02,3.500000000000000000e+01,5.000000000000000000e+01,5.000000000000000000e+00,1.600000000000000000e+01
0.000000000000000000e+00,4.954545454545454142e+00,1.000000000000000000e+02,4.000000000000000000e+00,4.000000000000000000e+00,2.000000000000000000e+00,2.000000000000000000e+00
0.000000000000000000e+00,4.853636363636363527e+00,1.550000000000000000e+02,3.500000000000000000e+01,3.900000000000000000e+01,8.000000000000000000e+00,1.700000000000000000e+01
0.000000000000000000e+00,4.853636363636363527e+00,1.000000000000000000e+02,3.000000000000000000e+00,3.000000000000000000e+00,2.000000000000000000e+00,2.000000000000000000e+00
0.000000000000000000e+00,4.752727272727272023e+00,1.550000000000000000e+02,3.500000000000000000e+01,5.400000000000000000e+01,8.000000000000000000e+00,1.700000000000000000e+01
0.000000000000000000e+00,4.752727272727272023e+00,1.000000000000000000e+02,3.000000000000000000e+00,3.000000000000000000e+00,2.000000000000000000e+00,4.000000000000000000e+00
0.000000000000000000e+00,4.651818181818181408e+00,1.550000000000000000e+02,3.800000000000000000e+01,4.900000000000000000e+01,1.000000000000000000e+01,1.100000000000000000e+01
0.000000000000000000e+00,4.651818181818181408e+00,1.000000000000000000e+02,2.000000000000000000e+00,2.000000000000000000e+00,2.000000000000000000e+00,3.000000000000000000e+00
0.000000000000000000e+00,4.550909090909090793e+00,1.550000000000000000e+02,4.000000000000000000e+01,5.400000000000000000e+01,9.000000000000000000e+00,2.100000000000000000e+01
0.000000000000000000e+00,4.550909090909090793e+00,1.000000000000000000e+02,3.000000000000000000e+00,3.000000000000000000e+00,3.000000000000000000e+00,2.000000000000000000e+00
0.000000000000000000e+00,4.449999999999999289e+00,1.550000000000000000e+02,4.500000000000000000e+01,5.000000000000000000e+01,1.200000000000000000e+01,1.800000000000000000e+01
0.000000000000000000e+00,4.449999999999999289e+00,1.000000000000000000e+02,3.000000000000000000e+00,3.000000000000000000e+00,1.000000000000000000e+00,1.000000000000000000e+00
0.000000000000000000e+00,4.349090909090908674e+00,1.550000000000000000e+02,4.600000000000000000e+01,4.700000000000000000e+01,9.000000000000000000e+00,2.000000000000000000e+01
0.000000000000000000e+00,4.349090909090908674e+00,1.000000000000000000e+02,3.000000000000000000e+00,3.000000000000000000e+00,3.000000000000000000e+00,2.000000000000000000e+00
0.000000000000000000e+00,4.248181818181818059e+00,1.550000000000000000e+02,4.900000000000000000e+01,6.200000000000000000e+01,1.200000000000000000e+01,2.500000000000000000e+01
0.000000000000000000e+00,4.248181818181818059e+00,1.000000000000000000e+02,4.000000000000000000e+00,4.000000000000000000e+00,2.000000000000000000e+00,5.000000000000000000e+00
0.000000000000000000e+00,4.147272727272726556e+00,1.550000000000000000e+02,5.100000000000000000e+01,5.500000000000000000e+01,1.200000000000000000e+01,2.400000000000000000e+01
0.000000000000000000e+00,4.147272727272726556e+00,1.000000000000000000e+02,4.000000000000000000e+00,4.000000000000000000e+00,2.000000000000000000e+00,3.000000000000000000e+00
0.000000000000000000e+00,4.046363636363635941e+00,1.550000000000000000e+02,4.900000000000000000e+01,6.900000000000000000e+01,1.500000000000000000e+01,3.400000000000000000e+01
0.000000000000000000e+00,4.046363636363635941e+00,1.000000000000000000e+02,2.000000000000000000e+00,2.000000000000000000e+00,2.000000000000000000e+00,1.200000000000000000e+01
0.000000000000000000e+00,3.945454545454545325e+00,1.550000000000000000e+02,4.800000000000000000e+01,5.400000000000000000e+01,1.400000000000000000e+01,2.600000000000000000e+01
0.000000000000000000e+00,3.945454545454545325e+00,1.000000000000000000e+02,1.000000000000000000e+00,1.000000000000000000e+00,1.000000000000000000e+00,6.000000000000000000e+00
0.000000000000000000e+00,3.844545454545454266e+00,1.550000000000000000e+02,5.200000000000000000e+01,5.300000000000000000e+01,1.400000000000000000e+01,2.500000000000000000e+01
0.000000000000000000e+00,3.844545454545454266e+00,1.000000000000000000e+02,4.000000000000000000e+00,4.000000000000000000e+00,3.000000000000000000e+00,1.000000000000000000e+01
0.000000000000000000e+00,3.743636363636363207e+00,1.550000000000000000e+02,5.700000000000000000e+01,6.000000000000000000e+01,2.100000000000000000e+01,3.100000000000000000e+01
0.000000000000000000e+00,3.743636363636363207e+00,1.000000000000000000e+02,5.000000000000000000e+00,5.000000000000000000e+00,3.000000000000000000e+00,6.000000000000000000e+00
0.000000000000000000e+00,3.642727272727272592e+00,1.550000000000000000e+02,6.200000000000000000e+01,6.400000000000000000e+01,2.200000000000000000e+01,3.200000000000000000e+01
0.000000000000000000e+00,3.642727272727272592e+00,1.000000000000000000e+02,5.000000000000000000e+00,5.000000000000000000e+00,3.000000000000000000e+00,6.000000000000000000e+00
0.000000000000000000e+00,3.541818181818181532e+00,1.550000000000000000e+02,5.900000000000000000e+01,6.200000000000000000e+01,1.700000000000000000e+01,3.600000000000000000e+01
0.000000000000000000e+00,3.541818181818181532e+00,1.000000000000000000e+02,4.000000000000000000e+00,4.000000000000000000e+00,3.000000000000000000e+00,5.000000000000000000e+00
0.000000000000000000e+00,3.440909090909090473e+00,1.550000000000000000e+02,6.400000000000000000e+01,6.500000000000000000e+01,1.400000000000000000e+01,2.800000000000000000e+01
0.000000000000000000e+00,3.440909090909090473e+00,1.000000000000000000e+02,8.000000000000000000e+00,8.000000000000000000e+00,3.000000000000000000e+00,5.000000000000000000e+00
0.000000000000000000e+00,3.339999999999999858e+00,1.550000000000000000e+02,6.100000000000000000e+01,6.100000000000000000e+01,1.600000000000000000e+01,3.800000000000000000e+01
0.000000000000000000e+00,3.339999999999999858e+00,1.000000000000000000e+02,8.000000000000000000e+00,8.000000000000000000e+00,5.000000000000000000e+00,1.000000000000000000e+01
0.000000000000000000e+00,3.239090909090908799e+00,1.550000000000000000e+02,6.200000000000000000e+01,6.000000000000000000e+01,1.900000000000000000e+01,3.200000000000000000e+01
0.000000000000000000e+00,3.239090909090908799e+00,1.000000000000000000e+02,6.000000000000000000e+00,6.000000000000000000e+00,1.000000000000000000e+00,1.200000000000000000e+01
0.000000000000000000e+00,3.138181818181817739e+00,1.550000000000000000e+02,7.100000000000000000e+01,6.400000000000000000e+01,2.800000000000000000e+01,2.800000000000000000e+01
0.000000000000000000e+00,3.138181818181817739e+00,1.000000000000000000e+02,5.000000000000000000e+00,5.000000000000000000e+00,1.000000000000000000e+00,9.000000000000000000e+00
0.000000000000000000e+00,3.037272727272727124e+00,1.550000000000000000e+02,6.900000000000000000e+01,7.400000000000000000e+01,2.600000000000000000e+01,4.100000000000000000e+01
0.000000000000000000e+00,3.037272727272727124e+00,1.000000000000000000e+02,5.000000000000000000e+00,5.000000000000000000e+00,1.000000000000000000e+00,1.300000000000000000e+01
0.000000000000000000e+00,2.936363636363636065e+00,1.550000000000000000e+02,7.000000000000000000e+01,7.500000000000000000e+01,2.700000000000000000e+01,4.600000000000000000e+01
0.000000000000000000e+00,2.936363636363636065e+00,1.000000000000000000e+02,9.000000000000000000e+00,9.000000000000000000e+00,2.000000000000000000e+00,1.300000000000000000e+01
0.000000000000000000e+00,2.835454545454545006e+00,1.550000000000000000e+02,7.000000000000000000e+01,7.200000000000000000e+01,2.800000000000000000e+01,3.600000000000000000e+01
0.000000000000000000e+00,2.835454545454545006e+00,1.000000000000000000e+02,1.200000000000000000e+01,1.200000000000000000e+01,2.000000000000000000e+00,1.300000000000000000e+01
0.000000000000000000e+00,2.734545454545454390e+00,1.550000000000000000e+02,7.300000000000000000e+01,6.700000000000000000e+01,3.100000000000000000e+01,4.000000000000000000e+01
0.000000000000000000e+00,2.734545454545454390e+00,1.000000000000000000e+02,1.400000000000000000e+01,1.400000000000000000e+01,5.000000000000000000e+00,1.400000000000000000e+01
0.000000000000000000e+00,2.633636363636363331e+00,1.550000000000000000e+02,7.500000000000000000e+01,7.000000000000000000e+01,3.400000000000000000e+01,4.400000000000000000e+01
0.000000000000000000e+00,2.633636363636363331e+00,1.000000000000000000e+02,1.600000000000000000e+01,1.600000000000000000e+01,5.000000000000000000e+00,1.000000000000000000e+01
0.000000000000000000e+00,2.532727272727272272e+00,1.550000000000000000e+02,7.600000000000000000e+01,7.000000000000000000e+01,3.700000000000000000e+01,4.300000000000000000e+01
0.000000000000000000e+00,2.532727272727272272e+00,1.000000000000000000e+02,2.100000000000000000e+01,2.100000000000000000e+01,9.000000000000000000e+00,1.500000000000000000e+01
0.000000000000000000e+00,2.431818181818181657e+00,1.550000000000000000e+02,8.100000000000000000e+01,7.800000000000000000e+01,4.000000000000000000e+01,5.000000000000000000e+01
0.000000000000000000e+00,2.431818181818181657e+00,1.000000000000000000e+02,1.900000000000000000e+01,1.900000000000000000e+01,7.000000000000000000e+00,2.100000000000000000e+01
0.000000000000000000e+00,2.330909090909090597e+00,1.550000000000000000e+02,8.100000000000000000e+01,7.600000000000000000e+01,4.100000000000000000e+01,4.000000000000000000e+01
0.000000000000000000e+00,2.330909090909090597e+00,1.000000000000000000e+02,1.700000000000000000e+01,1.700000000000000000e+01,3.000000000000000000e+00,2.000000000000000000e+01
0.000000000000000000e+00,2.229999999999999538e+00,1.550000000000000000e+02,7.700000000000000000e+01,8.500000000000000000e+01,4.200000000000000000e+01,5.000000000000000000e+01
0.000000000000000000e+00,2.229999999999999538e+00,1.000000000000000000e+02,2.000000000000000000e+01,2.000000000000000000e+01,4.000000000000000000e+00,1.900000000000000000e+01
0.000000000000000000e+00,2.129090909090908923e+00,1.550000000000000000e+02,7.500000000000000000e+01,8.300000000000000000e+01,4.500000000000000000e+01,5.000000000000000000e+01
0.000000000000000000e+00,2.129090909090908923e+00,1.000000000000000000e+02,2.600000000000000000e+01,2.600000000000000000e+01,7.000000000000000000e+00,2.200000000000000000e+01
0.000000000000000000e+00,2.028181818181817864e+00,1.550000000000000000e+02,7.500000000000000000e+01,8.100000000000000000e+01,4.600000000000000000e+01,5.900000000000000000e+01
0.000000000000000000e+00,2.028181818181817864e+00,1.000000000000000000e+02,2.600000000000000000e+01,2.600000000000000000e+01,8.000000000000000000e+00,2.300000000000000000e+01
0.000000000000000000e+00,1.927272727272727249e+00,1.550000000000000000e+02,7.700000000000000000e+01,7.700000000000000000e+01,5.000000000000000000e+01,5.200000000000000000e+01
0.000000000000000000e+00,1.927272727272727249e+00,1.000000000000000000e+02,3.100000000000000000e+01,3.100000000000000000e+01,9.000000000000000000e+00,2.800000000000000000e+01
0.000000000000000000e+00,1.826363636363636411e+00,1.550000000000000000e+02,7.800000000000000000e+01,8.500000000000000000e+01,4.500000000000000000e+01,6.400000000000000000e+01
0.000000000000000000e+00,1.826363636363636411e+00,1.000000000000000000e+02,3.300000000000000000e+01,3.300000000000000000e+01,1.100000000000000000e+01,2.900000000000000000e+01
0.000000000000000000e+00,1.725454545454545352e+00,1.550000000000000000e+02,7.700000000000000000e+01,9.000000000000000000e+01,4.500000000000000000e+01,6.900000000000000000e+01
0.000000000000000000e+00,1.725454545454545352e+00,1.000000000000000000e+02,3.600000000000000000e+01,3.600000000000000000e+01,1.100000000000000000e+01,3.100000000000000000e+01
0.000000000000000000e+00,1.624545454545454515e+00,1.550000000000000000e+02,7.500000000000000000e+01,8.900000000000000000e+01,5.000000000000000000e+01,6.800000000000000000e+01
0.000000000000000000e+00,1.624545454545454515e+00,1.000000000000000000e+02,4.000000000000000000e+01,4.000000000000000000e+01,7.000000000000000000e+00,2.900000000000000000e+01
0.000000000000000000e+00,1.523636363636363678e+00,1.550000000000000000e+02,7.900000000000000000e+01,1.000000000000000000e+02,5.400000000000000000e+01,7.100000000000000000e+01
0.000000000000000000e+00,1.523636363636363678e+00,1.000000000000000000e+02,4.400000000000000000e+01,4.400000000000000000e+01,9.000000000000000000e+00,3.200000000000000000e+01
0.000000000000000000e+00,1.422727272727272618e+00,1.550000000000000000e+02,8.800000000000000000e+01,9.100000000000000000e+01,5.900000000000000000e+01,6.300000000000000000e+01
0.000000000000000000e+00,1.422727272727272618e+00,1.000000000000000000e+02,4.300000000000000000e+01,4.300000000000000000e+01,1.000000000000000000e+01,3.200000000000000000e+01
0.000000000000000000e+00,1.321818181818181781e+00,1.550000000000000000e+02,9.100000000000000000e+01,1.030000000000000000e+02,5.900000000000000000e+01,6.600000000000000000e+01
0.000000000000000000e+00,1.321818181818181781e+00,1.000000000000000000e+02,4.800000000000000000e+01,4.800000000000000000e+01,1.600000000000000000e+01,3.200000000000000000e+01
0.000000000000000000e+00,1.220909090909090944e+00,1.550000000000000000e+02,9.600000000000000000e+01,1.130000000000000000e+02,6.700000000000000000e+01,9.100000000000000000e+01
0.000000000000000000e+00,1.220909090909090944e+00,1.000000000000000000e+02,4.600000000000000000e+01,4.600000000000000000e+01,1.500000000000000000e+01,4.800000000000000000e+01
0.000000000000000000e+00,1.119999999999999885e+00,1.550000000000000000e+02,9.800000000000000000e+01,1.040000000000000000e+02,6.800000000000000000e+01,8.100000000000000000e+01
0.000000000000000000e+00,1.119999999999999885e+00,1.000000000000000000e+02,4.700000000000000000e+01,4.700000000000000000e+01,1.500000000000000000e+01,4.100000000000000000e+01
0.000000000000000000e+00,1.019090909090909047e+00,1.550000000000000000e+02,1.030000000000000000e+02,1.120000000000000000e+02,8.200000000000000000e+01,8.800000000000000000e+01
0.000000000000000000e+00,1.019090909090909047e+00,1.000000000000000000e+02,4.400000000000000000e+01,4.400000000000000000e+01,1.700000000000000000e+01,5.300000000000000000e+01
0.000000000000000000e+00,9.181818181818182101e-01,1.550000000000000000e+02,1.040000000000000000e+02,1.200000000000000000e+02,8.600000000000000000e+01,9.800000000000000000e+01
0.000000000000000000e+00,9.181818181818182101e-01,1.000000000000000000e+02,4.600000000000000000e+01,4.600000000000000000e+01,1.600000000000000000e+01,5.200000000000000000e+01
0.000000000000000000e+00,8.172727272727272618e-01,1.550000000000000000e+02,1.060000000000000000e+02,1.130000000000000000e+02,9.000000000000000000e+01,9.300000000000000000e+01
0.000000000000000000e+00,8.172727272727272618e-01,1.000000000000000000e+02,5.300000000000000000e+01,5.300000000000000000e+01,2.100000000000000000e+01,6.100000000000000000e+01
0.000000000000000000e+00,7.163636363636363136e-01,1.550000000000000000e+02,1.110000000000000000e+02,1.220000000000000000e+02,9.600000000000000000e+01,9.500000000000000000e+01
0.000000000000000000e+00,7.163636363636363136e-01,1.000000000000000000e+02,5.600000000000000000e+01,5.600000000000000000e+01,2.500000000000000000e+01,5.800000000000000000e+01
0.000000000000000000e+00,6.154545454545454763e-01,1.550000000000000000e+02,1.110000000000000000e+02,1.170000000000000000e+02,9.800000000000000000e+01,1.010000000000000000e+02
0.000000000000000000e+00,6.154545454545454763e-01,1.000000000000000000e+02,6.700000000000000000e+01,6.700000000000000000e+01,2.900000000000000000e+01,6.700000000000000000e+01
0.000000000000000000e+00,5.145454545454545281e-01,1.550000000000000000e+02,1.190000000000000000e+02,1.260000000000000000e+02,1.020000000000000000e+02,1.080000000000000000e+02
0.000000000000000000e+00,5.145454545454545281e-01,1.000000000000000000e+02,6.800000000000000000e+01,6.800000000000000000e+01,2.800000000000000000e+01,6.700000000000000000e+01
0.000000000000000000e+00,4.136363636363636354e-01,1.550000000000000000e+02,1.200000000000000000e+02,1.330000000000000000e+02,1.070000000000000000e+02,1.140000000000000000e+02
0.000000000000000000e+00,4.136363636363636354e-01,1.000000000000000000e+02,7.100000000000000000e+01,7.100000000000000000e+01,3.700000000000000000e+01,7.500000000000000000e+01
0.000000000000000000e+00,3.127272727272727426e-01,1.550000000000000000e+02,1.230000000000000000e+02,1.310000000000000000e+02,1.080000000000000000e+02,1.170000000000000000e+02
0.000000000000000000e+00,3.127272727272727426e-01,1.000000000000000000e+02,7.800000000000000000e+01,7.800000000000000000e+01,4.300000000000000000e+01,8.100000000000000000e+01
0.000000000000000000e+00,2.118181818181818221e-01,1.550000000000000000e+02,1.280000000000000000e+02,1.440000000000000000e+02,1.130000000000000000e+02,1.310000000000000000e+02
0.000000000000000000e+00,2.118181818181818221e-01,1.000000000000000000e+02,9.400000000000000000e+01,9.400000000000000000e+01,5.100000000000000000e+01,8.200000000000000000e+01
0.000000000000000000e+00,1.109090909090909016e-01,1.550000000000000000e+02,1.350000000000000000e+02,1.500000000000000000e+02,1.220000000000000000e+02,1.320000000000000000e+02
0.000000000000000000e+00,1.109090909090909016e-01,1.000000000000000000e+02,9.400000000000000000e+01,9.400000000000000000e+01,5.300000000000000000e+01,9.200000000000000000e+01
0.000000000000000000e+00,1.000000000000000021e-02,1.550000000000000000e+02,1.280000000000000000e+02,1.550000000000000000e+02,1.140000000000000000e+02,1.420000000000000000e+02
0.000000000000000000e+00,1.000000000000000021e-02,1.000000000000000000e+02,1.090000000000000000e+02,1.090000000000000000e+02,6.200000000000000000e+01,1.120000000000000000e+02
